a,e,i,RAAN,argp,nu
6.7781e+06,0.001,1.69367,0,0,0
6.7781e+06,0.000999676,1.69367,0,0.0163346,6.27819
6.77809e+06,0.000998704,1.69367,0,0.0326743,6.27318
6.77808e+06,0.000997085,1.69367,0,0.0490241,6.26817
6.77806e+06,0.00099482,1.69367,1.49012e-08,0.0653893,6.26314
6.77804e+06,0.00099191,1.69367,1.49012e-08,0.0817749,6.25809
6.77801e+06,0.000988355,1.69367,3.94248e-08,0.0981865,6.25302
6.77798e+06,0.000984159,1.69367,5.96046e-08,0.114629,6.24791
6.77794e+06,0.000979322,1.69367,8.81565e-08,0.131109,6.24277
6.7779e+06,0.000973848,1.69367,1.25559e-07,0.147632,6.23758
6.77785e+06,0.00096774,1.69367,1.70552e-07,0.164204,6.23234
6.7778e+06,0.000960999,1.69367,2.27456e-07,0.180832,6.22705
6.77775e+06,0.000953631,1.69367,2.95404e-07,0.197521,6.2217
6.77768e+06,0.000945638,1.69367,3.74906e-07,0.214281,6.21628
6.77762e+06,0.000937025,1.69367,4.67906e-07,0.231117,6.21078
6.77755e+06,0.000927796,1.69367,5.74999e-07,0.248038,6.20519
6.77747e+06,0.000917955,1.69367,6.97177e-07,0.265054,6.19951
6.77739e+06,0.000907509,1.69367,8.35662e-07,0.282172,6.19373
6.77731e+06,0.000896462,1.69367,9.91123e-07,0.299404,6.18783
6.77722e+06,0.00088482,1.69368,1.16449e-06,0.31676,6.18181
6.77713e+06,0.00087259,1.69368,1.35691e-06,0.334252,6.17566
6.77703e+06,0.000859777,1.69368,1.56909e-06,0.351893,6.16935
6.77693e+06,0.000846389,1.69368,1.80218e-06,0.369697,6.16288
6.77682e+06,0.000832433,1.69368,2.05679e-06,0.38768,6.15624
6.77671e+06,0.000817916,1.69368,2.33411e-06,0.405859,6.14939
6.77659e+06,0.000802848,1.69368,2.63489e-06,0.424253,6.14234
6.77648e+06,0.000787235,1.69368,2.96008e-06,0.442883,6.13504
6.77635e+06,0.000771087,1.69368,3.31044e-06,0.461773,6.12749
6.77622e+06,0.000754414,1.69368,3.68689e-06,0.480949,6.11965
6.77609e+06,0.000737226,1.69369,4.09023e-06,0.500441,6.11149
6.77596e+06,0.000719532,1.69369,4.52129e-06,0.520282,6.10298
6.77582e+06,0.000701344,1.69369,4.98091e-06,0.540511,6.09409
6.77568e+06,0.000682673,1.69369,5.46986e-06,0.56117,6.08477
6.77553e+06,0.000663532,1.69369,5.98891e-06,0.582309,6.07496
6.77538e+06,0.000643934,1.69369,6.53881e-06,0.603985,6.06462
6.77523e+06,0.000623894,1.69369,7.12037e-06,0.626263,6.05368
6.77507e+06,0.000603425,1.6937,7.73425e-06,0.64922,6.04206
6.77491e+06,0.000582546,1.6937,8.38118e-06,0.672944,6.02967
6.77474e+06,0.000561273,1.6937,9.06189e-06,0.697541,6.0164
6.77458e+06,0.000539625,1.6937,9.77705e-06,0.723132,6.00215
6.77441e+06,0.000517626,1.6937,1.05273e-05,0.749867,5.98675
6.77423e+06,0.000495298,1.6937,1.13133e-05,0.77792,5.97003
6.77406e+06,0.000472669,1.6937,1.21357e-05,0.807504,5.95178
6.77388e+06,0.00044977,1.69371,1.2995e-05,0.838879,5.93174
6.7737e+06,0.000426638,1.69371,1.3892e-05,0.872362,5.90959
6.77351e+06,0.000403316,1.69371,1.48271e-05,0.908345,5.88494
6.77333e+06,0.000379856,1.69371,1.58008e-05,0.947322,5.8573
6.77314e+06,0.000356321,1.69371,1.68138e-05,0.989912,5.82604
6.77294e+06,0.000332789,1.69371,1.78666e-05,1.0369,5.79038
6.77275e+06,0.000309361,1.69372,1.89596e-05,1.08931,5.74931
6.77255e+06,0.000286168,1.69372,2.00932e-05,1.14843,5.70152
6.77235e+06,0.000263382,1.69372,2.1268e-05,1.21597,5.64531
6.77215e+06,0.000241234,1.69372,2.24844e-05,1.29411,5.57851
6.77195e+06,0.000220041,1.69372,2.37428e-05,1.38563,5.49833
6.77175e+06,0.000200236,1.69373,2.50435e-05,1.49389,5.40139
6.77154e+06,0.000182408,1.69373,2.63869e-05,1.62268,5.28394
6.77134e+06,0.000167332,1.69373,2.77734e-05,1.77532,5.14263
6.77113e+06,0.000155954,1.69373,2.92033e-05,1.95298,4.9763
6.77092e+06,0.000149265,1.69373,3.06769e-05,2.15209,4.78852
6.7707e+06,0.000148036,1.69373,3.21945e-05,2.36269,4.58926
6.77049e+06,0.00015252,1.69374,3.37562e-05,2.5704,4.39288
6.77028e+06,0.000162351,1.69374,3.53624e-05,2.76204,4.21257
6.77006e+06,0.000176726,1.69374,3.70133e-05,2.93013,4.05582
6.76985e+06,0.000194715,1.69374,3.87089e-05,3.07323,3.92404
6.76963e+06,0.000215472,1.69374,4.04496e-05,3.19364,3.81496
6.76942e+06,0.000238323,1.69375,4.22354e-05,3.295,3.72494
6.7692e+06,0.000262758,1.69375,4.40664e-05,3.38098,3.65029
6.76898e+06,0.000288403,1.69375,4.59428e-05,3.45474,3.58786
6.76877e+06,0.000314983,1.69375,4.78645e-05,3.51881,3.53512
6.76855e+06,0.000342295,1.69375,4.98317e-05,3.57518,3.49008
6.76833e+06,0.000370185,1.69376,5.18444e-05,3.62537,3.45122
6.76811e+06,0.000398535,1.69376,5.39025e-05,3.67058,3.41734
6.7679e+06,0.000427255,1.69376,5.60061e-05,3.71171,3.38754
6.76768e+06,0.000456271,1.69376,5.81551e-05,3.74949,3.36109
6.76746e+06,0.000485522,1.69376,6.03493e-05,3.78448,3.33743
6.76725e+06,0.00051496,1.69377,6.25888e-05,3.81714,3.3161
6.76703e+06,0.000544541,1.69377,6.48734e-05,3.84782,3.29675
6.76682e+06,0.000574229,1.69377,6.7203e-05,3.87681,3.27909
6.7666e+06,0.000603992,1.69377,6.95773e-05,3.90436,3.26287
6.76639e+06,0.000633801,1.69377,7.19963e-05,3.93067,3.24789
6.76618e+06,0.000663631,1.69378,7.44596e-05,3.9559,3.23399
6.76597e+06,0.000693457,1.69378,7.69671e-05,3.98018,3.22104
6.76576e+06,0.000723257,1.69378,7.95185e-05,4.00363,3.20892
6.76555e+06,0.000753012,1.69378,8.21135e-05,4.02635,3.19753
6.76534e+06,0.000782701,1.69378,8.47519e-05,4.04842,3.18679
6.76514e+06,0.000812306,1.69379,8.74332e-05,4.06991,3.17662
6.76494e+06,0.00084181,1.69379,9.01572e-05,4.09089,3.16697
6.76474e+06,0.000871195,1.69379,9.29234e-05,4.11141,3.15777
6.76454e+06,0.000900447,1.69379,9.57316e-05,4.13152,3.149
6.76434e+06,0.000929549,1.69379,9.85812e-05,4.15125,3.14059
6.76414e+06,0.000958486,1.69379,0.000101472,4.17064,3.13253
6.76395e+06,0.000987243,1.6938,0.000104403,4.18973,3.12477
6.76376e+06,0.00101581,1.6938,0.000107375,4.20854,3.11728
6.76357e+06,0.00104416,1.6938,0.000110386,4.2271,3.11006
6.76339e+06,0.0010723,1.6938,0.000113436,4.24542,3.10306
6.76321e+06,0.0011002,1.6938,0.000116524,4.26353,3.09627
6.76303e+06,0.00112785,1.69381,0.000119651,4.28145,3.08968
6.76285e+06,0.00115524,1.69381,0.000122815,4.2992,3.08326
6.76267e+06,0.00118236,1.69381,0.000126016,4.31678,3.07701
6.7625e+06,0.0012092,1.69381,0.000129253,4.33421,3.0709
6.76233e+06,0.00123574,1.69381,0.000132526,4.3515,3.06494
6.76217e+06,0.00126197,1.69381,0.000135833,4.36866,3.0591
6.76201e+06,0.00128788,1.69381,0.000139175,4.38571,3.05338
6.76185e+06,0.00131346,1.69382,0.000142551,4.40265,3.04776
6.76169e+06,0.0013387,1.69382,0.000145959,4.41949,3.04225
6.76154e+06,0.00136358,1.69382,0.0001494,4.43624,3.03682
6.76139e+06,0.00138811,1.69382,0.000152872,4.4529,3.03149
6.76125e+06,0.00141226,1.69382,0.000156374,4.46948,3.02623
6.76111e+06,0.00143603,1.69382,0.000159907,4.486,3.02104
6.76097e+06,0.00145941,1.69382,0.000163468,4.50244,3.01592
6.76084e+06,0.00148238,1.69383,0.000167058,4.51882,3.01086
6.76071e+06,0.00150495,1.69383,0.000170676,4.53515,3.00586
6.76059e+06,0.00152709,1.69383,0.00017432,4.55142,3.00092
6.76046e+06,0.00154881,1.69383,0.000177989,4.56764,2.99602
6.76035e+06,0.00157009,1.69383,0.000181684,4.58382,2.99116
6.76023e+06,0.00159092,1.69383,0.000185403,4.59996,2.98635
6.76013e+06,0.00161131,1.69383,0.000189145,4.61606,2.98157
6.76002e+06,0.00163123,1.69383,0.000192909,4.63213,2.97683
6.75992e+06,0.00165068,1.69383,0.000196695,4.64816,2.97211
6.75983e+06,0.00166966,1.69383,0.000200501,4.66417,2.96743
6.75974e+06,0.00168816,1.69384,0.000204327,4.68015,2.96277
6.75965e+06,0.00170616,1.69384,0.000208172,4.69611,2.95814
6.75957e+06,0.00172368,1.69384,0.000212034,4.71205,2.95352
6.75949e+06,0.00174069,1.69384,0.000215913,4.72797,2.94892
6.75942e+06,0.00175719,1.69384,0.000219807,4.74387,2.94434
6.75935e+06,0.00177319,1.69384,0.000223716,4.75976,2.93977
6.75929e+06,0.00178866,1.69384,0.00022764,4.77564,2.93522
6.75923e+06,0.00180361,1.69384,0.000231575,4.79151,2.93067
6.75917e+06,0.00181804,1.69384,0.000235523,4.80737,2.92613
6.75912e+06,0.00183193,1.69384,0.000239482,4.82322,2.9216
6.75908e+06,0.00184529,1.69384,0.00024345,4.83907,2.91707
6.75904e+06,0.0018581,1.69384,0.000247427,4.85492,2.91254
6.75901e+06,0.00187038,1.69384,0.000251412,4.87077,2.90801
6.75898e+06,0.0018821,1.69384,0.000255404,4.88662,2.90349
6.75895e+06,0.00189328,1.69384,0.000259401,4.90247,2.89896
6.75893e+06,0.0019039,1.69384,0.000263404,4.91832,2.89443
6.75892e+06,0.00191397,1.69384,0.00026741,4.93418,2.88989
6.7589e+06,0.00192348,1.69384,0.000271418,4.95004,2.88534
6.7589e+06,0.00193243,1.69384,0.000275428,4.96591,2.88079
6.7589e+06,0.00194083,1.69384,0.000279439,4.98179,2.87623
6.7589e+06,0.00194865,1.69384,0.000283449,4.99769,2.87166
6.75891e+06,0.00195592,1.69384,0.000287458,5.01359,2.86708
6.75893e+06,0.00196262,1.69384,0.000291464,5.02951,2.86248
6.75895e+06,0.00196876,1.69384,0.000295467,5.04544,2.85787
6.75897e+06,0.00197433,1.69384,0.000299465,5.06138,2.85324
6.759e+06,0.00197933,1.69384,0.000303458,5.07734,2.8486
6.75903e+06,0.00198377,1.69384,0.000307444,5.09332,2.84394
6.75907e+06,0.00198765,1.69384,0.000311423,5.10932,2.83926
6.75911e+06,0.00199097,1.69384,0.000315392,5.12534,2.83456
6.75916e+06,0.00199372,1.69384,0.000319353,5.14138,2.82984
6.75922e+06,0.00199591,1.69384,0.000323302,5.15744,2.8251
6.75927e+06,0.00199755,1.69384,0.00032724,5.17353,2.82033
6.75934e+06,0.00199862,1.69384,0.000331165,5.18964,2.81554
6.7594e+06,0.00199914,1.69384,0.000335077,5.20577,2.81072
6.75948e+06,0.00199911,1.69384,0.000338974,5.22193,2.80588
6.75955e+06,0.00199853,1.69384,0.000342855,5.23812,2.80101
6.75963e+06,0.00199741,1.69384,0.00034672,5.25434,2.79611
6.75972e+06,0.00199574,1.69384,0.000350567,5.27059,2.79117
6.75981e+06,0.00199353,1.69383,0.000354396,5.28687,2.78621
6.7599e+06,0.00199079,1.69383,0.000358205,5.30319,2.78122
6.76e+06,0.00198751,1.69383,0.000361994,5.31953,2.77619
6.7601e+06,0.00198371,1.69383,0.000365762,5.33591,2.77113
6.76021e+06,0.00197939,1.69383,0.000369508,5.35233,2.76603
6.76032e+06,0.00197454,1.69383,0.000373231,5.36878,2.76089
6.76044e+06,0.00196919,1.69383,0.000376929,5.38527,2.75572
6.76056e+06,0.00196332,1.69383,0.000380603,5.4018,2.75051
6.76068e+06,0.00195696,1.69383,0.000384252,5.41837,2.74525
6.76081e+06,0.0019501,1.69383,0.000387874,5.43498,2.73996
6.76094e+06,0.00194274,1.69382,0.000391468,5.45163,2.73462
6.76108e+06,0.0019349,1.69382,0.000395035,5.46833,2.72924
6.76122e+06,0.00192659,1.69382,0.000398572,5.48507,2.72382
6.76136e+06,0.0019178,1.69382,0.00040208,5.50186,2.71835
6.76151e+06,0.00190855,1.69382,0.000405557,5.51869,2.71283
6.76166e+06,0.00189884,1.69382,0.000409003,5.53558,2.70727
6.76181e+06,0.00188868,1.69382,0.000412417,5.55251,2.70165
6.76197e+06,0.00187808,1.69381,0.000415799,5.56949,2.69598
6.76213e+06,0.00186704,1.69381,0.000419147,5.58653,2.69026
6.7623e+06,0.00185557,1.69381,0.000422461,5.60361,2.68449
6.76246e+06,0.00184369,1.69381,0.00042574,5.62076,2.67867
6.76263e+06,0.00183139,1.69381,0.000428983,5.63796,2.67278
6.76281e+06,0.00181868,1.69381,0.000432191,5.65521,2.66684
6.76298e+06,0.00180558,1.69381,0.000435362,5.67252,2.66085
6.76316e+06,0.0017921,1.6938,0.000438496,5.6899,2.65479
6.76334e+06,0.00177824,1.6938,0.000441592,5.70733,2.64867
6.76353e+06,0.001764,1.6938,0.000444649,5.72483,2.64249
6.76371e+06,0.00174941,1.6938,0.000447668,5.74239,2.63624
6.7639e+06,0.00173446,1.6938,0.000450647,5.76002,2.62993
6.7641e+06,0.00171918,1.6938,0.000453586,5.77771,2.62356
6.76429e+06,0.00170355,1.69379,0.000456485,5.79547,2.61711
6.76449e+06,0.00168761,1.69379,0.000459343,5.8133,2.6106
6.76468e+06,0.00167135,1.69379,0.000462159,5.8312,2.60401
6.76488e+06,0.00165479,1.69379,0.000464934,5.84917,2.59736
6.76509e+06,0.00163793,1.69379,0.000467667,5.86722,2.59063
6.76529e+06,0.00162078,1.69378,0.000470357,5.88534,2.58382
6.76549e+06,0.00160337,1.69378,0.000473005,5.90354,2.57694
6.7657e+06,0.00158568,1.69378,0.000475609,5.92181,2.56997
6.76591e+06,0.00156774,1.69378,0.00047817,5.94017,2.56293
6.76612e+06,0.00154955,1.69378,0.000480687,5.95861,2.55581
6.76633e+06,0.00153113,1.69377,0.00048316,5.97713,2.5486
6.76654e+06,0.00151248,1.69377,0.000485588,5.99573,2.54131
6.76676e+06,0.00149362,1.69377,0.000487973,6.01442,2.53394
6.76697e+06,0.00147455,1.69377,0.000490312,6.0332,2.52647
6.76718e+06,0.00145529,1.69377,0.000492607,6.05207,2.51892
6.7674e+06,0.00143584,1.69377,0.000494857,6.07103,2.51128
6.76761e+06,0.00141621,1.69376,0.000497062,6.09008,2.50354
6.76783e+06,0.00139642,1.69376,0.000499221,6.10922,2.49571
6.76805e+06,0.00137648,1.69376,0.000501336,6.12847,2.48778
6.76826e+06,0.00135639,1.69376,0.000503405,6.1478,2.47976
6.76848e+06,0.00133616,1.69376,0.000505428,6.16724,2.47164
6.7687e+06,0.00131581,1.69375,0.000507407,6.18678,2.46341
6.76891e+06,0.00129535,1.69375,0.00050934,6.20642,2.45509
6.76913e+06,0.00127477,1.69375,0.000511227,6.22616,2.44666
6.76935e+06,0.0012541,1.69375,0.00051307,6.24601,2.43812
6.76956e+06,0.00123335,1.69375,0.000514867,6.26597,2.42948
6.76978e+06,0.00121252,1.69374,0.00051662,0.00285024,2.42073
6.76999e+06,0.00119162,1.69374,0.000518327,0.0230254,2.41187
6.77021e+06,0.00117066,1.69374,0.000519989,0.0433122,2.40289
6.77042e+06,0.00114965,1.69374,0.000521607,0.0637121,2.39381
6.77063e+06,0.00112861,1.69374,0.000523181,0.0842265,2.38461
6.77084e+06,0.00110753,1.69373,0.000524711,0.104857,2.37529
6.77105e+06,0.00108643,1.69373,0.000526196,0.125605,2.36586
6.77126e+06,0.00106531,1.69373,0.000527638,0.146471,2.35631
6.77147e+06,0.00104419,1.69373,0.000529037,0.167457,2.34663
6.77167e+06,0.00102307,1.69373,0.000530392,0.188565,2.33684
6.77188e+06,0.00100197,1.69372,0.000531705,0.209794,2.32692
6.77208e+06,0.000980879,1.69372,0.000532976,0.231147,2.31689
6.77228e+06,0.000959817,1.69372,0.000534204,0.252624,2.30672
6.77248e+06,0.000938788,1.69372,0.000535391,0.274226,2.29643
6.77267e+06,0.0009178,1.69372,0.000536537,0.295953,2.28602
6.77287e+06,0.00089686,1.69372,0.000537642,0.317807,2.27548
6.77306e+06,0.000875974,1.69371,0.000538707,0.339788,2.26481
6.77325e+06,0.000855149,1.69371,0.000539732,0.361896,2.25402
6.77344e+06,0.000834391,1.69371,0.000540718,0.384131,2.2431
6.77362e+06,0.000813706,1.69371,0.000541665,0.406494,2.23205
6.7738e+06,0.0007931,1.69371,0.000542574,0.428983,2.22087
6.77398e+06,0.000772577,1.69371,0.000543445,0.451599,2.20957
6.77416e+06,0.000752143,1.6937,0.00054428,0.474341,2.19814
6.77433e+06,0.000731803,1.6937,0.000545077,0.497208,2.18659
6.7745e+06,0.000711561,1.6937,0.000545839,0.520199,2.17491
6.77467e+06,0.000691421,1.6937,0.000546566,0.543313,2.16311
6.77484e+06,0.000671388,1.6937,0.000547258,0.566546,2.15119
6.775e+06,0.000651463,1.6937,0.000547916,0.589898,2.13916
6.77515e+06,0.000631652,1.69369,0.000548541,0.613365,2.127
6.77531e+06,0.000611955,1.69369,0.000549134,0.636945,2.11474
6.77546e+06,0.000592377,1.69369,0.000549695,0.660633,2.10236
6.77561e+06,0.000572918,1.69369,0.000550224,0.684426,2.08988
6.77575e+06,0.000553581,1.69369,0.000550724,0.708318,2.0773
6.77589e+06,0.000534366,1.69369,0.000551194,0.732305,2.06463
6.77603e+06,0.000515276,1.69369,0.000551635,0.756379,2.05187
6.77616e+06,0.00049631,1.69369,0.000552049,0.780532,2.03903
6.77629e+06,0.000477469,1.69368,0.000552435,0.804758,2.02612
6.77641e+06,0.000458753,1.69368,0.000552795,0.829045,2.01314
6.77653e+06,0.000440161,1.69368,0.000553129,0.853383,2.00012
6.77665e+06,0.000421692,1.69368,0.000553439,0.877758,1.98706
6.77676e+06,0.000403346,1.69368,0.000553725,0.902155,1.97398
6.77687e+06,0.000385121,1.69368,0.000553989,0.926558,1.96089
6.77697e+06,0.000367014,1.69368,0.00055423,0.950945,1.94781
6.77707e+06,0.000349025,1.69368,0.00055445,0.975293,1.93478
6.77716e+06,0.000331149,1.69368,0.00055465,0.999573,1.92181
6.77726e+06,0.000313385,1.69368,0.000554831,1.02375,1.90895
6.77734e+06,0.00029573,1.69367,0.000554994,1.04778,1.89623
6.77742e+06,0.000278179,1.69367,0.000555139,1.07162,1.8837
6.7775e+06,0.00026073,1.69367,0.000555267,1.0952,1.87144
6.77757e+06,0.000243378,1.69367,0.000555381,1.11844,1.85951
6.77764e+06,0.00022612,1.69367,0.000555479,1.14124,1.84802
6.7777e+06,0.000208951,1.69367,0.000555565,1.16347,1.83711
6.77776e+06,0.000191868,1.69367,0.000555637,1.18495,1.82694
6.77781e+06,0.000174867,1.69367,0.000555698,1.20543,1.81778
6.77786e+06,0.000157945,1.69367,0.000555749,1.22457,1.80995
6.7779e+06,0.000141098,1.69367,0.00055579,1.24186,1.80397
6.77794e+06,0.000124326,1.69367,0.000555822,1.25654,1.80061
6.77798e+06,0.000107631,1.69367,0.000555847,1.26736,1.8011
6.77801e+06,9.10207e-05,1.69367,0.000555865,1.2722,1.80758
6.77803e+06,7.45156e-05,1.69367,0.000555878,1.26707,1.82401
6.77805e+06,5.81657e-05,1.69367,0.000555886,1.24361,1.85879
6.77807e+06,4.21082e-05,1.69367,0.00055589,1.18095,1.93276
6.77808e+06,2.68207e-05,1.69367,0.000555892,1.01203,2.113
6.77808e+06,1.48368e-05,1.69367,0.000555893,0.452679,2.68366
6.77808e+06,1.65676e-05,1.69367,0.000555893,5.65195,3.77889
6.77807e+06,2.9705e-05,1.69367,0.000555893,5.21528,4.22688
6.77806e+06,4.52185e-05,1.69367,0.000555896,5.07798,4.37548
6.77805e+06,6.13456e-05,1.69367,0.0005559,5.02593,4.43885
6.77803e+06,7.77226e-05,1.69367,0.000555909,5.00713,4.46896
6.77801e+06,9.42386e-05,1.69367,0.000555922,5.00444,4.48297
6.77798e+06,0.000110852,1.69367,0.00055594,5.01071,4.48802
6.77794e+06,0.000127545,1.69367,0.000555966,5.02243,4.4876
6.7779e+06,0.000144312,1.69367,0.000555998,5.03772,4.48363
6.77786e+06,0.000161152,1.69367,0.00055604,5.05545,4.47721
6.77781e+06,0.000178066,1.69367,0.000556091,5.07491,4.46906
6.77776e+06,0.000195057,1.69367,0.000556153,5.09564,4.45965
6.7777e+06,0.000212128,1.69367,0.000556227,5.11731,4.44929
6.77763e+06,0.000229284,1.69367,0.000556313,5.13969,4.43822
6.77757e+06,0.000246528,1.69367,0.000556413,5.16262,4.42661
6.77749e+06,0.000263864,1.69367,0.000556527,5.18597,4.41457
6.77742e+06,0.000281297,1.69367,0.000556657,5.20965,4.40221
6.77734e+06,0.000298831,1.69367,0.000556803,5.23356,4.38961
6.77725e+06,0.000316468,1.69368,0.000556967,5.25767,4.37681
6.77716e+06,0.000334213,1.69368,0.000557149,5.28191,4.36389
6.77706e+06,0.000352068,1.69368,0.000557351,5.30625,4.35086
6.77696e+06,0.000370036,1.69368,0.000557572,5.33065,4.33777
6.77686e+06,0.000388121,1.69368,0.000557815,5.35509,4.32465
6.77675e+06,0.000406323,1.69368,0.00055808,5.37954,4.31151
6.77664e+06,0.000424645,1.69368,0.000558368,5.40398,4.29839
6.77652e+06,0.000443089,1.69368,0.00055868,5.4284,4.28528
6.7764e+06,0.000461655,1.69368,0.000559016,5.45277,4.27222
6.77628e+06,0.000480345,1.69368,0.000559378,5.4771,4.25921
6.77615e+06,0.000499159,1.69369,0.000559766,5.50136,4.24626
6.77602e+06,0.000518097,1.69369,0.000560181,5.52555,4.23338
6.77588e+06,0.000537159,1.69369,0.000560624,5.54966,4.22058
6.77574e+06,0.000556344,1.69369,0.000561096,5.57368,4.20788
6.7756e+06,0.000575651,1.69369,0.000561598,5.59761,4.19526
6.77545e+06,0.000595079,1.69369,0.00056213,5.62144,4.18275
6.7753e+06,0.000614626,1.69369,0.000562693,5.64516,4.17034
6.77514e+06,0.00063429,1.69369,0.000563288,5.66877,4.15804
6.77499e+06,0.000654069,1.6937,0.000563915,5.69227,4.14586
6.77482e+06,0.00067396,1.6937,0.000564576,5.71565,4.13379
6.77466e+06,0.00069396,1.6937,0.000565271,5.73892,4.12184
6.77449e+06,0.000714065,1.6937,0.000566,5.76206,4.11001
6.77432e+06,0.000734271,1.6937,0.000566764,5.78508,4.0983
6.77415e+06,0.000754575,1.6937,0.000567565,5.80798,4.08672
6.77397e+06,0.000774972,1.69371,0.000568402,5.83075,4.07526
6.77379e+06,0.000795458,1.69371,0.000569276,5.85339,4.06393
6.77361e+06,0.000816027,1.69371,0.000570187,5.87591,4.05273
6.77342e+06,0.000836673,1.69371,0.000571137,5.8983,4.04165
6.77324e+06,0.000857393,1.69371,0.000572126,5.92057,4.0307
6.77305e+06,0.000878178,1.69371,0.000573154,5.9427,4.01988
6.77285e+06,0.000899024,1.69372,0.000574221,5.96471,4.00919
6.77266e+06,0.000919924,1.69372,0.000575329,5.98659,3.99862
6.77246e+06,0.000940871,1.69372,0.000576478,6.00834,3.98818
6.77227e+06,0.000961858,1.69372,0.000577668,6.02997,3.97786
6.77207e+06,0.000982878,1.69372,0.0005789,6.05148,3.96768
6.77186e+06,0.00100392,1.69372,0.000580173,6.07285,3.95761
6.77166e+06,0.00102499,1.69373,0.000581489,6.09411,3.94767
6.77145e+06,0.00104606,1.69373,0.000582848,6.11524,3.93785
6.77125e+06,0.00106714,1.69373,0.00058425,6.13625,3.92816
6.77104e+06,0.00108821,1.69373,0.000585695,6.15714,3.91858
6.77083e+06,0.00110926,1.69373,0.000587183,6.17791,3.90912
6.77062e+06,0.0011303,1.69374,0.000588716,6.19857,3.89978
6.77041e+06,0.0011513,1.69374,0.000590293,6.2191,3.89056
6.77019e+06,0.00117226,1.69374,0.000591914,6.23953,3.88145
6.76998e+06,0.00119317,1.69374,0.00059358,6.25984,3.87245
6.76976e+06,0.00121402,1.69374,0.000595291,6.28003,3.86357
6.76955e+06,0.00123481,1.69375,0.000597046,0.0169355,3.8548
6.76933e+06,0.00125551,1.69375,0.000598847,0.0369136,3.84613
6.76912e+06,0.00127613,1.69375,0.000600692,0.0567845,3.83758
6.7689e+06,0.00129666,1.69375,0.000602583,0.0765496,3.82913
6.76868e+06,0.00131707,1.69375,0.000604519,0.0962106,3.82078
6.76847e+06,0.00133738,1.69376,0.000606501,0.115769,3.81254
6.76825e+06,0.00135755,1.69376,0.000608528,0.135227,3.80439
6.76803e+06,0.00137759,1.69376,0.0006106,0.154585,3.79635
6.76782e+06,0.00139749,1.69376,0.000612718,0.173846,3.7884
6.7676e+06,0.00141722,1.69376,0.000614881,0.193011,3.78055
6.76738e+06,0.0014368,1.69377,0.000617089,0.212081,3.7728
6.76717e+06,0.00145619,1.69377,0.000619342,0.231059,3.76513
6.76695e+06,0.00147541,1.69377,0.00062164,0.249945,3.75756
6.76674e+06,0.00149442,1.69377,0.000623983,0.268742,3.75008
6.76653e+06,0.00151323,1.69377,0.00062637,0.287451,3.74269
6.76632e+06,0.00153183,1.69378,0.000628802,0.306074,3.73538
6.7661e+06,0.00155019,1.69378,0.000631279,0.324612,3.72816
6.76589e+06,0.00156833,1.69378,0.000633799,0.343067,3.72102
6.76569e+06,0.00158621,1.69378,0.000636363,0.361441,3.71396
6.76548e+06,0.00160384,1.69378,0.00063897,0.379734,3.70698
6.76527e+06,0.00162121,1.69378,0.000641621,0.397949,3.70008
6.76507e+06,0.0016383,1.69379,0.000644314,0.416087,3.69326
6.76487e+06,0.0016551,1.69379,0.00064705,0.43415,3.68651
6.76467e+06,0.00167161,1.69379,0.000649828,0.452138,3.67984
6.76447e+06,0.00168781,1.69379,0.000652647,0.470055,3.67323
6.76428e+06,0.0017037,1.69379,0.000655508,0.4879,3.6667
6.76408e+06,0.00171926,1.6938,0.00065841,0.505675,3.66024
6.76389e+06,0.00173449,1.6938,0.000661352,0.523383,3.65385
6.7637e+06,0.00174938,1.6938,0.000664334,0.541024,3.64753
6.76351e+06,0.00176392,1.6938,0.000667355,0.558599,3.64127
6.76333e+06,0.00177809,1.6938,0.000670415,0.576111,3.63507
6.76315e+06,0.0017919,1.6938,0.000673514,0.59356,3.62894
6.76297e+06,0.00180533,1.69381,0.000676651,0.610948,3.62287
6.76279e+06,0.00181837,1.69381,0.000679824,0.628276,3.61685
6.76262e+06,0.00183101,1.69381,0.000683035,0.645546,3.6109
6.76245e+06,0.00184325,1.69381,0.000686281,0.662759,3.605
6.76228e+06,0.00185508,1.69381,0.000689563,0.679915,3.59916
6.76212e+06,0.00186649,1.69381,0.000692879,0.697017,3.59338
6.76196e+06,0.00187747,1.69381,0.000696229,0.714066,3.58764
6.7618e+06,0.00188802,1.69382,0.000699613,0.731063,3.58196
6.76165e+06,0.00189812,1.69382,0.00070303,0.748009,3.57633
6.7615e+06,0.00190777,1.69382,0.000706478,0.764905,3.57075
6.76135e+06,0.00191696,1.69382,0.000709957,0.781753,3.56522
6.76121e+06,0.00192569,1.69382,0.000713467,0.798554,3.55974
6.76107e+06,0.00193395,1.69382,0.000717007,0.815309,3.5543
6.76093e+06,0.00194172,1.69382,0.000720576,0.832019,3.54891
6.7608e+06,0.00194902,1.69383,0.000724172,0.848685,3.54356
6.76067e+06,0.00195582,1.69383,0.000727796,0.865309,3.53825
6.76055e+06,0.00196213,1.69383,0.000731446,0.881892,3.53299
6.76043e+06,0.00196794,1.69383,0.000735122,0.898434,3.52776
6.76032e+06,0.00197323,1.69383,0.000738823,0.914938,3.52257
6.7602e+06,0.00197802,1.69383,0.000742547,0.931403,3.51743
6.7601e+06,0.00198229,1.69383,0.000746294,0.947832,3.51232
6.75999e+06,0.00198603,1.69383,0.000750064,0.964226,3.50724
6.7599e+06,0.00198925,1.69383,0.000753854,0.980585,3.5022
6.7598e+06,0.00199193,1.69383,0.000757665,0.99691,3.49719
6.75971e+06,0.00199409,1.69384,0.000761496,1.0132,3.49222
6.75963e+06,0.0019957,1.69384,0.000765344,1.02947,3.48727
6.75955e+06,0.00199677,1.69384,0.00076921,1.0457,3.48236
6.75947e+06,0.00199729,1.69384,0.000773093,1.0619,3.47747
6.7594e+06,0.00199726,1.69384,0.000776991,1.07808,3.47261
6.75933e+06,0.00199669,1.69384,0.000780903,1.09423,3.46778
6.75927e+06,0.00199555,1.69384,0.000784829,1.11035,3.46298
6.75921e+06,0.00199386,1.69384,0.000788768,1.12645,3.4582
6.75916e+06,0.00199162,1.69384,0.000792718,1.14252,3.45344
6.75911e+06,0.00198881,1.69384,0.000796679,1.15858,3.44871
6.75907e+06,0.00198544,1.69384,0.00080065,1.17461,3.444
6.75903e+06,0.00198151,1.69384,0.000804629,1.19062,3.4393
6.759e+06,0.00197702,1.69384,0.000808615,1.20661,3.43463
6.75897e+06,0.00197196,1.69384,0.000812609,1.22259,3.42997
6.75894e+06,0.00196633,1.69384,0.000816607,1.23855,3.42533
6.75893e+06,0.00196015,1.69384,0.00082061,1.25449,3.42071
6.75891e+06,0.0019534,1.69384,0.000824617,1.27042,3.4161
6.7589e+06,0.00194608,1.69384,0.000828626,1.28634,3.4115
6.7589e+06,0.0019382,1.69384,0.000832636,1.30225,3.40691
6.7589e+06,0.00192976,1.69384,0.000836647,1.31814,3.40234
6.75891e+06,0.00192076,1.69384,0.000840657,1.33403,3.39777
6.75892e+06,0.0019112,1.69384,0.000844666,1.34991,3.39321
6.75893e+06,0.00190109,1.69384,0.000848671,1.36579,3.38866
6.75895e+06,0.00189042,1.69384,0.000852673,1.38165,3.38411
6.75898e+06,0.00187919,1.69384,0.00085667,1.39752,3.37956
6.75901e+06,0.00186742,1.69384,0.000860662,1.41338,3.37502
6.75904e+06,0.00185511,1.69384,0.000864646,1.42925,3.37048
6.75908e+06,0.00184225,1.69384,0.000868623,1.44511,3.36593
6.75913e+06,0.00182885,1.69384,0.00087259,1.46098,3.36139
6.75918e+06,0.00181491,1.69384,0.000876548,1.47685,3.35684
6.75923e+06,0.00180045,1.69384,0.000880495,1.49273,3.35228
6.75929e+06,0.00178545,1.69384,0.00088443,1.50862,3.34771
6.75935e+06,0.00176994,1.69384,0.000888352,1.52452,3.34314
6.75942e+06,0.00175391,1.69384,0.000892261,1.54043,3.33855
6.7595e+06,0.00173737,1.69384,0.000896154,1.55635,3.33395
6.75957e+06,0.00172032,1.69384,0.000900032,1.57229,3.32933
6.75966e+06,0.00170277,1.69384,0.000903893,1.58825,3.32469
6.75974e+06,0.00168473,1.69384,0.000907736,1.60423,3.32003
6.75983e+06,0.0016662,1.69383,0.00091156,1.62024,3.31535
6.75993e+06,0.00164718,1.69383,0.000915365,1.63627,3.31065
6.76003e+06,0.0016277,1.69383,0.000919149,1.65233,3.30591
6.76013e+06,0.00160775,1.69383,0.000922912,1.66842,3.30114
6.76024e+06,0.00158734,1.69383,0.000926653,1.68454,3.29634
6.76036e+06,0.00156647,1.69383,0.00093037,1.70071,3.2915
6.76047e+06,0.00154517,1.69383,0.000934063,1.71692,3.28661
6.76059e+06,0.00152342,1.69383,0.000937731,1.73317,3.28169
6.76072e+06,0.00150125,1.69383,0.000941373,1.74947,3.27671
6.76085e+06,0.00147866,1.69383,0.000944988,1.76583,3.27168
6.76098e+06,0.00145567,1.69382,0.000948576,1.78224,3.26659
6.76112e+06,0.00143227,1.69382,0.000952136,1.79872,3.26143
6.76126e+06,0.00140848,1.69382,0.000955666,1.81526,3.25621
6.7614e+06,0.00138431,1.69382,0.000959167,1.83188,3.25092
6.76155e+06,0.00135977,1.69382,0.000962636,1.84858,3.24554
6.7617e+06,0.00133486,1.69382,0.000966074,1.86537,3.24008
6.76186e+06,0.00130961,1.69382,0.00096948,1.88225,3.23452
6.76202e+06,0.00128402,1.69381,0.000972854,1.89924,3.22886
6.76218e+06,0.00125809,1.69381,0.000976193,1.91633,3.2231
6.76235e+06,0.00123185,1.69381,0.000979498,1.93354,3.21721
6.76251e+06,0.0012053,1.69381,0.000982768,1.95089,3.21119
6.76269e+06,0.00117846,1.69381,0.000986003,1.96837,3.20503
6.76286e+06,0.00115134,1.69381,0.000989201,1.98601,3.19872
6.76304e+06,0.00112394,1.6938,0.000992363,2.00381,3.19224
6.76322e+06,0.00109629,1.6938,0.000995487,2.0218,3.18559
6.7634e+06,0.00106839,1.6938,0.000998573,2.03998,3.17873
6.76359e+06,0.00104025,1.6938,0.00100162,2.05838,3.17166
6.76377e+06,0.0010119,1.6938,0.00100463,2.07701,3.16435
6.76397e+06,0.000983342,1.6938,0.0010076,2.09591,3.15678
6.76416e+06,0.000954591,1.69379,0.00101052,2.11509,3.14893
6.76435e+06,0.000925664,1.69379,0.00101341,2.13458,3.14077
6.76455e+06,0.000896573,1.69379,0.00101626,2.15441,3.13226
6.76475e+06,0.000867335,1.69379,0.00101906,2.17463,3.12337
6.76495e+06,0.000837965,1.69379,0.00102183,2.19527,3.11406
6.76515e+06,0.00080848,1.69379,0.00102455,2.21639,3.10427
6.76536e+06,0.000778896,1.69378,0.00102723,2.23803,3.09396
6.76557e+06,0.000749231,1.69378,0.00102986,2.26026,3.08306
6.76577e+06,0.000719504,1.69378,0.00103245,2.28316,3.07149
6.76598e+06,0.000689734,1.69378,0.001035,2.3068,3.05917
6.76619e+06,0.000659942,1.69378,0.00103751,2.3313,3.04601
6.7664e+06,0.00063015,1.69377,0.00103997,2.35676,3.03187
6.76662e+06,0.000600383,1.69377,0.00104238,2.38333,3.01663
6.76683e+06,0.000570668,1.69377,0.00104475,2.41119,3.0001
6.76705e+06,0.000541033,1.69377,0.00104708,2.44052,2.9821
6.76726e+06,0.000511512,1.69377,0.00104936,2.47159,2.96236
6.76748e+06,0.000482141,1.69376,0.0010516,2.50468,2.9406
6.76769e+06,0.000452966,1.69376,0.00105379,2.54018,2.91643
6.76791e+06,0.000424037,1.69376,0.00105593,2.57855,2.88939
6.76813e+06,0.000395417,1.69376,0.00105803,2.62038,2.85889
6.76835e+06,0.000367181,1.69376,0.00106009,2.66639,2.82421
6.76856e+06,0.000339425,1.69375,0.0010621,2.71755,2.78438
6.76878e+06,0.000312273,1.69375,0.00106406,2.77506,2.7382
6.769e+06,0.000285883,1.69375,0.00106598,2.8405,2.68409
6.76922e+06,0.000260469,1.69375,0.00106785,2.9159,2.62002
6.76943e+06,0.000236316,1.69375,0.00106968,3.00384,2.54341
6.76965e+06,0.000213816,1.69374,0.00107146,3.10748,2.45111
6.76987e+06,0.000193493,1.69374,0.0010732,3.23043,2.33949
6.77008e+06,0.00017604,1.69374,0.00107489,3.37611,2.20514
6.77029e+06,0.000162304,1.69374,0.00107654,3.54633,2.04625
6.77051e+06,0.000153196,1.69374,0.00107814,3.73893,1.86499
6.77072e+06,0.000149456,1.69373,0.0010797,3.94574,1.6695
6.77093e+06,0.000151369,1.69373,0.00108122,4.15353,1.47305
6.77114e+06,0.000158614,1.69373,0.00108269,4.34865,1.28926
6.77135e+06,0.000170394,1.69373,0.00108411,4.52211,1.12713
6.77156e+06,0.000185735,1.69373,0.0010855,4.67105,0.98953
6.77176e+06,0.000203724,1.69373,0.00108684,4.79686,0.875049
6.77197e+06,0.000223616,1.69372,0.00108814,4.90287,0.780372
6.77217e+06,0.000244846,1.69372,0.00108939,4.99271,0.701868
6.77237e+06,0.000266998,1.69372,0.00109061,5.06961,0.636295
6.77257e+06,0.000289766,1.69372,0.00109178,5.13625,0.580994
6.77276e+06,0.000312927,1.69372,0.00109291,5.1947,0.53387
6.77296e+06,0.000336312,1.69371,0.001094,5.24661,0.493295
6.77315e+06,0.000359794,1.69371,0.00109505,5.29323,0.458008
6.77334e+06,0.000383276,1.69371,0.00109606,5.33554,0.42703
6.77353e+06,0.000406679,1.69371,0.00109703,5.37431,0.399596
6.77371e+06,0.000429941,1.69371,0.00109796,5.41014,0.375104
6.77389e+06,0.00045301,1.69371,0.00109886,5.4435,0.353076
6.77407e+06,0.000475845,1.6937,0.00109971,5.47478,0.333125
6.77425e+06,0.00049841,1.6937,0.00110053,5.5043,0.314943
6.77442e+06,0.000520672,1.6937,0.00110131,5.5323,0.298274
6.77459e+06,0.000542605,1.6937,0.00110206,5.559,0.282911
6.77476e+06,0.000564185,1.6937,0.00110278,5.58457,0.26868
6.77492e+06,0.00058539,1.6937,0.00110345,5.60915,0.255436
6.77508e+06,0.0006062,1.69369,0.0011041,5.63286,0.243059
6.77524e+06,0.000626599,1.69369,0.00110471,5.65581,0.231443
6.77539e+06,0.00064657,1.69369,0.00110529,5.67808,0.220503
6.77554e+06,0.000666097,1.69369,0.00110584,5.69976,0.210162
6.77569e+06,0.000685166,1.69369,0.00110635,5.7209,0.200355
6.77583e+06,0.000703765,1.69369,0.00110684,5.74156,0.191027
6.77597e+06,0.000721881,1.69369,0.0011073,5.7618,0.182128
6.7761e+06,0.000739502,1.69369,0.00110773,5.78165,0.173615
6.77623e+06,0.000756617,1.69368,0.00110813,5.80115,0.165451
6.77636e+06,0.000773216,1.69368,0.0011085,5.82033,0.157603
6.77648e+06,0.000789289,1.69368,0.00110885,5.83923,0.15004
6.7766e+06,0.000804827,1.69368,0.00110917,5.85787,0.142736
6.77672e+06,0.00081982,1.69368,0.00110947,5.87627,0.135669
6.77683e+06,0.000834261,1.69368,0.00110975,5.89446,0.128817
6.77693e+06,0.00084814,1.69368,0.00111,5.91245,0.122162
6.77704e+06,0.000861451,1.69368,0.00111023,5.93026,0.115685
6.77713e+06,0.000874187,1.69368,0.00111044,5.94791,0.109371
6.77723e+06,0.00088634,1.69368,0.00111064,5.96541,0.103207
6.77732e+06,0.000897904,1.69367,0.00111081,5.98277,0.0971795
6.7774e+06,0.000908872,1.69367,0.00111096,6.00001,0.0912764
6.77748e+06,0.00091924,1.69367,0.0011111,6.01714,0.085487
6.77755e+06,0.000929001,1.69367,0.00111122,6.03416,0.0798012
6.77762e+06,0.000938151,1.69367,0.00111133,6.05109,0.0742097
6.77769e+06,0.000946685,1.69367,0.00111142,6.06793,0.0687038
6.77775e+06,0.000954598,1.69367,0.0011115,6.0847,0.0632755
6.77781e+06,0.000961886,1.69367,0.00111156,6.10139,0.057917
6.77786e+06,0.000968546,1.69367,0.00111162,6.11802,0.0526212
6.7779e+06,0.000974574,1.69367,0.00111166,6.1346,0.0473814
6.77794e+06,0.000979967,1.69367,0.0011117,6.15112,0.0421912
6.77798e+06,0.000984722,1.69367,0.00111173,6.16761,0.0370443
6.77801e+06,0.000988838,1.69367,0.00111175,6.18405,0.0319349
6.77804e+06,0.000992311,1.69367,0.00111177,6.20047,0.0268574
6.77806e+06,0.00099514,1.69367,0.00111178,6.21686,0.0218062
6.77808e+06,0.000997324,1.69367,0.00111178,6.23322,0.0167759
6.77809e+06,0.000998861,1.69367,0.00111179,6.24957,0.0117615
6.7781e+06,0.000999751,1.69367,0.00111179,6.26591,0.00675757
6.7781e+06,0.000999994,1.69367,0.00111179,6.28225,0.00175919
6.7781e+06,0.000999588,1.69367,0.00111179,0.0153968,6.27995
6.77809e+06,0.000998535,1.69367,0.00111179,0.0317358,6.27494
6.77808e+06,0.000996834,1.69367,0.00111179,0.0480844,6.26993
6.77806e+06,0.000994488,1.69367,0.0011118,0.064448,6.2649
6.77804e+06,0.000991496,1.69367,0.00111181,0.0808316,6.25986
6.77801e+06,0.00098786,1.69367,0.00111182,0.0972407,6.25478
6.77798e+06,0.000983582,1.69367,0.00111185,0.113681,6.24968
6.77794e+06,0.000978665,1.69367,0.00111188,0.130157,6.24454
6.7779e+06,0.00097311,1.69367,0.00111191,0.146676,6.23936
6.77785e+06,0.000966921,1.69367,0.00111196,0.163244,6.23413
6.7778e+06,0.0009601,1.69367,0.00111202,0.179867,6.22884
6.77774e+06,0.000952652,1.69367,0.00111209,0.196552,6.22349
6.77768e+06,0.000944579,1.69367,0.00111217,0.213305,6.21807
6.77761e+06,0.000935886,1.69367,0.00111226,0.230136,6.21258
6.77754e+06,0.000926578,1.69367,0.00111237,0.247051,6.207
6.77747e+06,0.000916658,1.69367,0.00111249,0.264059,6.20133
6.77739e+06,0.000906133,1.69367,0.00111263,0.281171,6.19555
6.7773e+06,0.000895008,1.69367,0.00111279,0.298395,6.18966
6.77721e+06,0.000883288,1.69368,0.00111296,0.315743,6.18365
6.77712e+06,0.00087098,1.69368,0.00111316,0.333227,6.1775
6.77702e+06,0.00085809,1.69368,0.00111337,0.35086,6.17121
6.77692e+06,0.000844626,1.69368,0.00111361,0.368655,6.16475
6.77681e+06,0.000830593,1.69368,0.00111386,0.386629,6.15811
6.7767e+06,0.000816001,1.69368,0.00111414,0.404799,6.15127
6.77659e+06,0.000800857,1.69368,0.00111444,0.423185,6.14423
6.77647e+06,0.00078517,1.69368,0.00111477,0.441806,6.13694
6.77634e+06,0.000768948,1.69368,0.00111512,0.460687,6.12939
6.77622e+06,0.000752201,1.69368,0.0011155,0.479855,6.12156
6.77608e+06,0.000734939,1.69369,0.00111591,0.499339,6.11341
6.77595e+06,0.000717172,1.69369,0.00111634,0.519173,6.10491
6.77581e+06,0.000698911,1.69369,0.0011168,0.539396,6.09603
6.77567e+06,0.000680169,1.69369,0.00111729,0.56005,6.08671
6.77552e+06,0.000660957,1.69369,0.00111781,0.581186,6.07691
6.77537e+06,0.000641289,1.69369,0.00111837,0.602862,6.06657
6.77521e+06,0.000621178,1.69369,0.00111895,0.625143,6.05562
6.77506e+06,0.00060064,1.6937,0.00111957,0.648106,6.04399
6.7749e+06,0.000579692,1.6937,0.00112022,0.671842,6.03159
6.77473e+06,0.000558351,1.6937,0.0011209,0.696457,6.01831
6.77456e+06,0.000536636,1.6937,0.00112162,0.722075,6.00403
6.77439e+06,0.00051457,1.6937,0.00112237,0.748847,5.98859
6.77422e+06,0.000492176,1.6937,0.00112316,0.776951,5.97182
6.77404e+06,0.000469483,1.6937,0.00112398,0.806603,5.9535
6.77387e+06,0.000446521,1.69371,0.00112485,0.838069,5.93337
6.77368e+06,0.000423327,1.69371,0.00112575,0.871673,5.9111
6.7735e+06,0.000399945,1.69371,0.00112668,0.907818,5.88629
6.77331e+06,0.000376428,1.69371,0.00112766,0.947009,5.85843
6.77312e+06,0.000352838,1.69371,0.00112868,0.989883,5.82689
6.77293e+06,0.000329258,1.69371,0.00112973,1.03725,5.79085
6.77274e+06,0.000305788,1.69372,0.00113083,1.09017,5.74927
6.77254e+06,0.000282564,1.69372,0.00113196,1.14999,5.70079
6.77234e+06,0.000259761,1.69372,0.00113314,1.21846,5.64364
6.77214e+06,0.000237619,1.69372,0.00113436,1.29788,5.57556
6.77194e+06,0.000216467,1.69372,0.00113562,1.39114,5.49363
6.77173e+06,0.000196755,1.69373,0.00113693,1.50177,5.39434
6.77153e+06,0.000179097,1.69373,0.00113827,1.63365,5.27379
6.77132e+06,0.000164303,1.69373,0.00113966,1.79014,5.12863
6.77111e+06,0.000153349,1.69373,0.0011411,1.97211,4.95799
6.7709e+06,0.000147238,1.69373,0.00114257,2.17522,4.76622
6.77069e+06,0.000146714,1.69374,0.00114409,2.38845,4.56431
6.77048e+06,0.000151954,1.69374,0.00114566,2.5968,4.3673
6.77026e+06,0.000162505,1.69374,0.00114727,2.78723,4.1882
6.77005e+06,0.000177511,1.69374,0.00114892,2.95302,4.03374
6.76983e+06,0.000196023,1.69374,0.00115062,3.09347,3.90463
6.76962e+06,0.000217203,1.69374,0.00115236,3.21131,3.79811
6.7694e+06,0.000240393,1.69375,0.00115415,3.3104,3.71035
6.76918e+06,0.000265102,1.69375,0.00115599,3.39445,3.63764
6.76897e+06,0.000290971,1.69375,0.00115787,3.46659,3.57683
6.76875e+06,0.000317735,1.69375,0.00115979,3.52932,3.52543
6.76853e+06,0.000345201,1.69375,0.00116176,3.58456,3.48152
6.76831e+06,0.000373221,1.69376,0.00116378,3.63381,3.4436
6.7681e+06,0.000401684,1.69376,0.00116584,3.67822,3.41052
6.76788e+06,0.0004305,1.69376,0.00116795,3.71868,3.38139
6.76766e+06,0.0004596,1.69376,0.0011701,3.75588,3.35552
6.76745e+06,0.000488926,1.69376,0.0011723,3.79038,3.33235
6.76723e+06,0.000518429,1.69377,0.00117454,3.8226,3.31146
6.76701e+06,0.000548068,1.69377,0.00117683,3.8529,3.29249
6.7668e+06,0.000577808,1.69377,0.00117916,3.88156,3.27516
6.76659e+06,0.000607617,1.69377,0.00118154,3.90882,3.25923
6.76637e+06,0.000637468,1.69377,0.00118396,3.93486,3.24451
6.76616e+06,0.000667335,1.69378,0.00118643,3.95985,3.23085
6.76595e+06,0.000697194,1.69378,0.00118894,3.98392,3.21811
6.76574e+06,0.000727024,1.69378,0.00119149,4.00718,3.20618
6.76554e+06,0.000756805,1.69378,0.00119409,4.02973,3.19496
6.76533e+06,0.000786517,1.69378,0.00119673,4.05164,3.18438
6.76512e+06,0.000816142,1.69379,0.00119942,4.073,3.17435
6.76492e+06,0.000845664,1.69379,0.00120214,4.09384,3.16483
6.76472e+06,0.000875065,1.69379,0.00120491,4.11424,3.15576
6.76452e+06,0.00090433,1.69379,0.00120772,4.13424,3.1471
6.76433e+06,0.000933442,1.69379,0.00121058,4.15386,3.1388
6.76413e+06,0.000962388,1.69379,0.00121347,4.17316,3.13083
6.76394e+06,0.000991152,1.6938,0.0012164,4.19216,3.12316
6.76375e+06,0.00101972,1.6938,0.00121938,4.21089,3.11576
6.76356e+06,0.00104808,1.6938,0.00122239,4.22937,3.1086
6.76337e+06,0.00107621,1.6938,0.00122544,4.24762,3.10168
6.76319e+06,0.00110411,1.6938,0.00122854,4.26566,3.09496
6.76301e+06,0.00113176,1.69381,0.00123166,4.28352,3.08843
6.76284e+06,0.00115915,1.69381,0.00123483,4.3012,3.08207
6.76266e+06,0.00118627,1.69381,0.00123804,4.31872,3.07588
6.76249e+06,0.00121309,1.69381,0.00124127,4.3361,3.06983
6.76232e+06,0.00123962,1.69381,0.00124455,4.35334,3.06391
6.76216e+06,0.00126584,1.69381,0.00124786,4.37046,3.05812
6.762e+06,0.00129174,1.69381,0.0012512,4.38746,3.05245
6.76184e+06,0.00131731,1.69382,0.00125458,4.40436,3.04687
6.76168e+06,0.00134253,1.69382,0.00125799,4.42115,3.0414
6.76153e+06,0.0013674,1.69382,0.00126144,4.43786,3.03602
6.76138e+06,0.00139191,1.69382,0.00126491,4.45449,3.03072
6.76124e+06,0.00141604,1.69382,0.00126841,4.47103,3.0255
6.7611e+06,0.00143979,1.69382,0.00127195,4.48751,3.02034
6.76096e+06,0.00146315,1.69382,0.00127551,4.50392,3.01526
6.76083e+06,0.0014861,1.69383,0.0012791,4.52027,3.01023
6.7607e+06,0.00150864,1.69383,0.00128272,4.53657,3.00526
6.76058e+06,0.00153076,1.69383,0.00128637,4.55281,3.00034
6.76046e+06,0.00155245,1.69383,0.00129004,4.569,2.99547
6.76034e+06,0.00157371,1.69383,0.00129374,4.58516,2.99064
6.76023e+06,0.00159451,1.69383,0.00129746,4.60127,2.98586
6.76012e+06,0.00161486,1.69383,0.0013012,4.61734,2.9811
6.76001e+06,0.00163476,1.69383,0.00130497,4.63338,2.97639
6.75992e+06,0.00165418,1.69383,0.00130876,4.6494,2.9717
6.75982e+06,0.00167312,1.69383,0.00131256,4.66538,2.96704
6.75973e+06,0.00169159,1.69384,0.00131639,4.68134,2.9624
6.75964e+06,0.00170956,1.69384,0.00132024,4.69727,2.95779
6.75956e+06,0.00172704,1.69384,0.0013241,4.71319,2.95319
6.75948e+06,0.00174401,1.69384,0.00132798,4.72909,2.94861
6.75941e+06,0.00176048,1.69384,0.00133187,4.74497,2.94405
6.75934e+06,0.00177643,1.69384,0.00133579,4.76085,2.9395
6.75928e+06,0.00179187,1.69384,0.00133971,4.77671,2.93497
6.75922e+06,0.00180678,1.69384,0.00134365,4.79256,2.93044
6.75917e+06,0.00182116,1.69384,0.00134759,4.8084,2.92592
6.75912e+06,0.00183501,1.69384,0.00135155,4.82424,2.9214
6.75908e+06,0.00184832,1.69384,0.00135552,4.84007,2.91689
6.75904e+06,0.0018611,1.69384,0.0013595,4.8559,2.91238
6.759e+06,0.00187333,1.69384,0.00136349,4.87173,2.90787
6.75897e+06,0.00188501,1.69384,0.00136748,4.88756,2.90336
6.75895e+06,0.00189614,1.69384,0.00137148,4.90339,2.89885
6.75893e+06,0.00190671,1.69384,0.00137548,4.91923,2.89433
6.75891e+06,0.00191674,1.69384,0.00137948,4.93507,2.88981
6.7589e+06,0.0019262,1.69384,0.00138349,4.95092,2.88528
6.7589e+06,0.0019351,1.69384,0.0013875,4.96678,2.88074
6.7589e+06,0.00194344,1.69384,0.00139151,4.98265,2.8762
6.7589e+06,0.00195122,1.69384,0.00139552,4.99852,2.87164
6.75891e+06,0.00195844,1.69384,0.00139953,5.01441,2.86707
6.75893e+06,0.00196509,1.69384,0.00140354,5.03031,2.86249
6.75895e+06,0.00197117,1.69384,0.00140754,5.04623,2.85789
6.75897e+06,0.00197669,1.69384,0.00141154,5.06216,2.85328
6.759e+06,0.00198164,1.69384,0.00141553,5.07811,2.84865
6.75904e+06,0.00198603,1.69384,0.00141952,5.09408,2.844
6.75907e+06,0.00198985,1.69384,0.0014235,5.11006,2.83934
6.75912e+06,0.00199312,1.69384,0.00142746,5.12606,2.83465
6.75917e+06,0.00199581,1.69384,0.00143142,5.14209,2.82994
6.75922e+06,0.00199795,1.69384,0.00143537,5.15814,2.82521
6.75928e+06,0.00199953,1.69384,0.00143931,5.17421,2.82046
6.75934e+06,0.00200055,1.69384,0.00144323,5.19031,2.81568
6.75941e+06,0.00200102,1.69384,0.00144714,5.20643,2.81088
6.75948e+06,0.00200093,1.69384,0.00145104,5.22258,2.80605
6.75956e+06,0.00200029,1.69384,0.00145492,5.23876,2.80119
6.75964e+06,0.00199911,1.69384,0.00145878,5.25496,2.7963
6.75972e+06,0.00199739,1.69384,0.00146263,5.2712,2.79138
6.75981e+06,0.00199512,1.69383,0.00146646,5.28747,2.78643
6.75991e+06,0.00199232,1.69383,0.00147026,5.30377,2.78145
6.76001e+06,0.00198899,1.69383,0.00147405,5.3201,2.77644
6.76011e+06,0.00198513,1.69383,0.00147782,5.33647,2.77139
6.76022e+06,0.00198074,1.69383,0.00148156,5.35287,2.7663
6.76033e+06,0.00197584,1.69383,0.00148528,5.36931,2.76118
6.76045e+06,0.00197043,1.69383,0.00148898,5.38579,2.75602
6.76057e+06,0.00196451,1.69383,0.00149265,5.4023,2.75082
6.76069e+06,0.00195808,1.69383,0.0014963,5.41886,2.74558
6.76082e+06,0.00195116,1.69383,0.00149992,5.43546,2.7403
6.76095e+06,0.00194375,1.69382,0.00150351,5.4521,2.73498
6.76109e+06,0.00193585,1.69382,0.00150708,5.46878,2.72961
6.76123e+06,0.00192748,1.69382,0.00151061,5.48551,2.7242
6.76137e+06,0.00191863,1.69382,0.00151412,5.50228,2.71874
6.76152e+06,0.00190932,1.69382,0.00151759,5.5191,2.71324
6.76167e+06,0.00189955,1.69382,0.00152104,5.53597,2.70768
6.76182e+06,0.00188934,1.69382,0.00152445,5.55289,2.70208
6.76198e+06,0.00187867,1.69381,0.00152783,5.56986,2.69643
6.76214e+06,0.00186758,1.69381,0.00153117,5.58688,2.69072
6.76231e+06,0.00185605,1.69381,0.00153448,5.60395,2.68497
6.76248e+06,0.00184411,1.69381,0.00153776,5.62108,2.67915
6.76265e+06,0.00183175,1.69381,0.001541,5.63827,2.67329
6.76282e+06,0.00181899,1.69381,0.00154421,5.65551,2.66736
6.763e+06,0.00180583,1.69381,0.00154737,5.67281,2.66138
6.76317e+06,0.00179229,1.6938,0.00155051,5.69017,2.65533
6.76336e+06,0.00177837,1.6938,0.0015536,5.70759,2.64923
6.76354e+06,0.00176408,1.6938,0.00155665,5.72507,2.64306
6.76373e+06,0.00174942,1.6938,0.00155967,5.74261,2.63683
6.76392e+06,0.00173442,1.6938,0.00156265,5.76022,2.63054
6.76411e+06,0.00171908,1.6938,0.00156558,5.7779,2.62418
6.7643e+06,0.0017034,1.69379,0.00156848,5.79565,2.61775
6.7645e+06,0.0016874,1.69379,0.00157133,5.81346,2.61125
6.7647e+06,0.00167108,1.69379,0.00157415,5.83134,2.60468
6.7649e+06,0.00165446,1.69379,0.00157692,5.8493,2.59804
6.7651e+06,0.00163755,1.69379,0.00157965,5.86733,2.59132
6.7653e+06,0.00162035,1.69378,0.00158233,5.88544,2.58453
6.76551e+06,0.00160288,1.69378,0.00158498,5.90362,2.57767
6.76572e+06,0.00158514,1.69378,0.00158758,5.92188,2.57072
6.76593e+06,0.00156714,1.69378,0.00159014,5.94022,2.5637
6.76613e+06,0.0015489,1.69378,0.00159265,5.95864,2.55659
6.76635e+06,0.00153043,1.69377,0.00159512,5.97714,2.54941
6.76656e+06,0.00151172,1.69377,0.00159755,5.99573,2.54213
6.76677e+06,0.00149281,1.69377,0.00159993,6.0144,2.53477
6.76698e+06,0.00147369,1.69377,0.00160226,6.03316,2.52733
6.7672e+06,0.00145437,1.69377,0.00160456,6.05201,2.51979
6.76741e+06,0.00143487,1.69377,0.0016068,6.07095,2.51217
6.76763e+06,0.00141519,1.69376,0.001609,6.08998,2.50445
6.76785e+06,0.00139535,1.69376,0.00161116,6.10911,2.49664
6.76806e+06,0.00137536,1.69376,0.00161327,6.12833,2.48873
6.76828e+06,0.00135521,1.69376,0.00161534,6.14765,2.48073
6.7685e+06,0.00133494,1.69376,0.00161736,6.16706,2.47263
6.76871e+06,0.00131454,1.69375,0.00161933,6.18658,2.46442
6.76893e+06,0.00129402,1.69375,0.00162126,6.2062,2.45612
6.76915e+06,0.0012734,1.69375,0.00162315,6.22592,2.44771
6.76936e+06,0.00125268,1.69375,0.00162499,6.24575,2.43919
6.76958e+06,0.00123188,1.69375,0.00162678,6.26569,2.43057
6.76979e+06,0.001211,1.69374,0.00162853,0.00254523,2.42185
6.77001e+06,0.00119005,1.69374,0.00163023,0.0226981,2.41301
6.77022e+06,0.00116905,1.69374,0.00163189,0.0429623,2.40406
6.77044e+06,0.001148,1.69374,0.00163351,0.0633393,2.39499
6.77065e+06,0.0011269,1.69374,0.00163508,0.0838305,2.38582
6.77086e+06,0.00110578,1.69373,0.0016366,0.104437,2.37652
6.77107e+06,0.00108463,1.69373,0.00163809,0.125161,2.36711
6.77128e+06,0.00106348,1.69373,0.00163953,0.146003,2.35759
6.77148e+06,0.00104231,1.69373,0.00164092,0.166965,2.34794
6.77169e+06,0.00102115,1.69373,0.00164227,0.188048,2.33817
6.77189e+06,0.001,1.69372,0.00164358,0.209252,2.32828
6.77209e+06,0.000978869,1.69372,0.00164485,0.230579,2.31827
6.77229e+06,0.000957765,1.69372,0.00164608,0.25203,2.30813
6.77249e+06,0.000936695,1.69372,0.00164726,0.273606,2.29787
6.77269e+06,0.000915666,1.69372,0.0016484,0.295307,2.28748
6.77288e+06,0.000894686,1.69372,0.00164951,0.317134,2.27697
6.77307e+06,0.00087376,1.69371,0.00165057,0.339087,2.26633
6.77326e+06,0.000852896,1.69371,0.00165159,0.361168,2.25556
6.77345e+06,0.000832099,1.69371,0.00165257,0.383375,2.24467
6.77364e+06,0.000811376,1.69371,0.00165352,0.405709,2.23365
6.77382e+06,0.000790732,1.69371,0.00165442,0.42817,2.2225
6.774e+06,0.000770172,1.6937,0.00165529,0.450757,2.21123
6.77417e+06,0.000749702,1.6937,0.00165612,0.473469,2.19983
6.77435e+06,0.000729326,1.6937,0.00165692,0.496307,2.1883
6.77452e+06,0.000709049,1.6937,0.00165768,0.519267,2.17666
6.77468e+06,0.000688875,1.6937,0.0016584,0.54235,2.16489
6.77485e+06,0.000668807,1.6937,0.00165909,0.565552,2.153
6.77501e+06,0.00064885,1.6937,0.00165975,0.588873,2.14099
6.77517e+06,0.000629005,1.69369,0.00166037,0.612308,2.12887
6.77532e+06,0.000609277,1.69369,0.00166096,0.635855,2.11664
6.77547e+06,0.000589667,1.69369,0.00166152,0.65951,2.1043
6.77562e+06,0.000570177,1.69369,0.00166205,0.683269,2.09185
6.77576e+06,0.00055081,1.69369,0.00166254,0.707127,2.07931
6.7759e+06,0.000531567,1.69369,0.00166301,0.731078,2.06667
6.77604e+06,0.000512448,1.69369,0.00166345,0.755115,2.05395
6.77617e+06,0.000493455,1.69369,0.00166386,0.779232,2.04114
6.7763e+06,0.000474587,1.69368,0.00166425,0.803419,2.02827
6.77642e+06,0.000455844,1.69368,0.00166461,0.827666,2.01534
6.77654e+06,0.000437227,1.69368,0.00166494,0.851963,2.00235
6.77666e+06,0.000418734,1.69368,0.00166525,0.876294,1.98933
6.77677e+06,0.000400364,1.69368,0.00166553,0.900647,1.9763
6.77688e+06,0.000382116,1.69368,0.00166579,0.925001,1.96325
6.77698e+06,0.000363988,1.69368,0.00166603,0.949337,1.95023
6.77708e+06,0.000345977,1.69368,0.00166625,0.973629,1.93725
6.77717e+06,0.000328082,1.69368,0.00166645,0.997848,1.92435
6.77726e+06,0.000310299,1.69368,0.00166663,1.02196,1.91155
6.77735e+06,0.000292625,1.69367,0.00166679,1.04592,1.89891
6.77743e+06,0.000275057,1.69367,0.00166693,1.06967,1.88647
6.7775e+06,0.000257592,1.69367,0.00166706,1.09315,1.8743
6.77758e+06,0.000240225,1.69367,0.00166717,1.11628,1.86248
6.77764e+06,0.000222953,1.69367,0.00166727,1.13895,1.85113
6.77771e+06,0.000205772,1.69367,0.00166736,1.16101,1.84038
6.77776e+06,0.000188678,1.69367,0.00166743,1.18228,1.83042
6.77782e+06,0.000171667,1.69367,0.00166749,1.2025,1.82152
6.77786e+06,0.000154736,1.69367,0.00166754,1.2213,1.81403
6.77791e+06,0.000137882,1.69367,0.00166758,1.23812,1.80852
6.77795e+06,0.000121107,1.69367,0.00166761,1.25213,1.80583
6.77798e+06,0.000104411,1.69367,0.00166763,1.26196,1.80731
6.77801e+06,8.7805e-05,1.69367,0.00166765,1.26522,1.81537
6.77803e+06,7.13132e-05,1.69367,0.00166766,1.25734,1.83456
6.77805e+06,5.49959e-05,1.69367,0.00166767,1.22847,1.87475
6.77807e+06,3.90245e-05,1.69367,0.00166768,1.15295,1.96158
6.77808e+06,2.40375e-05,1.69367,0.00166768,0.943101,2.18274
6.77808e+06,1.36853e-05,1.69367,0.00166768,0.236106,2.90105
6.77808e+06,1.87176e-05,1.69367,0.00166768,5.51057,3.92109
6.77807e+06,3.26633e-05,1.69367,0.00166768,5.16929,4.27367
6.77806e+06,4.83502e-05,1.69367,0.00166768,5.05679,4.39749
6.77805e+06,6.4534e-05,1.69367,0.00166769,5.01358,4.45202
6.77803e+06,8.09335e-05,1.69367,0.0016677,4.99882,4.47809
6.778e+06,9.74581e-05,1.69367,0.00166771,4.99829,4.48993
6.77797e+06,0.000114073,1.69367,0.00166773,5.00584,4.49369
6.77794e+06,0.000130764,1.69367,0.00166775,5.0184,4.49245
6.7779e+06,0.000147526,1.69367,0.00166779,5.03425,4.48791
6.77785e+06,0.000164358,1.69367,0.00166783,5.05239,4.48109
6.77781e+06,0.000181263,1.69367,0.00166788,5.07215,4.47264
6.77775e+06,0.000198243,1.69367,0.00166794,5.09311,4.46299
6.77769e+06,0.000215303,1.69367,0.00166802,5.11496,4.45246
6.77763e+06,0.000232445,1.69367,0.00166811,5.13749,4.44124
6.77756e+06,0.000249675,1.69367,0.00166821,5.16054,4.4295
6.77749e+06,0.000266996,1.69367,0.00166832,5.184,4.41736
6.77741e+06,0.000284412,1.69367,0.00166845,5.20776,4.40491
6.77733e+06,0.000301928,1.69367,0.0016686,5.23175,4.39223
6.77724e+06,0.000319547,1.69368,0.00166877,5.25593,4.37937
6.77715e+06,0.000337272,1.69368,0.00166895,5.28023,4.36638
6.77706e+06,0.000355106,1.69368,0.00166915,5.30463,4.3533
6.77696e+06,0.000373053,1.69368,0.00166937,5.32908,4.34016
6.77685e+06,0.000391115,1.69368,0.00166962,5.35357,4.32698
6.77674e+06,0.000409294,1.69368,0.00166989,5.37806,4.3138
6.77663e+06,0.000427592,1.69368,0.00167018,5.40255,4.30063
6.77651e+06,0.000446011,1.69368,0.00167049,5.427,4.28749
6.77639e+06,0.000464552,1.69368,0.00167083,5.45142,4.27438
6.77627e+06,0.000483215,1.69368,0.00167119,5.47579,4.26133
6.77614e+06,0.000502002,1.69369,0.00167158,5.50009,4.24835
6.77601e+06,0.000520912,1.69369,0.001672,5.52431,4.23543
6.77587e+06,0.000539945,1.69369,0.00167244,5.54846,4.2226
6.77573e+06,0.0005591,1.69369,0.00167292,5.57251,4.20986
6.77559e+06,0.000578377,1.69369,0.00167342,5.59647,4.19721
6.77544e+06,0.000597774,1.69369,0.00167396,5.62033,4.18467
6.77529e+06,0.000617289,1.69369,0.00167452,5.64408,4.17223
6.77513e+06,0.000636921,1.69369,0.00167512,5.66773,4.1599
6.77497e+06,0.000656667,1.6937,0.00167575,5.69126,4.14768
6.77481e+06,0.000676524,1.6937,0.00167641,5.71467,4.13558
6.77465e+06,0.000696489,1.6937,0.00167711,5.73797,4.1236
6.77448e+06,0.000716559,1.6937,0.00167784,5.76114,4.11174
6.77431e+06,0.00073673,1.6937,0.00167861,5.78419,4.1
6.77413e+06,0.000756998,1.6937,0.00167941,5.80712,4.08839
6.77396e+06,0.000777359,1.69371,0.00168025,5.82992,4.0769
6.77378e+06,0.000797807,1.69371,0.00168113,5.85259,4.06555
6.7736e+06,0.000818338,1.69371,0.00168204,5.87514,4.05431
6.77341e+06,0.000838946,1.69371,0.00168299,5.89756,4.04321
6.77322e+06,0.000859626,1.69371,0.00168398,5.91985,4.03223
6.77303e+06,0.000880372,1.69371,0.00168501,5.94201,4.02138
6.77284e+06,0.000901178,1.69372,0.00168609,5.96405,4.01066
6.77265e+06,0.000922037,1.69372,0.0016872,5.98595,4.00007
6.77245e+06,0.000942943,1.69372,0.00168835,6.00773,3.9896
6.77225e+06,0.000963889,1.69372,0.00168954,6.02939,3.97926
6.77205e+06,0.000984867,1.69372,0.00169078,6.05092,3.96905
6.77185e+06,0.00100587,1.69372,0.00169205,6.07232,3.95896
6.77164e+06,0.00102689,1.69373,0.00169337,6.0936,3.94899
6.77144e+06,0.00104792,1.69373,0.00169473,6.11476,3.93915
6.77123e+06,0.00106895,1.69373,0.00169614,6.13579,3.92943
6.77102e+06,0.00108998,1.69373,0.00169759,6.15671,3.91983
6.77081e+06,0.00111099,1.69373,0.00169908,6.1775,3.91035
6.7706e+06,0.00113198,1.69374,0.00170061,6.19818,3.90098
6.77039e+06,0.00115293,1.69374,0.00170219,6.21874,3.89174
6.77018e+06,0.00117385,1.69374,0.00170382,6.23918,3.8826
6.76996e+06,0.00119471,1.69374,0.00170549,6.25952,3.87359
6.76975e+06,0.00121552,1.69374,0.0017072,6.27974,3.86468
6.76953e+06,0.00123625,1.69375,0.00170896,0.0166599,3.85589
6.76932e+06,0.00125691,1.69375,0.00171076,0.0366597,3.8472
6.7691e+06,0.00127748,1.69375,0.00171261,0.0565518,3.83862
6.76888e+06,0.00129796,1.69375,0.00171451,0.076338,3.83015
6.76867e+06,0.00131833,1.69375,0.00171645,0.0960197,3.82178
6.76845e+06,0.00133858,1.69376,0.00171843,0.115599,3.81352
6.76823e+06,0.0013587,1.69376,0.00172046,0.135076,3.80536
6.76802e+06,0.00137869,1.69376,0.00172254,0.154455,3.79729
6.7678e+06,0.00139853,1.69376,0.00172466,0.173735,3.78933
6.76758e+06,0.00141822,1.69376,0.00172682,0.192919,3.78146
6.76737e+06,0.00143774,1.69377,0.00172903,0.212009,3.77368
6.76715e+06,0.00145709,1.69377,0.00173129,0.231005,3.766
6.76694e+06,0.00147625,1.69377,0.00173359,0.24991,3.75841
6.76672e+06,0.00149521,1.69377,0.00173594,0.268726,3.75091
6.76651e+06,0.00151397,1.69377,0.00173833,0.287453,3.7435
6.7663e+06,0.00153251,1.69378,0.00174076,0.306094,3.73617
6.76609e+06,0.00155082,1.69378,0.00174324,0.324649,3.72893
6.76588e+06,0.0015689,1.69378,0.00174577,0.343122,3.72177
6.76567e+06,0.00158673,1.69378,0.00174833,0.361512,3.7147
6.76547e+06,0.00160431,1.69378,0.00175094,0.379823,3.7077
6.76526e+06,0.00162162,1.69378,0.0017536,0.398054,3.70079
6.76506e+06,0.00163865,1.69379,0.00175629,0.416209,3.69395
6.76486e+06,0.0016554,1.69379,0.00175903,0.434288,3.68718
6.76466e+06,0.00167185,1.69379,0.00176181,0.452292,3.68049
6.76446e+06,0.001688,1.69379,0.00176464,0.470225,3.67388
6.76426e+06,0.00170383,1.69379,0.0017675,0.488086,3.66733
6.76407e+06,0.00171934,1.6938,0.00177041,0.505877,3.66086
6.76388e+06,0.00173451,1.6938,0.00177335,0.5236,3.65445
6.76369e+06,0.00174934,1.6938,0.00177634,0.541256,3.64811
6.7635e+06,0.00176382,1.6938,0.00177936,0.558846,3.64183
6.76332e+06,0.00177794,1.6938,0.00178242,0.576373,3.63562
6.76314e+06,0.00179169,1.6938,0.00178552,0.593837,3.62947
6.76296e+06,0.00180506,1.69381,0.00178866,0.61124,3.62339
6.76278e+06,0.00181804,1.69381,0.00179184,0.628582,3.61736
6.76261e+06,0.00183063,1.69381,0.00179505,0.645866,3.61139
6.76244e+06,0.00184281,1.69381,0.0017983,0.663093,3.60548
6.76227e+06,0.00185458,1.69381,0.00180159,0.680264,3.59963
6.76211e+06,0.00186593,1.69381,0.0018049,0.69738,3.59383
6.76195e+06,0.00187685,1.69382,0.00180826,0.714443,3.58808
6.76179e+06,0.00188734,1.69382,0.00181164,0.731453,3.58239
6.76164e+06,0.00189738,1.69382,0.00181506,0.748413,3.57674
6.76149e+06,0.00190697,1.69382,0.00181851,0.765323,3.57115
6.76134e+06,0.00191611,1.69382,0.00182199,0.782184,3.56561
6.7612e+06,0.00192478,1.69382,0.00182551,0.798998,3.56011
6.76106e+06,0.00193298,1.69382,0.00182905,0.815767,3.55466
6.76092e+06,0.0019407,1.69382,0.00183262,0.83249,3.54925
6.76079e+06,0.00194793,1.69383,0.00183622,0.84917,3.54389
6.76067e+06,0.00195468,1.69383,0.00183984,0.865807,3.53857
6.76054e+06,0.00196093,1.69383,0.0018435,0.882403,3.53329
6.76042e+06,0.00196667,1.69383,0.00184717,0.898958,3.52805
6.76031e+06,0.00197191,1.69383,0.00185088,0.915475,3.52285
6.7602e+06,0.00197664,1.69383,0.0018546,0.931954,3.51769
6.76009e+06,0.00198085,1.69383,0.00185835,0.948396,3.51257
6.75999e+06,0.00198454,1.69383,0.00186212,0.964803,3.50748
6.75989e+06,0.0019877,1.69383,0.00186591,0.981175,3.50242
6.75979e+06,0.00199033,1.69383,0.00186973,0.997513,3.4974
6.75971e+06,0.00199242,1.69384,0.00187356,1.01382,3.49241
6.75962e+06,0.00199398,1.69384,0.00187741,1.03009,3.48746
6.75954e+06,0.00199499,1.69384,0.00188128,1.04634,3.48253
6.75946e+06,0.00199545,1.69384,0.00188516,1.06256,3.47763
6.75939e+06,0.00199537,1.69384,0.00188906,1.07875,3.47276
6.75933e+06,0.00199474,1.69384,0.00189297,1.09491,3.46792
6.75927e+06,0.00199355,1.69384,0.0018969,1.11104,3.4631
6.75921e+06,0.00199181,1.69384,0.00190084,1.12716,3.45831
6.75916e+06,0.00198951,1.69384,0.00190479,1.14324,3.45354
6.75911e+06,0.00198665,1.69384,0.00190875,1.15931,3.44879
6.75907e+06,0.00198322,1.69384,0.00191272,1.17536,3.44406
6.75903e+06,0.00197924,1.69384,0.0019167,1.19138,3.43936
6.75899e+06,0.00197469,1.69384,0.00192069,1.20739,3.43467
6.75897e+06,0.00196958,1.69384,0.00192468,1.22338,3.43
6.75894e+06,0.00196391,1.69384,0.00192868,1.23935,3.42534
6.75892e+06,0.00195767,1.69384,0.00193269,1.25531,3.4207
6.75891e+06,0.00195087,1.69384,0.00193669,1.27126,3.41608
6.7589e+06,0.0019435,1.69384,0.0019407,1.28719,3.41147
6.7589e+06,0.00193557,1.69384,0.00194471,1.30311,3.40687
6.7589e+06,0.00192708,1.69384,0.00194872,1.31902,3.40227
6.75891e+06,0.00191803,1.69384,0.00195273,1.33493,3.39769
6.75892e+06,0.00190843,1.69384,0.00195674,1.35082,3.39312
6.75893e+06,0.00189827,1.69384,0.00196075,1.36671,3.38855
6.75895e+06,0.00188755,1.69384,0.00196475,1.3826,3.38398
6.75898e+06,0.00187628,1.69384,0.00196874,1.39848,3.37942
6.75901e+06,0.00186446,1.69384,0.00197274,1.41436,3.37486
6.75905e+06,0.0018521,1.69384,0.00197672,1.43024,3.3703
6.75909e+06,0.0018392,1.69384,0.0019807,1.44612,3.36574
6.75913e+06,0.00182576,1.69384,0.00198466,1.46201,3.36118
6.75918e+06,0.00181178,1.69384,0.00198862,1.4779,3.35661
6.75924e+06,0.00179727,1.69384,0.00199257,1.4938,3.35203
6.75929e+06,0.00178224,1.69384,0.0019965,1.5097,3.34745
6.75936e+06,0.00176669,1.69384,0.00200042,1.52562,3.34285
6.75943e+06,0.00175062,1.69384,0.00200433,1.54155,3.33824
6.7595e+06,0.00173404,1.69384,0.00200822,1.55749,3.33362
6.75958e+06,0.00171695,1.69384,0.0020121,1.57346,3.32898
6.75966e+06,0.00169937,1.69384,0.00201596,1.58944,3.32432
6.75975e+06,0.00168129,1.69384,0.0020198,1.60544,3.31965
6.75984e+06,0.00166273,1.69383,0.00202362,1.62147,3.31494
6.75994e+06,0.00164369,1.69383,0.00202743,1.63752,3.31021
6.76004e+06,0.00162417,1.69383,0.00203121,1.6536,3.30545
6.76014e+06,0.00160419,1.69383,0.00203497,1.66972,3.30066
6.76025e+06,0.00158375,1.69383,0.00203871,1.68587,3.29583
6.76036e+06,0.00156286,1.69383,0.00204242,1.70206,3.29096
6.76048e+06,0.00154152,1.69383,0.00204611,1.7183,3.28605
6.7606e+06,0.00151975,1.69383,0.00204978,1.73458,3.28109
6.76073e+06,0.00149756,1.69383,0.00205342,1.75091,3.27608
6.76086e+06,0.00147495,1.69382,0.00205703,1.7673,3.27102
6.76099e+06,0.00145193,1.69382,0.00206062,1.78374,3.2659
6.76113e+06,0.00142851,1.69382,0.00206418,1.80026,3.26071
6.76127e+06,0.0014047,1.69382,0.00206771,1.81684,3.25546
6.76142e+06,0.00138051,1.69382,0.0020712,1.83349,3.25012
6.76156e+06,0.00135595,1.69382,0.00207467,1.85023,3.24471
6.76172e+06,0.00133103,1.69382,0.00207811,1.86706,3.23921
6.76187e+06,0.00130576,1.69382,0.00208151,1.88399,3.23361
6.76203e+06,0.00128016,1.69381,0.00208488,1.90101,3.22791
6.76219e+06,0.00125422,1.69381,0.00208822,1.91816,3.22209
6.76236e+06,0.00122797,1.69381,0.00209152,1.93542,3.21615
6.76253e+06,0.00120142,1.69381,0.00209479,1.95281,3.21008
6.7627e+06,0.00117457,1.69381,0.00209802,1.97035,3.20387
6.76287e+06,0.00114744,1.69381,0.00210122,1.98805,3.1975
6.76305e+06,0.00112004,1.6938,0.00210438,2.00592,3.19096
6.76323e+06,0.00109238,1.6938,0.0021075,2.02397,3.18424
6.76341e+06,0.00106448,1.6938,0.00211058,2.04222,3.17731
6.7636e+06,0.00103635,1.6938,0.00211363,2.06069,3.17017
6.76379e+06,0.001008,1.6938,0.00211663,2.07941,3.16278
6.76398e+06,0.000979448,1.6938,0.0021196,2.09838,3.15513
6.76417e+06,0.000950705,1.69379,0.00212252,2.11765,3.14719
6.76437e+06,0.000921787,1.69379,0.00212541,2.13724,3.13892
6.76456e+06,0.000892708,1.69379,0.00212825,2.15719,3.13031
6.76476e+06,0.000863484,1.69379,0.00213105,2.17752,3.1213
6.76497e+06,0.000834131,1.69379,0.00213381,2.19829,3.11186
6.76517e+06,0.000804665,1.69379,0.00213653,2.21954,3.10194
6.76537e+06,0.000775102,1.69378,0.00213921,2.24133,3.09148
6.76558e+06,0.000745462,1.69378,0.00214184,2.26372,3.08042
6.76579e+06,0.000715763,1.69378,0.00214443,2.28679,3.06867
6.766e+06,0.000686024,1.69378,0.00214697,2.31064,3.05616
6.76621e+06,0.000656267,1.69378,0.00214947,2.33535,3.04277
6.76642e+06,0.000626514,1.69377,0.00215193,2.36106,3.0284
6.76663e+06,0.000596791,1.69377,0.00215434,2.3879,3.01288
6.76685e+06,0.000567125,1.69377,0.00215671,2.41606,2.99605
6.76706e+06,0.000537544,1.69377,0.00215903,2.44574,2.9777
6.76728e+06,0.000508084,1.69377,0.00216131,2.4772,2.95757
6.76749e+06,0.000478783,1.69376,0.00216354,2.51075,2.93535
6.76771e+06,0.000449686,1.69376,0.00216573,2.54677,2.91066
6.76793e+06,0.000420846,1.69376,0.00216787,2.58574,2.88302
6.76814e+06,0.000392328,1.69376,0.00216997,2.62827,2.85182
6.76836e+06,0.00036421,1.69376,0.00217202,2.67511,2.81631
6.76858e+06,0.000336594,1.69375,0.00217403,2.72725,2.77551
6.7688e+06,0.000309605,1.69375,0.00217599,2.78593,2.72816
6.76901e+06,0.000283412,1.69375,0.0021779,2.85277,2.67265
6.76923e+06,0.000258235,1.69375,0.00217977,2.92984,2.60691
6.76945e+06,0.000234375,1.69375,0.0021816,3.01975,2.52833
6.76966e+06,0.000212235,1.69374,0.00218338,3.12567,2.43373
6.76988e+06,0.000192359,1.69374,0.00218511,3.25114,2.3196
6.7701e+06,0.000175452,1.69374,0.0021868,3.39931,2.18276
6.77031e+06,0.000162365,1.69374,0.00218845,3.57148,2.02192
6.77052e+06,0.000153978,1.69374,0.00219005,3.76477,1.83996
6.77074e+06,0.000150971,1.69373,0.0021916,3.97045,1.64562
6.77095e+06,0.000153548,1.69373,0.00219311,4.17529,1.45211
6.77116e+06,0.000161324,1.69373,0.00219458,4.36643,1.2723
6.77137e+06,0.000173487,1.69373,0.002196,4.53581,1.11425
6.77157e+06,0.000189079,1.69373,0.00219738,4.68117,0.980222
6.77178e+06,0.000207218,1.69373,0.00219872,4.80414,0.86859
6.77198e+06,0.000227191,1.69372,0.00220002,4.90798,0.77608
6.77218e+06,0.000248454,1.69372,0.00220127,4.99621,0.699187
6.77238e+06,0.000270608,1.69372,0.00220248,5.07193,0.634801
6.77258e+06,0.000293357,1.69372,0.00220365,5.13768,0.580376
6.77278e+06,0.000316484,1.69372,0.00220477,5.19549,0.5339
6.77297e+06,0.000339826,1.69371,0.00220586,5.24692,0.493807
6.77316e+06,0.000363259,1.69371,0.00220691,5.29318,0.458881
6.77335e+06,0.000386687,1.69371,0.00220792,5.33522,0.428175
6.77354e+06,0.000410032,1.69371,0.00220888,5.37378,0.400947
6.77372e+06,0.000433233,1.69371,0.00220981,5.40945,0.376611
6.7739e+06,0.000456241,1.69371,0.0022107,5.4427,0.3547
6.77408e+06,0.000479013,1.6937,0.00221156,5.47389,0.334838
6.77426e+06,0.000501512,1.6937,0.00221238,5.50334,0.316723
6.77443e+06,0.000523708,1.6937,0.00221316,5.5313,0.300104
6.7746e+06,0.000545574,1.6937,0.0022139,5.55796,0.284778
6.77477e+06,0.000567087,1.6937,0.00221461,5.58349,0.270573
6.77493e+06,0.000588223,1.6937,0.00221529,5.60805,0.257348
6.77509e+06,0.000608965,1.69369,0.00221593,5.63176,0.244982
6.77525e+06,0.000629294,1.69369,0.00221654,5.6547,0.233374
6.7754e+06,0.000649194,1.69369,0.00221712,5.67697,0.222437
6.77555e+06,0.00066865,1.69369,0.00221766,5.69865,0.212096
6.7757e+06,0.000687648,1.69369,0.00221818,5.71979,0.202287
6.77584e+06,0.000706175,1.69369,0.00221866,5.74046,0.192955
6.77598e+06,0.000724218,1.69369,0.00221912,5.7607,0.18405
6.77611e+06,0.000741766,1.69369,0.00221954,5.78055,0.175531
6.77624e+06,0.000758808,1.69368,0.00221994,5.80006,0.167359
6.77637e+06,0.000775333,1.69368,0.00222032,5.81925,0.159503
6.77649e+06,0.000791332,1.69368,0.00222066,5.83816,0.151932
6.77661e+06,0.000806794,1.69368,0.00222098,5.8568,0.14462
6.77673e+06,0.000821712,1.69368,0.00222128,5.87522,0.137544
6.77684e+06,0.000836077,1.69368,0.00222155,5.89341,0.130684
6.77694e+06,0.00084988,1.69368,0.00222181,5.91141,0.12402
6.77704e+06,0.000863114,1.69368,0.00222204,5.92923,0.117535
6.77714e+06,0.000875772,1.69368,0.00222225,5.94689,0.111213
6.77723e+06,0.000887848,1.69368,0.00222244,5.9644,0.105041
6.77732e+06,0.000899333,1.69367,0.00222261,5.98177,0.0990061
6.77741e+06,0.000910224,1.69367,0.00222276,5.99902,0.0930958
6.77748e+06,0.000920513,1.69367,0.00222289,6.01615,0.0872996
6.77756e+06,0.000930195,1.69367,0.00222301,6.03318,0.0816073
6.77763e+06,0.000939265,1.69367,0.00222312,6.05011,0.0760098
6.77769e+06,0.000947719,1.69367,0.00222321,6.06696,0.0704982
6.77775e+06,0.000955552,1.69367,0.00222329,6.08373,0.0650645
6.77781e+06,0.00096276,1.69367,0.00222335,6.10043,0.0597012
6.77786e+06,0.000969339,1.69367,0.00222341,6.11706,0.054401
6.77791e+06,0.000975287,1.69367,0.00222345,6.13364,0.0491572
6.77795e+06,0.000980599,1.69367,0.00222349,6.15017,0.0439633
6.77798e+06,0.000985273,1.69367,0.00222352,6.16666,0.0388133
6.77802e+06,0.000989307,1.69367,0.00222354,6.18311,0.0337012
6.77804e+06,0.000992699,1.69367,0.00222355,6.19953,0.0286214
6.77806e+06,0.000995447,1.69367,0.00222356,6.21591,0.0235683
6.77808e+06,0.000997549,1.69367,0.00222357,6.23228,0.0185367
6.77809e+06,0.000999005,1.69367,0.00222357,6.24863,0.0135213
6.7781e+06,0.000999814,1.69367,0.00222357,6.26498,0.00851685
6.7781e+06,0.000999974,1.69367,0.00222357,6.28131,0.00351839
6.7781e+06,0.000999487,1.69367,0.00222357,0.0144589,6.28171
6.77809e+06,0.000998352,1.69367,0.00222357,0.030797,6.2767
6.77808e+06,0.00099657,1.69367,0.00222358,0.0471445,6.27169
6.77806e+06,0.000994142,1.69367,0.00222359,0.0635063,6.26667
6.77803e+06,0.000991069,1.69367,0.0022236,0.0798878,6.26162
6.77801e+06,0.000987352,1.69367,0.00222361,0.0962943,6.25655
6.77797e+06,0.000982993,1.69367,0.00222364,0.112731,6.25145
6.77794e+06,0.000977995,1.69367,0.00222367,0.129204,6.24632
6.77789e+06,0.000972359,1.69367,0.0022237,0.14572,6.24114
6.77785e+06,0.00096609,1.69367,0.00222375,0.162283,6.23591
6.77779e+06,0.000959189,1.69367,0.00222381,0.178901,6.23063
6.77774e+06,0.00095166,1.69367,0.00222388,0.19558,6.22528
6.77768e+06,0.000943507,1.69367,0.00222396,0.212328,6.21987
6.77761e+06,0.000934735,1.69367,0.00222406,0.229153,6.21438
6.77754e+06,0.000925347,1.69367,0.00222416,0.246061,6.20881
6.77746e+06,0.000915349,1.69367,0.00222429,0.263063,6.20315
6.77738e+06,0.000904746,1.69367,0.00222443,0.280167,6.19738
6.7773e+06,0.000893542,1.69367,0.00222459,0.297384,6.1915
6.77721e+06,0.000881745,1.69368,0.00222476,0.314724,6.18549
6.77711e+06,0.000869359,1.69368,0.00222496,0.3322,6.17935
6.77701e+06,0.000856392,1.69368,0.00222517,0.349824,6.17306
6.77691e+06,0.000842851,1.69368,0.00222541,0.367611,6.16661
6.7768e+06,0.000828742,1.69368,0.00222567,0.385576,6.15998
6.77669e+06,0.000814074,1.69368,0.00222595,0.403737,6.15316
6.77658e+06,0.000798855,1.69368,0.00222625,0.422113,6.14612
6.77646e+06,0.000783093,1.69368,0.00222658,0.440725,6.13884
6.77633e+06,0.000766797,1.69368,0.00222694,0.459597,6.13131
6.77621e+06,0.000749976,1.69368,0.00222732,0.478756,6.12348
6.77607e+06,0.000732641,1.69369,0.00222772,0.498232,6.11534
6.77594e+06,0.000714801,1.69369,0.00222816,0.518059,6.10685
6.7758e+06,0.000696468,1.69369,0.00222862,0.538276,6.09797
6.77566e+06,0.000677654,1.69369,0.00222912,0.558925,6.08865
6.77551e+06,0.000658371,1.69369,0.00222964,0.580059,6.07885
6.77536e+06,0.000638633,1.69369,0.00223019,0.601733,6.06851
6.7752e+06,0.000618452,1.69369,0.00223078,0.624017,6.05757
6.77505e+06,0.000597845,1.6937,0.0022314,0.646987,6.04593
6.77488e+06,0.000576828,1.6937,0.00223205,0.670734,6.03352
6.77472e+06,0.000555419,1.6937,0.00223274,0.695367,6.02022
6.77455e+06,0.000533637,1.6937,0.00223346,0.721012,6.00591
6.77438e+06,0.000511504,1.6937,0.00223421,0.747821,5.99043
6.77421e+06,0.000489045,1.6937,0.002235,0.775976,5.97361
6.77403e+06,0.000466287,1.6937,0.00223583,0.805698,5.95523
6.77385e+06,0.000443262,1.69371,0.0022367,0.837256,5.935
6.77367e+06,0.000420007,1.69371,0.0022376,0.870984,5.91261
6.77349e+06,0.000396565,1.69371,0.00223854,0.907293,5.88763
6.7733e+06,0.00037299,1.69371,0.00223952,0.946701,5.85956
6.77311e+06,0.000349348,1.69371,0.00224054,0.989866,5.82773
6.77292e+06,0.000325719,1.69371,0.0022416,1.03763,5.7913
6.77272e+06,0.000302208,1.69372,0.00224269,1.09107,5.74919
6.77252e+06,0.000278953,1.69372,0.00224383,1.1516,5.7
6.77233e+06,0.000256135,1.69372,0.00224501,1.22105,5.64188
6.77213e+06,0.000234002,1.69372,0.00224624,1.30179,5.57247
6.77192e+06,0.000212894,1.69372,0.0022475,1.39687,5.48872
6.77172e+06,0.000193281,1.69373,0.00224881,1.50996,5.38697
6.77151e+06,0.000175805,1.69373,0.00225016,1.64508,5.26318
6.7713e+06,0.000161308,1.69373,0.00225155,1.80557,5.11402
6.7711e+06,0.0001508,1.69373,0.00225299,1.99195,4.93898
6.77089e+06,0.000145293,1.69373,0.00225447,2.19903,4.74323
6.77067e+06,0.000145493,1.69374,0.00225599,2.41472,4.53886
6.77046e+06,0.000151497,1.69374,0.00225756,2.62342,4.3415
6.77025e+06,0.000162767,1.69374,0.00225917,2.81239,4.16386
6.77003e+06,0.000178394,1.69374,0.00226083,2.97572,4.01186
6.76982e+06,0.000197416,1.69374,0.00226253,3.11344,3.88547
6.7696e+06,0.000219007,1.69374,0.00226428,3.22871,3.78153
6.76939e+06,0.000242526,1.69375,0.00226607,3.32554,3.69603
6.76917e+06,0.0002675,1.69375,0.00226791,3.40769,3.62522
6.76895e+06,0.000293584,1.69375,0.00226979,3.47824,3.566
6.76873e+06,0.000320527,1.69375,0.00227172,3.53964,3.51593
6.76852e+06,0.000348142,1.69375,0.00227369,3.59379,3.47311
6.7683e+06,0.000376289,1.69376,0.00227571,3.64212,3.43611
6.76808e+06,0.00040486,1.69376,0.00227778,3.68575,3.40381
6.76786e+06,0.000433771,1.69376,0.00227989,3.72555,3.37534
6.76765e+06,0.000462953,1.69376,0.00228204,3.76218,3.35004
6.76743e+06,0.000492351,1.69376,0.00228424,3.79619,3.32736
6.76721e+06,0.000521918,1.69377,0.00228649,3.82799,3.30689
6.767e+06,0.000551614,1.69377,0.00228878,3.85791,3.28829
6.76678e+06,0.000581404,1.69377,0.00229112,3.88625,3.27129
6.76657e+06,0.000611259,1.69377,0.0022935,3.91322,3.25565
6.76636e+06,0.00064115,1.69377,0.00229592,3.93901,3.24119
6.76615e+06,0.000671053,1.69378,0.00229839,3.96376,3.22776
6.76594e+06,0.000700944,1.69378,0.00230091,3.98763,3.21523
6.76573e+06,0.000730803,1.69378,0.00230346,4.0107,3.20348
6.76552e+06,0.000760609,1.69378,0.00230607,4.03308,3.19244
6.76531e+06,0.000790344,1.69378,0.00230871,4.05484,3.18201
6.76511e+06,0.000819989,1.69379,0.0023114,4.07605,3.17212
6.76491e+06,0.000849528,1.69379,0.00231413,4.09676,3.16273
6.76471e+06,0.000878944,1.69379,0.0023169,4.11704,3.15378
6.76451e+06,0.000908221,1.69379,0.00231971,4.13693,3.14523
6.76431e+06,0.000937344,1.69379,0.00232257,4.15645,3.13703
6.76412e+06,0.000966298,1.6938,0.00232547,4.17566,3.12915
6.76392e+06,0.000995068,1.6938,0.0023284,4.19457,3.12157
6.76373e+06,0.00102364,1.6938,0.00233138,4.21321,3.11425
6.76355e+06,0.001052,1.6938,0.0023344,4.23161,3.10717
6.76336e+06,0.00108014,1.6938,0.00233745,4.24979,3.10032
6.76318e+06,0.00110803,1.6938,0.00234055,4.26777,3.09367
6.763e+06,0.00113568,1.69381,0.00234368,4.28557,3.0872
6.76282e+06,0.00116307,1.69381,0.00234685,4.30319,3.08091
6.76265e+06,0.00119017,1.69381,0.00235005,4.32066,3.07477
6.76248e+06,0.00121699,1.69381,0.0023533,4.33798,3.06877
6.76231e+06,0.00124351,1.69381,0.00235657,4.35517,3.0629
6.76215e+06,0.00126972,1.69381,0.00235989,4.37224,3.05716
6.76198e+06,0.00129561,1.69381,0.00236323,4.3892,3.05153
6.76183e+06,0.00132116,1.69382,0.00236661,4.40605,3.046
6.76167e+06,0.00134637,1.69382,0.00237003,4.42281,3.04057
6.76152e+06,0.00137123,1.69382,0.00237347,4.43947,3.03522
6.76137e+06,0.00139572,1.69382,0.00237695,4.45606,3.02996
6.76123e+06,0.00141983,1.69382,0.00238046,4.47257,3.02478
6.76109e+06,0.00144356,1.69382,0.00238399,4.48902,3.01966
6.76095e+06,0.00146689,1.69382,0.00238756,4.50539,3.0146
6.76082e+06,0.00148982,1.69383,0.00239115,4.52171,3.00961
6.76069e+06,0.00151234,1.69383,0.00239477,4.53798,3.00467
6.76057e+06,0.00153443,1.69383,0.00239842,4.55419,2.99978
6.76045e+06,0.0015561,1.69383,0.00240209,4.57036,2.99494
6.76033e+06,0.00157732,1.69383,0.00240579,4.58648,2.99014
6.76022e+06,0.0015981,1.69383,0.00240951,4.60257,2.98537
6.76011e+06,0.00161842,1.69383,0.00241326,4.61862,2.98065
6.76001e+06,0.00163828,1.69383,0.00241703,4.63463,2.97595
6.75991e+06,0.00165767,1.69383,0.00242082,4.65062,2.97129
6.75981e+06,0.00167658,1.69383,0.00242463,4.66658,2.96665
6.75972e+06,0.00169501,1.69384,0.00242845,4.68252,2.96204
6.75964e+06,0.00171295,1.69384,0.0024323,4.69843,2.95744
6.75956e+06,0.00173039,1.69384,0.00243617,4.71433,2.95287
6.75948e+06,0.00174733,1.69384,0.00244005,4.73021,2.94831
6.75941e+06,0.00176376,1.69384,0.00244394,4.74607,2.94377
6.75934e+06,0.00177967,1.69384,0.00244785,4.76192,2.93924
6.75928e+06,0.00179507,1.69384,0.00245178,4.77776,2.93472
6.75922e+06,0.00180994,1.69384,0.00245572,4.7936,2.93021
6.75917e+06,0.00182428,1.69384,0.00245967,4.80942,2.92571
6.75912e+06,0.00183809,1.69384,0.00246363,4.82524,2.92121
6.75907e+06,0.00185136,1.69384,0.0024676,4.84106,2.91672
6.75903e+06,0.00186409,1.69384,0.00247157,4.85687,2.91222
6.759e+06,0.00187627,1.69384,0.00247556,4.87268,2.90773
6.75897e+06,0.00188791,1.69384,0.00247955,4.8885,2.90324
6.75895e+06,0.00189899,1.69384,0.00248355,4.90432,2.89874
6.75893e+06,0.00190952,1.69384,0.00248755,4.92014,2.89424
6.75891e+06,0.00191949,1.69384,0.00249156,4.93596,2.88973
6.7589e+06,0.00192891,1.69384,0.00249557,4.9518,2.88522
6.7589e+06,0.00193776,1.69384,0.00249958,4.96764,2.8807
6.7589e+06,0.00194605,1.69384,0.00250359,4.98349,2.87617
6.7589e+06,0.00195378,1.69384,0.0025076,4.99935,2.87162
6.75891e+06,0.00196095,1.69384,0.00251161,5.01523,2.86707
6.75893e+06,0.00196754,1.69384,0.00251561,5.03112,2.8625
6.75895e+06,0.00197358,1.69384,0.00251962,5.04702,2.85792
6.75897e+06,0.00197904,1.69384,0.00252361,5.06294,2.85332
6.759e+06,0.00198394,1.69384,0.00252761,5.07887,2.84871
6.75904e+06,0.00198828,1.69384,0.00253159,5.09482,2.84407
6.75908e+06,0.00199205,1.69384,0.00253557,5.11079,2.83942
6.75912e+06,0.00199526,1.69384,0.00253954,5.12678,2.83475
6.75917e+06,0.0019979,1.69384,0.00254349,5.1428,2.83005
6.75922e+06,0.00199998,1.69384,0.00254744,5.15883,2.82534
6.75928e+06,0.0020015,1.69384,0.00255138,5.17489,2.8206
6.75935e+06,0.00200247,1.69384,0.0025553,5.19098,2.81583
6.75941e+06,0.00200288,1.69384,0.00255921,5.20708,2.81104
6.75949e+06,0.00200274,1.69384,0.00256311,5.22322,2.80622
6.75956e+06,0.00200204,1.69384,0.00256698,5.23938,2.80138
6.75964e+06,0.0020008,1.69384,0.00257085,5.25558,2.7965
6.75973e+06,0.00199902,1.69384,0.00257469,5.2718,2.7916
6.75982e+06,0.0019967,1.69383,0.00257852,5.28805,2.78666
6.75992e+06,0.00199384,1.69383,0.00258232,5.30434,2.78169
6.76002e+06,0.00199045,1.69383,0.00258611,5.32066,2.77669
6.76012e+06,0.00198653,1.69383,0.00258987,5.33702,2.77165
6.76023e+06,0.00198209,1.69383,0.00259362,5.35341,2.76658
6.76034e+06,0.00197713,1.69383,0.00259734,5.36983,2.76147
6.76046e+06,0.00197166,1.69383,0.00260103,5.3863,2.75632
6.76058e+06,0.00196568,1.69383,0.0026047,5.4028,2.75114
6.7607e+06,0.00195919,1.69383,0.00260835,5.41934,2.74591
6.76083e+06,0.00195221,1.69383,0.00261196,5.43593,2.74064
6.76096e+06,0.00194474,1.69382,0.00261556,5.45256,2.73533
6.7611e+06,0.00193679,1.69382,0.00261912,5.46923,2.72998
6.76124e+06,0.00192836,1.69382,0.00262265,5.48594,2.72458
6.76138e+06,0.00191945,1.69382,0.00262615,5.5027,2.71914
6.76153e+06,0.00191008,1.69382,0.00262963,5.51951,2.71365
6.76168e+06,0.00190026,1.69382,0.00263307,5.53636,2.70811
6.76184e+06,0.00188998,1.69382,0.00263648,5.55327,2.70252
6.76199e+06,0.00187926,1.69381,0.00263985,5.57022,2.69688
6.76216e+06,0.0018681,1.69381,0.0026432,5.58723,2.69119
6.76232e+06,0.00185652,1.69381,0.00264651,5.60429,2.68544
6.76249e+06,0.00184451,1.69381,0.00264978,5.62141,2.67965
6.76266e+06,0.0018321,1.69381,0.00265302,5.63858,2.67379
6.76283e+06,0.00181928,1.69381,0.00265622,5.6558,2.66788
6.76301e+06,0.00180606,1.69381,0.00265939,5.67309,2.66191
6.76319e+06,0.00179246,1.6938,0.00266252,5.69043,2.65588
6.76337e+06,0.00177848,1.6938,0.00266561,5.70784,2.64979
6.76355e+06,0.00176414,1.6938,0.00266866,5.7253,2.64364
6.76374e+06,0.00174943,1.6938,0.00267167,5.74283,2.63743
6.76393e+06,0.00173437,1.6938,0.00267464,5.76043,2.63115
6.76412e+06,0.00171897,1.6938,0.00267758,5.77809,2.6248
6.76432e+06,0.00170323,1.69379,0.00268047,5.79582,2.61839
6.76451e+06,0.00168717,1.69379,0.00268332,5.81362,2.6119
6.76471e+06,0.0016708,1.69379,0.00268613,5.83149,2.60535
6.76491e+06,0.00165413,1.69379,0.0026889,5.84943,2.59873
6.76512e+06,0.00163716,1.69379,0.00269163,5.86744,2.59203
6.76532e+06,0.0016199,1.69378,0.00269431,5.88553,2.58525
6.76552e+06,0.00160237,1.69378,0.00269695,5.90369,2.5784
6.76573e+06,0.00158458,1.69378,0.00269955,5.92194,2.57148
6.76594e+06,0.00156653,1.69378,0.00270211,5.94026,2.56447
6.76615e+06,0.00154824,1.69378,0.00270462,5.95866,2.55738
6.76636e+06,0.00152971,1.69377,0.00270708,5.97715,2.55021
6.76657e+06,0.00151095,1.69377,0.00270951,5.99572,2.54296
6.76679e+06,0.00149198,1.69377,0.00271188,6.01437,2.53562
6.767e+06,0.00147281,1.69377,0.00271422,6.03311,2.52819
6.76721e+06,0.00145344,1.69377,0.0027165,6.05194,2.52067
6.76743e+06,0.00143389,1.69376,0.00271875,6.07087,2.51307
6.76765e+06,0.00141416,1.69376,0.00272095,6.08988,2.50537
6.76786e+06,0.00139427,1.69376,0.0027231,6.10899,2.49757
6.76808e+06,0.00137422,1.69376,0.00272521,6.12819,2.48969
6.7683e+06,0.00135403,1.69376,0.00272727,6.14749,2.4817
6.76851e+06,0.0013337,1.69375,0.00272929,6.16688,2.47362
6.76873e+06,0.00131325,1.69375,0.00273126,6.18638,2.46544
6.76895e+06,0.00129269,1.69375,0.00273319,6.20598,2.45715
6.76916e+06,0.00127202,1.69375,0.00273507,6.22568,2.44877
6.76938e+06,0.00125125,1.69375,0.0027369,6.24549,2.44027
6.76959e+06,0.0012304,1.69375,0.00273869,6.2654,2.43167
6.76981e+06,0.00120947,1.69374,0.00274044,0.00223646,2.42297
6.77002e+06,0.00118848,1.69374,0.00274214,0.022367,2.41415
6.77024e+06,0.00116743,1.69374,0.0027438,0.0426086,2.40522
6.77045e+06,0.00114633,1.69374,0.00274541,0.0629626,2.39618
6.77066e+06,0.00112519,1.69374,0.00274697,0.0834306,2.38703
6.77087e+06,0.00110402,1.69373,0.0027485,0.104014,2.37776
6.77108e+06,0.00108283,1.69373,0.00274998,0.124714,2.36837
6.77129e+06,0.00106163,1.69373,0.00275141,0.145532,2.35887
6.7715e+06,0.00104042,1.69373,0.00275281,0.166469,2.34925
6.7717e+06,0.00101921,1.69373,0.00275415,0.187526,2.3395
6.77191e+06,0.000998022,1.69372,0.00275546,0.208705,2.32964
6.77211e+06,0.000976849,1.69372,0.00275673,0.230007,2.31965
6.77231e+06,0.000955703,1.69372,0.00275795,0.251432,2.30954
6.77251e+06,0.000934592,1.69372,0.00275913,0.272981,2.2993
6.7727e+06,0.000913523,1.69372,0.00276027,0.294656,2.28894
6.7729e+06,0.000892502,1.69371,0.00276137,0.316456,2.27846
6.77309e+06,0.000871537,1.69371,0.00276243,0.338382,2.26784
6.77328e+06,0.000850633,1.69371,0.00276345,0.360434,2.25711
6.77346e+06,0.000829798,1.69371,0.00276443,0.382613,2.24624
6.77365e+06,0.000809037,1.69371,0.00276537,0.404919,2.23525
6.77383e+06,0.000788355,1.69371,0.00276627,0.427351,2.22413
6.77401e+06,0.000767759,1.6937,0.00276714,0.449909,2.21289
6.77418e+06,0.000747252,1.6937,0.00276797,0.472592,2.20152
6.77436e+06,0.000726841,1.6937,0.00276876,0.495399,2.19002
6.77453e+06,0.000706529,1.6937,0.00276952,0.518329,2.17841
6.77469e+06,0.00068632,1.6937,0.00277024,0.541381,2.16667
6.77486e+06,0.000666219,1.6937,0.00277093,0.564552,2.15481
6.77502e+06,0.000646228,1.6937,0.00277158,0.58784,2.14284
6.77518e+06,0.000626351,1.69369,0.0027722,0.611243,2.13075
6.77533e+06,0.000606591,1.69369,0.00277279,0.634757,2.11855
6.77548e+06,0.00058695,1.69369,0.00277334,0.658378,2.10624
6.77563e+06,0.00056743,1.69369,0.00277387,0.682103,2.09383
6.77577e+06,0.000548033,1.69369,0.00277436,0.705926,2.08132
6.77591e+06,0.000528761,1.69369,0.00277483,0.729841,2.06872
6.77605e+06,0.000509614,1.69369,0.00277527,0.753842,2.05603
6.77618e+06,0.000490593,1.69368,0.00277568,0.77792,2.04327
6.77631e+06,0.000471698,1.69368,0.00277606,0.802068,2.03043
6.77643e+06,0.00045293,1.69368,0.00277642,0.826275,2.01754
6.77655e+06,0.000434288,1.69368,0.00277675,0.850528,2.0046
6.77666e+06,0.000415771,1.69368,0.00277705,0.874816,1.99162
6.77678e+06,0.000397377,1.69368,0.00277734,0.899121,1.97863
6.77688e+06,0.000379107,1.69368,0.0027776,0.923426,1.96564
6.77699e+06,0.000360957,1.69368,0.00277783,0.947708,1.95267
6.77708e+06,0.000342926,1.69368,0.00277805,0.971943,1.93975
6.77718e+06,0.00032501,1.69368,0.00277825,0.996099,1.92691
6.77727e+06,0.000307208,1.69368,0.00277843,1.02014,1.91418
6.77735e+06,0.000289517,1.69367,0.00277859,1.04402,1.90161
6.77743e+06,0.000271932,1.69367,0.00277873,1.06769,1.88926
6.77751e+06,0.000254451,1.69367,0.00277886,1.09107,1.8772
6.77758e+06,0.00023707,1.69367,0.00277897,1.11408,1.8655
6.77765e+06,0.000219784,1.69367,0.00277906,1.1366,1.85429
6.77771e+06,0.000202591,1.69367,0.00277915,1.15849,1.84371
6.77777e+06,0.000185486,1.69367,0.00277922,1.17955,1.83397
6.77782e+06,0.000168465,1.69367,0.00277928,1.19949,1.82534
6.77787e+06,0.000151526,1.69367,0.00277933,1.21791,1.81823
6.77791e+06,0.000134667,1.69367,0.00277937,1.23423,1.81323
6.77795e+06,0.000117887,1.69367,0.0027794,1.24752,1.81125
6.77798e+06,0.000101192,1.69367,0.00277942,1.25626,1.81383
6.77801e+06,8.45918e-05,1.69367,0.00277944,1.25775,1.82364
6.77803e+06,6.81162e-05,1.69367,0.00277945,1.24675,1.84596
6.77805e+06,5.18384e-05,1.69367,0.00277946,1.21155,1.89248
6.77807e+06,3.59745e-05,1.69367,0.00277946,1.12027,1.99507
6.77808e+06,2.1395e-05,1.69367,0.00277946,0.85681,2.26984
6.77808e+06,1.32648e-05,1.69367,0.00277946,6.27664,3.14451
6.77808e+06,2.11593e-05,1.69367,0.00277946,5.39987,4.03259
6.77807e+06,3.56772e-05,1.69367,0.00277946,5.1309,4.31287
6.77806e+06,5.14991e-05,1.69367,0.00277947,5.0381,4.41699
6.77805e+06,6.77295e-05,1.69367,0.00277947,5.00233,4.46408
6.77803e+06,8.41476e-05,1.69367,0.00277948,4.99109,4.48663
6.778e+06,0.000100679,1.69367,0.0027795,4.99249,4.49654
6.77797e+06,0.000117294,1.69367,0.00277951,5.00121,4.49913
6.77794e+06,0.000133982,1.69367,0.00277954,5.01453,4.49713
6.7779e+06,0.000150738,1.69367,0.00277958,5.03091,4.49206
6.77785e+06,0.000167563,1.69367,0.00277962,5.04942,4.48487
6.7778e+06,0.000184458,1.69367,0.00277967,5.06946,4.47614
6.77775e+06,0.000201428,1.69367,0.00277973,5.09064,4.46628
6.77769e+06,0.000218475,1.69367,0.00277981,5.11266,4.45556
6.77762e+06,0.000235603,1.69367,0.0027799,5.13533,4.44421
6.77756e+06,0.000252818,1.69367,0.00278,5.1585,4.43235
6.77748e+06,0.000270124,1.69367,0.00278012,5.18205,4.42011
6.77741e+06,0.000287523,1.69367,0.00278025,5.2059,4.40758
6.77732e+06,0.000305021,1.69367,0.0027804,5.22997,4.39482
6.77724e+06,0.000322621,1.69368,0.00278056,5.25421,4.3819
6.77714e+06,0.000340326,1.69368,0.00278075,5.27857,4.36885
6.77705e+06,0.00035814,1.69368,0.00278095,5.30302,4.35571
6.77695e+06,0.000376065,1.69368,0.00278118,5.32753,4.34252
6.77684e+06,0.000394105,1.69368,0.00278142,5.35206,4.3293
6.77674e+06,0.00041226,1.69368,0.00278169,5.3766,4.31608
6.77662e+06,0.000430534,1.69368,0.00278198,5.40113,4.30286
6.77651e+06,0.000448928,1.69368,0.0027823,5.42563,4.28968
6.77638e+06,0.000467443,1.69368,0.00278264,5.45008,4.27653
6.77626e+06,0.000486079,1.69368,0.002783,5.47448,4.26345
6.77613e+06,0.000504838,1.69369,0.00278339,5.49882,4.25042
6.776e+06,0.00052372,1.69369,0.00278381,5.52308,4.23748
6.77586e+06,0.000542724,1.69369,0.00278426,5.54726,4.22461
6.77572e+06,0.000561849,1.69369,0.00278474,5.57135,4.21184
6.77558e+06,0.000581096,1.69369,0.00278524,5.59534,4.19916
6.77543e+06,0.000600461,1.69369,0.00278578,5.61923,4.18658
6.77528e+06,0.000619945,1.69369,0.00278635,5.64302,4.17411
6.77512e+06,0.000639544,1.69369,0.00278695,5.66669,4.16175
6.77496e+06,0.000659257,1.6937,0.00278758,5.69026,4.1495
6.7748e+06,0.00067908,1.6937,0.00278824,5.7137,4.13737
6.77464e+06,0.000699011,1.6937,0.00278894,5.73703,4.12536
6.77447e+06,0.000719046,1.6937,0.00278968,5.76023,4.11347
6.7743e+06,0.000739181,1.6937,0.00279045,5.78331,4.1017
6.77412e+06,0.000759413,1.6937,0.00279125,5.80626,4.09006
6.77394e+06,0.000779736,1.69371,0.0027921,5.82909,4.07854
6.77376e+06,0.000800147,1.69371,0.00279298,5.8518,4.06715
6.77358e+06,0.00082064,1.69371,0.00279389,5.87437,4.05589
6.7734e+06,0.000841209,1.69371,0.00279485,5.89682,4.04476
6.77321e+06,0.00086185,1.69371,0.00279584,5.91913,4.03376
6.77302e+06,0.000882557,1.69371,0.00279688,5.94132,4.02288
6.77283e+06,0.000903322,1.69372,0.00279795,5.96339,4.01213
6.77263e+06,0.000924141,1.69372,0.00279906,5.98532,4.00151
6.77244e+06,0.000945005,1.69372,0.00280022,6.00713,3.99102
6.77224e+06,0.000965909,1.69372,0.00280141,6.02881,3.98065
6.77204e+06,0.000986845,1.69372,0.00280265,6.05036,3.97041
6.77183e+06,0.00100781,1.69372,0.00280393,6.07179,3.9603
6.77163e+06,0.00102878,1.69373,0.00280525,6.09309,3.95031
6.77142e+06,0.00104977,1.69373,0.00280662,6.11428,3.94044
6.77122e+06,0.00107076,1.69373,0.00280803,6.13534,3.9307
6.77101e+06,0.00109174,1.69373,0.00280948,6.15627,3.92107
6.7708e+06,0.0011127,1.69373,0.00281097,6.17709,3.91157
6.77059e+06,0.00113365,1.69374,0.00281251,6.19779,3.90218
6.77037e+06,0.00115455,1.69374,0.00281409,6.21838,3.89291
6.77016e+06,0.00117542,1.69374,0.00281572,6.23885,3.88376
6.76995e+06,0.00119624,1.69374,0.00281739,6.2592,3.87472
6.76973e+06,0.001217,1.69374,0.00281911,6.27944,3.86579
6.76952e+06,0.00123769,1.69375,0.00282087,0.0163881,3.85697
6.7693e+06,0.0012583,1.69375,0.00282268,0.0364094,3.84826
6.76908e+06,0.00127882,1.69375,0.00282453,0.0563229,3.83967
6.76887e+06,0.00129925,1.69375,0.00282643,0.07613,3.83117
6.76865e+06,0.00131956,1.69375,0.00282837,0.0958325,3.82278
6.76843e+06,0.00133977,1.69376,0.00283036,0.115432,3.8145
6.76822e+06,0.00135984,1.69376,0.00283239,0.13493,3.80632
6.768e+06,0.00137978,1.69376,0.00283447,0.154328,3.79823
6.76778e+06,0.00139957,1.69376,0.0028366,0.173628,3.79025
6.76757e+06,0.00141921,1.69376,0.00283877,0.192831,3.78236
6.76735e+06,0.00143868,1.69377,0.00284098,0.21194,3.77456
6.76714e+06,0.00145797,1.69377,0.00284324,0.230955,3.76686
6.76692e+06,0.00147708,1.69377,0.00284555,0.249879,3.75926
6.76671e+06,0.00149599,1.69377,0.00284789,0.268713,3.75174
6.7665e+06,0.00151469,1.69377,0.00285029,0.287458,3.74431
6.76628e+06,0.00153318,1.69378,0.00285273,0.306117,3.73696
6.76607e+06,0.00155144,1.69378,0.00285521,0.32469,3.7297
6.76586e+06,0.00156946,1.69378,0.00285774,0.34318,3.72253
6.76566e+06,0.00158724,1.69378,0.00286031,0.361587,3.71544
6.76545e+06,0.00160476,1.69378,0.00286292,0.379915,3.70842
6.76525e+06,0.00162201,1.69378,0.00286558,0.398163,3.70149
6.76504e+06,0.00163899,1.69379,0.00286828,0.416334,3.69464
6.76484e+06,0.00165568,1.69379,0.00287102,0.434429,3.68786
6.76464e+06,0.00167208,1.69379,0.0028738,0.45245,3.68115
6.76444e+06,0.00168817,1.69379,0.00287663,0.470398,3.67452
6.76425e+06,0.00170395,1.69379,0.00287949,0.488275,3.66796
6.76405e+06,0.0017194,1.6938,0.0028824,0.506082,3.66147
6.76386e+06,0.00173451,1.6938,0.00288535,0.52382,3.65504
6.76367e+06,0.00174929,1.6938,0.00288834,0.541492,3.64869
6.76349e+06,0.00176371,1.6938,0.00289136,0.559097,3.6424
6.7633e+06,0.00177777,1.6938,0.00289443,0.576639,3.63617
6.76312e+06,0.00179146,1.6938,0.00289753,0.594118,3.63001
6.76294e+06,0.00180478,1.69381,0.00290068,0.611535,3.62391
6.76277e+06,0.0018177,1.69381,0.00290386,0.628892,3.61787
6.7626e+06,0.00183023,1.69381,0.00290707,0.646191,3.61188
6.76243e+06,0.00184235,1.69381,0.00291032,0.663432,3.60596
6.76226e+06,0.00185407,1.69381,0.00291361,0.680617,3.60009
6.7621e+06,0.00186536,1.69381,0.00291693,0.697747,3.59428
6.76194e+06,0.00187622,1.69382,0.00292029,0.714824,3.58852
6.76178e+06,0.00188665,1.69382,0.00292367,0.731848,3.58281
6.76163e+06,0.00189664,1.69382,0.0029271,0.748821,3.57715
6.76148e+06,0.00190617,1.69382,0.00293055,0.765745,3.57154
6.76133e+06,0.00191525,1.69382,0.00293403,0.78262,3.56599
6.76119e+06,0.00192386,1.69382,0.00293755,0.799448,3.56047
6.76105e+06,0.001932,1.69382,0.00294109,0.816229,3.55501
6.76091e+06,0.00193966,1.69382,0.00294466,0.832966,3.54959
6.76078e+06,0.00194684,1.69383,0.00294826,0.849659,3.54421
6.76066e+06,0.00195352,1.69383,0.00295189,0.866309,3.53888
6.76053e+06,0.00195971,1.69383,0.00295555,0.882918,3.53359
6.76041e+06,0.0019654,1.69383,0.00295923,0.899487,3.52834
6.7603e+06,0.00197058,1.69383,0.00296293,0.916017,3.52313
6.76019e+06,0.00197525,1.69383,0.00296666,0.932509,3.51795
6.76008e+06,0.00197941,1.69383,0.00297041,0.948964,3.51281
6.75998e+06,0.00198304,1.69383,0.00297418,0.965384,3.50771
6.75988e+06,0.00198614,1.69383,0.00297797,0.981769,3.50264
6.75979e+06,0.00198871,1.69383,0.00298179,0.998121,3.49761
6.7597e+06,0.00199075,1.69384,0.00298562,1.01444,3.49261
6.75961e+06,0.00199225,1.69384,0.00298947,1.03073,3.48764
6.75953e+06,0.0019932,1.69384,0.00299334,1.04699,3.4827
6.75946e+06,0.00199361,1.69384,0.00299723,1.06322,3.47779
6.75939e+06,0.00199347,1.69384,0.00300113,1.07942,3.4729
6.75932e+06,0.00199279,1.69384,0.00300504,1.09559,3.46805
6.75926e+06,0.00199154,1.69384,0.00300897,1.11174,3.46322
6.7592e+06,0.00198974,1.69384,0.00301291,1.12787,3.45841
6.75915e+06,0.00198739,1.69384,0.00301686,1.14397,3.45363
6.7591e+06,0.00198447,1.69384,0.00302082,1.16005,3.44886
6.75906e+06,0.001981,1.69384,0.00302479,1.17611,3.44412
6.75902e+06,0.00197696,1.69384,0.00302878,1.19215,3.4394
6.75899e+06,0.00197236,1.69384,0.00303276,1.20817,3.4347
6.75896e+06,0.0019672,1.69384,0.00303676,1.22418,3.43002
6.75894e+06,0.00196147,1.69384,0.00304076,1.24017,3.42535
6.75892e+06,0.00195518,1.69384,0.00304476,1.25614,3.42069
6.75891e+06,0.00194833,1.69384,0.00304877,1.2721,3.41605
6.7589e+06,0.00194091,1.69384,0.00305278,1.28805,3.41143
6.7589e+06,0.00193294,1.69384,0.00305679,1.30398,3.40681
6.7589e+06,0.0019244,1.69384,0.0030608,1.31991,3.40221
6.75891e+06,0.0019153,1.69384,0.00306481,1.33583,3.39761
6.75892e+06,0.00190565,1.69384,0.00306882,1.35174,3.39302
6.75893e+06,0.00189544,1.69384,0.00307282,1.36764,3.38843
6.75896e+06,0.00188468,1.69384,0.00307682,1.38354,3.38385
6.75898e+06,0.00187336,1.69384,0.00308082,1.39944,3.37927
6.75901e+06,0.0018615,1.69384,0.00308481,1.41534,3.3747
6.75905e+06,0.0018491,1.69384,0.00308879,1.43124,3.37012
6.75909e+06,0.00183615,1.69384,0.00309277,1.44714,3.36554
6.75913e+06,0.00182266,1.69384,0.00309673,1.46304,3.36096
6.75918e+06,0.00180865,1.69384,0.00310069,1.47895,3.35637
6.75924e+06,0.0017941,1.69384,0.00310464,1.49487,3.35178
6.7593e+06,0.00177903,1.69384,0.00310857,1.51079,3.34718
6.75936e+06,0.00176343,1.69384,0.00311249,1.52673,3.34256
6.75943e+06,0.00174733,1.69384,0.0031164,1.54268,3.33793
6.75951e+06,0.00173071,1.69384,0.00312029,1.55864,3.33329
6.75958e+06,0.00171359,1.69384,0.00312416,1.57463,3.32863
6.75967e+06,0.00169597,1.69384,0.00312802,1.59063,3.32395
6.75976e+06,0.00167786,1.69384,0.00313186,1.60665,3.31925
6.75985e+06,0.00165926,1.69383,0.00313568,1.6227,3.31452
6.75994e+06,0.00164019,1.69383,0.00313949,1.63878,3.30977
6.76004e+06,0.00162064,1.69383,0.00314327,1.65489,3.30498
6.76015e+06,0.00160063,1.69383,0.00314703,1.67103,3.30016
6.76026e+06,0.00158016,1.69383,0.00315076,1.68721,3.29531
6.76037e+06,0.00155924,1.69383,0.00315448,1.70343,3.29041
6.76049e+06,0.00153788,1.69383,0.00315817,1.71969,3.28547
6.76061e+06,0.00151608,1.69383,0.00316183,1.736,3.28049
6.76074e+06,0.00149386,1.69383,0.00316547,1.75236,3.27545
6.76087e+06,0.00147123,1.69382,0.00316908,1.76878,3.27036
6.761e+06,0.00144819,1.69382,0.00317266,1.78526,3.2652
6.76114e+06,0.00142475,1.69382,0.00317622,1.80181,3.25998
6.76128e+06,0.00140092,1.69382,0.00317975,1.81842,3.25469
6.76143e+06,0.00137671,1.69382,0.00318324,1.83512,3.24932
6.76157e+06,0.00135214,1.69382,0.00318671,1.8519,3.24387
6.76173e+06,0.0013272,1.69382,0.00319014,1.86877,3.23832
6.76188e+06,0.00130192,1.69382,0.00319354,1.88573,3.23268
6.76204e+06,0.0012763,1.69381,0.00319691,1.90281,3.22693
6.7622e+06,0.00125036,1.69381,0.00320025,1.91999,3.22107
6.76237e+06,0.0012241,1.69381,0.00320355,1.93731,3.21508
6.76254e+06,0.00119753,1.69381,0.00320681,1.95476,3.20896
6.76271e+06,0.00117068,1.69381,0.00321004,1.97235,3.20269
6.76289e+06,0.00114354,1.69381,0.00321323,1.99011,3.19626
6.76306e+06,0.00111614,1.6938,0.00321639,2.00803,3.18966
6.76324e+06,0.00108848,1.6938,0.00321951,2.02615,3.18287
6.76343e+06,0.00106058,1.6938,0.00322259,2.04447,3.17587
6.76361e+06,0.00103245,1.6938,0.00322563,2.06302,3.16865
6.7638e+06,0.00100411,1.6938,0.00322863,2.08182,3.16118
6.76399e+06,0.000975562,1.6938,0.0032316,2.10088,3.15345
6.76419e+06,0.000946827,1.69379,0.00323452,2.12025,3.14541
6.76438e+06,0.000917919,1.69379,0.0032374,2.13994,3.13705
6.76458e+06,0.000888852,1.69379,0.00324024,2.15999,3.12833
6.76478e+06,0.000859643,1.69379,0.00324304,2.18044,3.1192
6.76498e+06,0.000830307,1.69379,0.0032458,2.20133,3.10964
6.76518e+06,0.00080086,1.69379,0.00324851,2.22272,3.09958
6.76539e+06,0.000771321,1.69378,0.00325118,2.24466,3.08897
6.76559e+06,0.000741706,1.69378,0.00325381,2.26722,3.07774
6.7658e+06,0.000712035,1.69378,0.0032564,2.29047,3.06581
6.76601e+06,0.000682328,1.69378,0.00325894,2.31452,3.0531
6.76622e+06,0.000652607,1.69378,0.00326144,2.33945,3.03949
6.76644e+06,0.000622895,1.69377,0.00326389,2.36541,3.02486
6.76665e+06,0.000593216,1.69377,0.0032663,2.39253,3.00907
6.76686e+06,0.0005636,1.69377,0.00326867,2.421,2.99193
6.76708e+06,0.000534075,1.69377,0.00327099,2.45104,2.97322
6.76729e+06,0.000504678,1.69377,0.00327326,2.4829,2.95269
6.76751e+06,0.000475448,1.69376,0.00327549,2.5169,2.93002
6.76773e+06,0.000446431,1.69376,0.00327767,2.55345,2.9048
6.76794e+06,0.000417682,1.69376,0.00327981,2.59304,2.87654
6.76816e+06,0.000389269,1.69376,0.00328191,2.63628,2.84463
6.76838e+06,0.000361274,1.69376,0.00328396,2.68397,2.80827
6.7686e+06,0.0003338,1.69375,0.00328596,2.73711,2.76647
6.76881e+06,0.00030698,1.69375,0.00328792,2.79698,2.71792
6.76903e+06,0.000280989,1.69375,0.00328983,2.86524,2.661
6.76925e+06,0.000256059,1.69375,0.00329169,2.944,2.59356
6.76946e+06,0.000232499,1.69375,0.00329352,3.0359,2.51299
6.76968e+06,0.000210731,1.69374,0.00329529,3.14412,2.41611
6.7699e+06,0.000191314,1.69374,0.00329702,3.27205,2.29951
6.77011e+06,0.000174965,1.69374,0.00329871,3.42261,2.16028
6.77033e+06,0.000162531,1.69374,0.00330035,3.59655,1.99767
6.77054e+06,0.000154864,1.69374,0.00330195,3.79029,1.81526
6.77075e+06,0.000152578,1.69373,0.0033035,3.99459,1.62229
6.77096e+06,0.000155796,1.69373,0.00330501,4.19638,1.43183
6.77117e+06,0.000164081,1.69373,0.00330647,4.38357,1.25598
6.77138e+06,0.000176607,1.69373,0.00330789,4.54898,1.1019
6.77159e+06,0.000192437,1.69373,0.00330927,4.69091,0.971304
6.77179e+06,0.000210718,1.69372,0.0033106,4.81114,0.862406
6.772e+06,0.000230766,1.69372,0.00331189,4.91291,0.771975
6.7722e+06,0.000252059,1.69372,0.00331314,4.99959,0.69663
6.7724e+06,0.000274212,1.69372,0.00331435,5.07416,0.633389
6.7726e+06,0.000296941,1.69372,0.00331552,5.13907,0.579811
6.77279e+06,0.000320034,1.69372,0.00331664,5.19625,0.533964
6.77299e+06,0.000343333,1.69371,0.00331773,5.24721,0.49434
6.77318e+06,0.000366716,1.69371,0.00331877,5.29312,0.459766
6.77337e+06,0.000390088,1.69371,0.00331977,5.33489,0.429326
6.77355e+06,0.000413376,1.69371,0.00332074,5.37325,0.402299
6.77374e+06,0.000436517,1.69371,0.00332167,5.40877,0.378116
6.77392e+06,0.000459463,1.69371,0.00332255,5.4419,0.35632
6.7741e+06,0.00048217,1.6937,0.00332341,5.473,0.336547
6.77427e+06,0.000504605,1.6937,0.00332422,5.50239,0.318498
6.77444e+06,0.000526735,1.6937,0.003325,5.53029,0.301929
6.77461e+06,0.000548534,1.6937,0.00332574,5.55692,0.286639
6.77478e+06,0.000569978,1.6937,0.00332645,5.58243,0.272461
6.77494e+06,0.000591047,1.6937,0.00332712,5.60697,0.259254
6.7751e+06,0.000611719,1.69369,0.00332776,5.63066,0.2469
6.77526e+06,0.000631979,1.69369,0.00332837,5.65359,0.235299
6.77541e+06,0.000651808,1.69369,0.00332894,5.67586,0.224365
6.77556e+06,0.000671194,1.69369,0.00332949,5.69754,0.214025
6.77571e+06,0.00069012,1.69369,0.00333,5.71868,0.204214
6.77585e+06,0.000708575,1.69369,0.00333048,5.73936,0.194878
6.77599e+06,0.000726545,1.69369,0.00333093,5.7596,0.185968
6.77612e+06,0.00074402,1.69369,0.00333136,5.77946,0.177442
6.77625e+06,0.000760988,1.69368,0.00333176,5.79898,0.169264
6.77638e+06,0.000777439,1.69368,0.00333213,5.81818,0.1614
6.7765e+06,0.000793363,1.69368,0.00333247,5.83709,0.15382
6.77662e+06,0.00080875,1.69368,0.00333279,5.85575,0.146501
6.77673e+06,0.000823592,1.69368,0.00333309,5.87417,0.139417
6.77684e+06,0.000837881,1.69368,0.00333336,5.89237,0.132548
6.77695e+06,0.000851608,1.69368,0.00333361,5.91038,0.125875
6.77705e+06,0.000864765,1.69368,0.00333384,5.92821,0.119382
6.77715e+06,0.000877346,1.69368,0.00333405,5.94587,0.113053
6.77724e+06,0.000889343,1.69368,0.00333423,5.96339,0.106873
6.77733e+06,0.000900751,1.69367,0.0033344,5.98077,0.100831
6.77741e+06,0.000911563,1.69367,0.00333456,5.99802,0.0949134
6.77749e+06,0.000921773,1.69367,0.00333469,6.01516,0.0891105
6.77756e+06,0.000931376,1.69367,0.00333481,6.03219,0.0834119
6.77763e+06,0.000940367,1.69367,0.00333491,6.04913,0.0778084
6.7777e+06,0.000948741,1.69367,0.003335,6.06599,0.0722913
6.77776e+06,0.000956494,1.69367,0.00333508,6.08276,0.0668525
6.77781e+06,0.000963621,1.69367,0.00333515,6.09947,0.0614844
6.77786e+06,0.00097012,1.69367,0.0033352,6.11611,0.0561798
6.77791e+06,0.000975987,1.69367,0.00333524,6.13269,0.0509321
6.77795e+06,0.000981218,1.69367,0.00333528,6.14922,0.0457348
6.77799e+06,0.000985811,1.69367,0.00333531,6.16571,0.0405817
6.77802e+06,0.000989764,1.69367,0.00333533,6.18216,0.035467
6.77804e+06,0.000993075,1.69367,0.00333534,6.19858,0.030385
6.77806e+06,0.000995741,1.69367,0.00333535,6.21497,0.0253302
6.77808e+06,0.000997762,1.69367,0.00333536,6.23134,0.0202972
6.77809e+06,0.000999136,1.69367,0.00333536,6.2477,0.0152809
6.7781e+06,0.000999863,1.69367,0.00333536,6.26404,0.0102761
6.7781e+06,0.000999942,1.69367,0.00333536,6.28037,0.00527762
6.7781e+06,0.000999373,1.69367,0.00333536,0.0135208,0.000280495
6.77809e+06,0.000998157,1.69367,0.00333536,0.0298581,6.27846
6.77807e+06,0.000996294,1.69367,0.00333537,0.0462042,6.27346
6.77806e+06,0.000993784,1.69367,0.00333537,0.0625642,6.26843
6.77803e+06,0.000990629,1.69367,0.00333538,0.0789435,6.26339
6.778e+06,0.000986831,1.69367,0.0033354,0.0953473,6.25832
6.77797e+06,0.000982391,1.69367,0.00333542,0.111781,6.25322
6.77793e+06,0.000977312,1.69367,0.00333545,0.128251,6.24809
6.77789e+06,0.000971596,1.69367,0.00333549,0.144762,6.24292
6.77784e+06,0.000965246,1.69367,0.00333554,0.161321,6.23769
6.77779e+06,0.000958264,1.69367,0.0033356,0.177934,6.23242
6.77773e+06,0.000950656,1.69367,0.00333567,0.194608,6.22708
6.77767e+06,0.000942423,1.69367,0.00333575,0.21135,6.22167
6.7776e+06,0.000933572,1.69367,0.00333585,0.228168,6.21619
6.77753e+06,0.000924105,1.69367,0.00333596,0.24507,6.21062
6.77746e+06,0.000914028,1.69367,0.00333609,0.262065,6.20497
6.77738e+06,0.000903346,1.69367,0.00333623,0.279162,6.1992
6.77729e+06,0.000892064,1.69367,0.00333639,0.296371,6.19333
6.7772e+06,0.000880189,1.69368,0.00333656,0.313703,6.18734
6.77711e+06,0.000867726,1.69368,0.00333676,0.33117,6.1812
6.77701e+06,0.000854682,1.69368,0.00333698,0.348785,6.17492
6.7769e+06,0.000841064,1.69368,0.00333722,0.366563,6.16848
6.7768e+06,0.00082688,1.69368,0.00333747,0.384519,6.16186
6.77669e+06,0.000812136,1.69368,0.00333776,0.402671,6.15505
6.77657e+06,0.000796842,1.69368,0.00333806,0.421038,6.14802
6.77645e+06,0.000781005,1.69368,0.00333839,0.439641,6.14075
6.77632e+06,0.000764634,1.69368,0.00333875,0.458504,6.13322
6.7762e+06,0.00074774,1.69368,0.00333913,0.477654,6.1254
6.77606e+06,0.000730332,1.69369,0.00333954,0.497122,6.11727
6.77593e+06,0.000712419,1.69369,0.00333998,0.516941,6.10879
6.77579e+06,0.000694015,1.69369,0.00334044,0.537151,6.09991
6.77564e+06,0.000675129,1.69369,0.00334094,0.557796,6.0906
6.7755e+06,0.000655775,1.69369,0.00334147,0.578926,6.08081
6.77535e+06,0.000635966,1.69369,0.00334202,0.6006,6.07047
6.77519e+06,0.000615716,1.69369,0.00334261,0.622885,6.05952
6.77503e+06,0.00059504,1.6937,0.00334323,0.645861,6.04788
6.77487e+06,0.000573954,1.6937,0.00334389,0.66962,6.03545
6.77471e+06,0.000552477,1.6937,0.00334457,0.694271,6.02214
6.77454e+06,0.000530628,1.6937,0.0033453,0.719943,6.0078
6.77437e+06,0.000508429,1.6937,0.00334605,0.746789,5.99229
6.7742e+06,0.000485905,1.6937,0.00334685,0.774995,5.97542
6.77402e+06,0.000463082,1.6937,0.00334768,0.804787,5.95696
6.77384e+06,0.000439994,1.69371,0.00334855,0.83644,5.93664
6.77366e+06,0.000416677,1.69371,0.00334945,0.870292,5.91412
6.77347e+06,0.000393176,1.69371,0.0033504,0.906768,5.88898
6.77328e+06,0.000369544,1.69371,0.00335138,0.9464,5.86068
6.77309e+06,0.000345848,1.69371,0.0033524,0.989863,5.82855
6.7729e+06,0.000322171,1.69371,0.00335346,1.03802,5.79172
6.77271e+06,0.00029862,1.69372,0.00335456,1.09201,5.74907
6.77251e+06,0.000275335,1.69372,0.0033557,1.15327,5.69914
6.77231e+06,0.000252503,1.69372,0.00335689,1.22372,5.64002
6.77211e+06,0.000230382,1.69372,0.00335811,1.30586,5.56922
6.77191e+06,0.000209323,1.69372,0.00335938,1.40283,5.48359
6.7717e+06,0.000189817,1.69373,0.00336069,1.51848,5.37926
6.7715e+06,0.000172534,1.69373,0.00336204,1.65698,5.2521
6.77129e+06,0.000158351,1.69373,0.00336344,1.82162,5.09879
6.77108e+06,0.000148312,1.69373,0.00336488,2.01251,4.91923
6.77087e+06,0.000143434,1.69373,0.00336636,2.22352,4.71955
6.77066e+06,0.000144377,1.69374,0.00336789,2.44147,4.51294
6.77045e+06,0.000151152,1.69374,0.00336946,2.65022,4.31552
6.77023e+06,0.000163136,1.69374,0.00337108,2.83749,4.13958
6.77002e+06,0.000179373,1.69374,0.00337274,2.99822,3.99018
6.7698e+06,0.000198893,1.69374,0.00337444,3.13315,3.86658
6.76959e+06,0.000220882,1.69375,0.00337619,3.24583,3.76523
6.76937e+06,0.000244719,1.69375,0.00337799,3.34043,3.68197
6.76915e+06,0.00026995,1.69375,0.00337983,3.42069,3.61304
6.76894e+06,0.000296243,1.69375,0.00338172,3.48968,3.55538
6.76872e+06,0.000323359,1.69375,0.00338365,3.54979,3.5066
6.7685e+06,0.000351119,1.69375,0.00338562,3.60286,3.46486
6.76828e+06,0.000379389,1.69376,0.00338765,3.65029,3.42876
6.76807e+06,0.000408066,1.69376,0.00338971,3.69316,3.39722
6.76785e+06,0.000437068,1.69376,0.00339183,3.73231,3.3694
6.76763e+06,0.000466329,1.69376,0.00339399,3.76839,3.34465
6.76741e+06,0.000495798,1.69376,0.00339619,3.80192,3.32245
6.7672e+06,0.000525427,1.69377,0.00339844,3.8333,3.3024
6.76698e+06,0.000555178,1.69377,0.00340073,3.86286,3.28417
6.76677e+06,0.000585018,1.69377,0.00340307,3.89088,3.26748
6.76656e+06,0.000614916,1.69377,0.00340546,3.91756,3.25212
6.76634e+06,0.000644847,1.69377,0.00340789,3.9431,3.23792
6.76613e+06,0.000674785,1.69378,0.00341036,3.96763,3.22472
6.76592e+06,0.000704708,1.69378,0.00341288,3.99129,3.21239
6.76571e+06,0.000734594,1.69378,0.00341544,4.01418,3.20083
6.76551e+06,0.000764425,1.69378,0.00341804,4.03639,3.18995
6.7653e+06,0.000794182,1.69378,0.00342069,4.05799,3.17967
6.7651e+06,0.000823847,1.69379,0.00342338,4.07906,3.16992
6.76489e+06,0.000853402,1.69379,0.00342611,4.09966,3.16066
6.76469e+06,0.000882832,1.69379,0.00342889,4.11982,3.15183
6.76449e+06,0.000912121,1.69379,0.00343171,4.13959,3.14338
6.7643e+06,0.000941254,1.69379,0.00343456,4.15902,3.13528
6.7641e+06,0.000970215,1.6938,0.00343746,4.17813,3.1275
6.76391e+06,0.000998991,1.6938,0.0034404,4.19695,3.12
6.76372e+06,0.00102757,1.6938,0.00344338,4.21552,3.11276
6.76353e+06,0.00105593,1.6938,0.0034464,4.23384,3.10576
6.76335e+06,0.00108407,1.6938,0.00344946,4.25195,3.09898
6.76317e+06,0.00111196,1.6938,0.00345256,4.26986,3.0924
6.76299e+06,0.00113961,1.69381,0.00345569,4.2876,3.08599
6.76281e+06,0.00116698,1.69381,0.00345887,4.30516,3.07975
6.76264e+06,0.00119409,1.69381,0.00346207,4.32257,3.07367
6.76247e+06,0.0012209,1.69381,0.00346532,4.33984,3.06772
6.7623e+06,0.00124741,1.69381,0.0034686,4.35698,3.06191
6.76213e+06,0.00127361,1.69381,0.00347191,4.374,3.05621
6.76197e+06,0.00129948,1.69381,0.00347526,4.39092,3.05063
6.76182e+06,0.00132502,1.69382,0.00347865,4.40773,3.04514
6.76166e+06,0.00135021,1.69382,0.00348206,4.42444,3.03975
6.76151e+06,0.00137505,1.69382,0.00348551,4.44107,3.03444
6.76136e+06,0.00139952,1.69382,0.00348899,4.45762,3.02922
6.76122e+06,0.00142362,1.69382,0.0034925,4.4741,3.02407
6.76108e+06,0.00144732,1.69382,0.00349604,4.49051,3.01898
6.76094e+06,0.00147064,1.69382,0.0034996,4.50685,3.01396
6.76081e+06,0.00149354,1.69383,0.0035032,4.52314,3.009
6.76068e+06,0.00151603,1.69383,0.00350682,4.53937,3.00409
6.76056e+06,0.0015381,1.69383,0.00351047,4.55556,2.99923
6.76044e+06,0.00155974,1.69383,0.00351415,4.5717,2.99441
6.76032e+06,0.00158094,1.69383,0.00351785,4.5878,2.98964
6.76021e+06,0.00160169,1.69383,0.00352157,4.60386,2.9849
6.7601e+06,0.00162198,1.69383,0.00352532,4.61988,2.9802
6.76e+06,0.00164181,1.69383,0.00352909,4.63587,2.97553
6.7599e+06,0.00166116,1.69383,0.00353288,4.65184,2.97089
6.75981e+06,0.00168004,1.69383,0.00353669,4.66778,2.96627
6.75972e+06,0.00169844,1.69384,0.00354052,4.68369,2.96168
6.75963e+06,0.00171634,1.69384,0.00354437,4.69958,2.95711
6.75955e+06,0.00173374,1.69384,0.00354823,4.71546,2.95256
6.75947e+06,0.00175064,1.69384,0.00355211,4.73132,2.94802
6.7594e+06,0.00176703,1.69384,0.00355601,4.74716,2.9435
6.75934e+06,0.00178291,1.69384,0.00355992,4.76299,2.93899
6.75927e+06,0.00179826,1.69384,0.00356385,4.77882,2.93449
6.75922e+06,0.00181309,1.69384,0.00356779,4.79463,2.93
6.75916e+06,0.00182739,1.69384,0.00357174,4.81044,2.92551
6.75911e+06,0.00184116,1.69384,0.0035757,4.82624,2.92103
6.75907e+06,0.00185439,1.69384,0.00357967,4.84204,2.91655
6.75903e+06,0.00186707,1.69384,0.00358365,4.85783,2.91208
6.759e+06,0.00187921,1.69384,0.00358763,4.87363,2.9076
6.75897e+06,0.0018908,1.69384,0.00359163,4.88943,2.90312
6.75895e+06,0.00190184,1.69384,0.00359563,4.90523,2.89864
6.75893e+06,0.00191232,1.69384,0.00359963,4.92104,2.89416
6.75891e+06,0.00192224,1.69384,0.00360363,4.93685,2.88967
6.7589e+06,0.00193161,1.69384,0.00360764,4.95267,2.88517
6.7589e+06,0.00194042,1.69384,0.00361165,4.96849,2.88066
6.7589e+06,0.00194866,1.69384,0.00361566,4.98433,2.87614
6.75891e+06,0.00195634,1.69384,0.00361967,5.00018,2.87161
6.75892e+06,0.00196345,1.69384,0.00362368,5.01604,2.86707
6.75893e+06,0.00196999,1.69384,0.00362769,5.03191,2.86252
6.75895e+06,0.00197598,1.69384,0.00363169,5.0478,2.85795
6.75898e+06,0.00198139,1.69384,0.00363569,5.0637,2.85337
6.75901e+06,0.00198624,1.69384,0.00363968,5.07962,2.84877
6.75904e+06,0.00199052,1.69384,0.00364366,5.09556,2.84415
6.75908e+06,0.00199424,1.69384,0.00364764,5.11152,2.83951
6.75913e+06,0.00199739,1.69384,0.00365161,5.1275,2.83485
6.75917e+06,0.00199998,1.69384,0.00365557,5.1435,2.83017
6.75923e+06,0.002002,1.69384,0.00365951,5.15952,2.82547
6.75929e+06,0.00200347,1.69384,0.00366345,5.17557,2.82074
6.75935e+06,0.00200438,1.69384,0.00366737,5.19164,2.81599
6.75942e+06,0.00200473,1.69384,0.00367128,5.20773,2.81121
6.75949e+06,0.00200453,1.69384,0.00367517,5.22386,2.8064
6.75957e+06,0.00200379,1.69384,0.00367905,5.24001,2.80157
6.75965e+06,0.00200249,1.69384,0.00368291,5.25619,2.79671
6.75974e+06,0.00200065,1.69384,0.00368675,5.2724,2.79182
6.75983e+06,0.00199827,1.69383,0.00369058,5.28864,2.78689
6.75992e+06,0.00199535,1.69383,0.00369438,5.30491,2.78194
6.76002e+06,0.0019919,1.69383,0.00369817,5.32122,2.77695
6.76013e+06,0.00198793,1.69383,0.00370193,5.33756,2.77192
6.76024e+06,0.00198343,1.69383,0.00370567,5.35394,2.76686
6.76035e+06,0.00197841,1.69383,0.00370939,5.37035,2.76177
6.76047e+06,0.00197288,1.69383,0.00371308,5.3868,2.75663
6.76059e+06,0.00196684,1.69383,0.00371675,5.40329,2.75146
6.76071e+06,0.0019603,1.69383,0.00372039,5.41982,2.74624
6.76084e+06,0.00195326,1.69383,0.00372401,5.4364,2.74099
6.76097e+06,0.00194573,1.69382,0.0037276,5.45301,2.73569
6.76111e+06,0.00193771,1.69382,0.00373116,5.46967,2.73035
6.76125e+06,0.00192922,1.69382,0.00373469,5.48637,2.72497
6.76139e+06,0.00192026,1.69382,0.00373819,5.50311,2.71954
6.76154e+06,0.00191083,1.69382,0.00374166,5.51991,2.71406
6.76169e+06,0.00190095,1.69382,0.0037451,5.53675,2.70853
6.76185e+06,0.00189061,1.69382,0.00374851,5.55364,2.70296
6.76201e+06,0.00187983,1.69381,0.00375188,5.57058,2.69733
6.76217e+06,0.00186862,1.69381,0.00375522,5.58758,2.69166
6.76233e+06,0.00185697,1.69381,0.00375853,5.60462,2.68593
6.7625e+06,0.00184491,1.69381,0.0037618,5.62172,2.68014
6.76267e+06,0.00183244,1.69381,0.00376504,5.63888,2.6743
6.76284e+06,0.00181956,1.69381,0.00376824,5.65609,2.6684
6.76302e+06,0.00180629,1.69381,0.0037714,5.67336,2.66245
6.7632e+06,0.00179263,1.6938,0.00377452,5.69069,2.65644
6.76338e+06,0.00177859,1.6938,0.00377761,5.70808,2.65036
6.76357e+06,0.00176418,1.6938,0.00378066,5.72554,2.64422
6.76376e+06,0.00174942,1.6938,0.00378367,5.74305,2.63802
6.76395e+06,0.0017343,1.6938,0.00378664,5.76063,2.63176
6.76414e+06,0.00171884,1.6938,0.00378957,5.77828,2.62543
6.76433e+06,0.00170305,1.69379,0.00379246,5.79599,2.61903
6.76453e+06,0.00168694,1.69379,0.00379531,5.81377,2.61256
6.76473e+06,0.00167051,1.69379,0.00379812,5.83163,2.60603
6.76493e+06,0.00165378,1.69379,0.00380088,5.84955,2.59942
6.76513e+06,0.00163675,1.69379,0.00380361,5.86755,2.59273
6.76533e+06,0.00161944,1.69378,0.00380629,5.88562,2.58598
6.76554e+06,0.00160186,1.69378,0.00380893,5.90377,2.57914
6.76575e+06,0.00158401,1.69378,0.00381152,5.92199,2.57223
6.76596e+06,0.00156591,1.69378,0.00381407,5.9403,2.56524
6.76617e+06,0.00154756,1.69378,0.00381658,5.95868,2.55817
6.76638e+06,0.00152898,1.69377,0.00381904,5.97715,2.55102
6.76659e+06,0.00151017,1.69377,0.00382146,5.9957,2.54378
6.7668e+06,0.00149115,1.69377,0.00382384,6.01434,2.53646
6.76702e+06,0.00147192,1.69377,0.00382617,6.03306,2.52905
6.76723e+06,0.0014525,1.69377,0.00382845,6.05188,2.52155
6.76745e+06,0.00143289,1.69376,0.00383069,6.07078,2.51397
6.76766e+06,0.00141311,1.69376,0.00383289,6.08977,2.50629
6.76788e+06,0.00139317,1.69376,0.00383504,6.10886,2.49851
6.76809e+06,0.00137307,1.69376,0.00383714,6.12804,2.49064
6.76831e+06,0.00135283,1.69376,0.0038392,6.14732,2.48268
6.76853e+06,0.00133245,1.69375,0.00384122,6.1667,2.47462
6.76874e+06,0.00131195,1.69375,0.00384318,6.18617,2.46646
6.76896e+06,0.00129134,1.69375,0.00384511,6.20575,2.45819
6.76918e+06,0.00127062,1.69375,0.00384699,6.22543,2.44983
6.76939e+06,0.00124981,1.69375,0.00384882,6.24522,2.44135
6.76961e+06,0.00122891,1.69374,0.00385061,6.26511,2.43278
6.76983e+06,0.00120793,1.69374,0.00385235,0.00192394,2.42409
6.77004e+06,0.00118689,1.69374,0.00385405,0.0220322,2.4153
6.77025e+06,0.00116579,1.69374,0.0038557,0.0422511,2.40639
6.77047e+06,0.00114465,1.69374,0.00385731,0.0625821,2.39738
6.77068e+06,0.00112346,1.69374,0.00385887,0.0830268,2.38825
6.77089e+06,0.00110225,1.69373,0.00386039,0.103586,2.379
6.7711e+06,0.00108102,1.69373,0.00386187,0.124262,2.36964
6.77131e+06,0.00105977,1.69373,0.0038633,0.145056,2.36016
6.77151e+06,0.00103852,1.69373,0.00386469,0.165968,2.35056
6.77172e+06,0.00101727,1.69373,0.00386604,0.187001,2.34084
6.77192e+06,0.000996034,1.69372,0.00386734,0.208154,2.331
6.77212e+06,0.000974819,1.69372,0.0038686,0.22943,2.32104
6.77232e+06,0.000953631,1.69372,0.00386982,0.250829,2.31095
6.77252e+06,0.000932479,1.69372,0.003871,0.272352,2.30074
6.77272e+06,0.000911369,1.69372,0.00387214,0.294,2.29041
6.77291e+06,0.000890308,1.69371,0.00387323,0.315773,2.27995
6.7731e+06,0.000869303,1.69371,0.00387429,0.337671,2.26937
6.77329e+06,0.000848361,1.69371,0.0038753,0.359696,2.25866
6.77348e+06,0.000827487,1.69371,0.00387628,0.381847,2.24782
6.77366e+06,0.000806688,1.69371,0.00387722,0.404124,2.23686
6.77384e+06,0.000785969,1.69371,0.00387812,0.426526,2.22577
6.77402e+06,0.000765336,1.6937,0.00387898,0.449055,2.21455
6.7742e+06,0.000744794,1.6937,0.00387981,0.471708,2.20321
6.77437e+06,0.000724347,1.6937,0.0038806,0.494485,2.19175
6.77454e+06,0.000704,1.6937,0.00388136,0.517384,2.18016
6.77471e+06,0.000683757,1.6937,0.00388207,0.540404,2.16846
6.77487e+06,0.000663622,1.6937,0.00388276,0.563544,2.15663
6.77503e+06,0.000643598,1.6937,0.00388341,0.5868,2.14469
6.77519e+06,0.000623689,1.69369,0.00388403,0.61017,2.13263
6.77534e+06,0.000603897,1.69369,0.00388461,0.63365,2.12047
6.77549e+06,0.000584226,1.69369,0.00388517,0.657238,2.10819
6.77564e+06,0.000564676,1.69369,0.00388569,0.680928,2.09582
6.77578e+06,0.000545249,1.69369,0.00388618,0.704715,2.08334
6.77592e+06,0.000525948,1.69369,0.00388665,0.728593,2.07078
6.77606e+06,0.000506773,1.69369,0.00388708,0.752557,2.05813
6.77619e+06,0.000487725,1.69368,0.00388749,0.776597,2.0454
6.77631e+06,0.000468804,1.69368,0.00388787,0.800704,2.03261
6.77644e+06,0.00045001,1.69368,0.00388823,0.824869,2.01976
6.77656e+06,0.000431343,1.69368,0.00388855,0.84908,2.00686
6.77667e+06,0.000412802,1.69368,0.00388886,0.873322,1.99393
6.77678e+06,0.000394385,1.69368,0.00388914,0.897579,1.98099
6.77689e+06,0.000376092,1.69368,0.0038894,0.921832,1.96805
6.77699e+06,0.000357921,1.69368,0.00388964,0.94606,1.95513
6.77709e+06,0.000339869,1.69368,0.00388985,0.970235,1.94227
6.77718e+06,0.000321935,1.69368,0.00389005,0.994326,1.92949
6.77727e+06,0.000304114,1.69367,0.00389022,1.01829,1.91684
6.77736e+06,0.000286405,1.69367,0.00389038,1.04209,1.90435
6.77744e+06,0.000268804,1.69367,0.00389052,1.06567,1.89209
6.77751e+06,0.000251307,1.69367,0.00389065,1.08894,1.88013
6.77759e+06,0.000233911,1.69367,0.00389076,1.11183,1.86856
6.77765e+06,0.000216613,1.69367,0.00389086,1.1342,1.8575
6.77771e+06,0.000199407,1.69367,0.00389094,1.15591,1.84711
6.77777e+06,0.000182291,1.69367,0.00389101,1.17673,1.8376
6.77782e+06,0.000165261,1.69367,0.00389107,1.19637,1.82927
6.77787e+06,0.000148315,1.69367,0.00389112,1.2144,1.82255
6.77791e+06,0.00013145,1.69367,0.00389115,1.23018,1.81809
6.77795e+06,0.000114668,1.69367,0.00389118,1.24268,1.8169
6.77798e+06,9.79741e-05,1.69367,0.00389121,1.25022,1.82068
6.77801e+06,8.13816e-05,1.69367,0.00389123,1.24975,1.83246
6.77804e+06,6.49256e-05,1.69367,0.00389124,1.23518,1.85834
6.77805e+06,4.86956e-05,1.69367,0.00389124,1.19252,1.91232
6.77807e+06,3.29678e-05,1.69367,0.00389125,1.0817,2.03445
6.77808e+06,1.89522e-05,1.69367,0.00389125,0.747449,2.38001
6.77808e+06,1.36432e-05,1.69367,0.00389125,6.03323,3.38873
6.77808e+06,2.38029e-05,1.69367,0.00389125,5.31276,4.12051
6.77807e+06,3.87335e-05,1.69367,0.00389125,5.09844,4.34615
6.77806e+06,5.46622e-05,1.69367,0.00389125,5.0215,4.4344
6.77805e+06,7.09309e-05,1.69367,0.00389126,4.99204,4.47518
6.77802e+06,8.73644e-05,1.69367,0.00389127,4.98389,4.49464
6.778e+06,0.000103901,1.69367,0.00389128,4.98702,4.50283
6.77797e+06,0.000120516,1.69367,0.0038913,4.9968,4.50436
6.77793e+06,0.0001372,1.69367,0.00389133,5.01081,4.50166
6.77789e+06,0.00015395,1.69367,0.00389136,5.02768,4.49611
6.77785e+06,0.000170766,1.69367,0.00389141,5.04654,4.48856
6.7778e+06,0.000187652,1.69367,0.00389146,5.06685,4.47956
6.77774e+06,0.00020461,1.69367,0.00389152,5.08823,4.4695
6.77768e+06,0.000221644,1.69367,0.0038916,5.11041,4.45862
6.77762e+06,0.000238759,1.69367,0.00389169,5.13322,4.44713
6.77755e+06,0.000255959,1.69367,0.00389179,5.1565,4.43517
6.77748e+06,0.000273248,1.69367,0.00389191,5.18014,4.42283
6.7774e+06,0.000290631,1.69367,0.00389204,5.20407,4.41022
6.77732e+06,0.00030811,1.69367,0.00389219,5.22821,4.39739
6.77723e+06,0.000325691,1.69368,0.00389236,5.25252,4.3844
6.77714e+06,0.000343376,1.69368,0.00389255,5.27694,4.3713
6.77704e+06,0.000361169,1.69368,0.00389275,5.30144,4.35811
6.77694e+06,0.000379072,1.69368,0.00389298,5.32599,4.34487
6.77684e+06,0.000397089,1.69368,0.00389323,5.35057,4.3316
6.77673e+06,0.000415221,1.69368,0.0038935,5.37515,4.31833
6.77661e+06,0.00043347,1.69368,0.00389379,5.39972,4.30508
6.7765e+06,0.000451839,1.69368,0.00389411,5.42426,4.29185
6.77638e+06,0.000470327,1.69368,0.00389445,5.44875,4.27867
6.77625e+06,0.000488937,1.69368,0.00389482,5.47319,4.26555
6.77612e+06,0.000507668,1.69369,0.00389521,5.49756,4.25249
6.77599e+06,0.000526521,1.69369,0.00389563,5.52186,4.23951
6.77585e+06,0.000545496,1.69369,0.00389608,5.54607,4.22661
6.77571e+06,0.000564591,1.69369,0.00389656,5.57019,4.2138
6.77556e+06,0.000583807,1.69369,0.00389707,5.59422,4.20109
6.77542e+06,0.000603141,1.69369,0.00389761,5.61814,4.18848
6.77526e+06,0.000622593,1.69369,0.00389818,5.64196,4.17598
6.77511e+06,0.000642159,1.69369,0.00389878,5.66567,4.16358
6.77495e+06,0.000661839,1.6937,0.00389941,5.68926,4.15131
6.77479e+06,0.000681628,1.6937,0.00390008,5.71273,4.13914
6.77462e+06,0.000701524,1.6937,0.00390078,5.73609,4.1271
6.77446e+06,0.000721524,1.6937,0.00390152,5.75932,4.11518
6.77428e+06,0.000741623,1.6937,0.00390229,5.78243,4.10339
6.77411e+06,0.000761818,1.6937,0.0039031,5.80542,4.09172
6.77393e+06,0.000782104,1.69371,0.00390394,5.82827,4.08017
6.77375e+06,0.000802478,1.69371,0.00390483,5.851,4.06876
6.77357e+06,0.000822932,1.69371,0.00390575,5.87361,4.05747
6.77338e+06,0.000843463,1.69371,0.0039067,5.89608,4.04631
6.7732e+06,0.000864065,1.69371,0.0039077,5.91843,4.03528
6.77301e+06,0.000884731,1.69371,0.00390874,5.94064,4.02437
6.77281e+06,0.000905456,1.69372,0.00390981,5.96273,4.0136
6.77262e+06,0.000926234,1.69372,0.00391093,5.98469,4.00295
6.77242e+06,0.000947057,1.69372,0.00391209,6.00653,3.99243
6.77222e+06,0.000967919,1.69372,0.00391329,6.02823,3.98204
6.77202e+06,0.000988812,1.69372,0.00391453,6.04981,3.97178
6.77182e+06,0.00100973,1.69372,0.00391581,6.07126,3.96164
6.77161e+06,0.00103066,1.69373,0.00391714,6.09259,3.95162
6.77141e+06,0.00105161,1.69373,0.0039185,6.1138,3.94173
6.7712e+06,0.00107255,1.69373,0.00391991,6.13488,3.93196
6.77099e+06,0.00109349,1.69373,0.00392137,6.15585,3.92231
6.77078e+06,0.00111441,1.69373,0.00392287,6.17669,3.91278
6.77057e+06,0.0011353,1.69374,0.00392441,6.19741,3.90337
6.77036e+06,0.00115617,1.69374,0.003926,6.21802,3.89408
6.77015e+06,0.00117699,1.69374,0.00392763,6.23851,3.8849
6.76993e+06,0.00119776,1.69374,0.0039293,6.25889,3.87584
6.76972e+06,0.00121847,1.69374,0.00393102,6.27915,3.86689
6.7695e+06,0.00123911,1.69375,0.00393279,0.01612,3.85805
6.76929e+06,0.00125967,1.69375,0.0039346,0.0361629,3.84932
6.76907e+06,0.00128014,1.69375,0.00393645,0.0560976,3.8407
6.76885e+06,0.00130052,1.69375,0.00393835,0.0759258,3.83219
6.76864e+06,0.00132079,1.69375,0.0039403,0.095649,3.82378
6.76842e+06,0.00134094,1.69376,0.00394229,0.115269,3.81548
6.7682e+06,0.00136097,1.69376,0.00394433,0.134787,3.80727
6.76799e+06,0.00138085,1.69376,0.00394641,0.154205,3.79917
6.76777e+06,0.0014006,1.69376,0.00394854,0.173525,3.79116
6.76755e+06,0.00142018,1.69376,0.00395071,0.192747,3.78326
6.76734e+06,0.0014396,1.69377,0.00395293,0.211875,3.77544
6.76712e+06,0.00145884,1.69377,0.00395519,0.230909,3.76772
6.76691e+06,0.00147789,1.69377,0.0039575,0.249851,3.7601
6.76669e+06,0.00149675,1.69377,0.00395985,0.268703,3.75256
6.76648e+06,0.0015154,1.69377,0.00396225,0.287467,3.74511
6.76627e+06,0.00153384,1.69378,0.00396469,0.306143,3.73775
6.76606e+06,0.00155204,1.69378,0.00396718,0.324734,3.73047
6.76585e+06,0.00157001,1.69378,0.00396971,0.343241,3.72328
6.76564e+06,0.00158773,1.69378,0.00397228,0.361666,3.71617
6.76544e+06,0.0016052,1.69378,0.0039749,0.380011,3.70914
6.76523e+06,0.0016224,1.69379,0.00397756,0.398276,3.70219
6.76503e+06,0.00163932,1.69379,0.00398026,0.416463,3.69532
6.76483e+06,0.00165596,1.69379,0.003983,0.434575,3.68852
6.76463e+06,0.0016723,1.69379,0.00398579,0.452612,3.6818
6.76443e+06,0.00168833,1.69379,0.00398862,0.470576,3.67515
6.76423e+06,0.00170405,1.69379,0.00399149,0.488468,3.66858
6.76404e+06,0.00171945,1.6938,0.0039944,0.506291,3.66207
6.76385e+06,0.00173451,1.6938,0.00399735,0.524045,3.65563
6.76366e+06,0.00174922,1.6938,0.00400034,0.541731,3.64926
6.76347e+06,0.00176359,1.6938,0.00400337,0.559352,3.64296
6.76329e+06,0.00177759,1.6938,0.00400644,0.576909,3.63672
6.76311e+06,0.00179123,1.6938,0.00400955,0.594402,3.63054
6.76293e+06,0.00180448,1.69381,0.00401269,0.611834,3.62442
6.76276e+06,0.00181735,1.69381,0.00401587,0.629206,3.61837
6.76258e+06,0.00182982,1.69381,0.00401909,0.646519,3.61237
6.76241e+06,0.00184189,1.69381,0.00402234,0.663775,3.60643
6.76225e+06,0.00185354,1.69381,0.00402563,0.680974,3.60055
6.76208e+06,0.00186478,1.69381,0.00402896,0.698118,3.59472
6.76193e+06,0.00187558,1.69382,0.00403231,0.715208,3.58894
6.76177e+06,0.00188595,1.69382,0.00403571,0.732247,3.58322
6.76162e+06,0.00189588,1.69382,0.00403913,0.749234,3.57755
6.76147e+06,0.00190535,1.69382,0.00404258,0.766171,3.57193
6.76132e+06,0.00191437,1.69382,0.00404607,0.78306,3.56636
6.76118e+06,0.00192292,1.69382,0.00404959,0.799901,3.56084
6.76104e+06,0.001931,1.69382,0.00405313,0.816696,3.55536
6.7609e+06,0.00193861,1.69382,0.00405671,0.833446,3.54992
6.76077e+06,0.00194573,1.69383,0.00406031,0.850153,3.54454
6.76065e+06,0.00195236,1.69383,0.00406394,0.866816,3.53919
6.76052e+06,0.00195849,1.69383,0.0040676,0.883439,3.53388
6.76041e+06,0.00196412,1.69383,0.00407128,0.900021,3.52862
6.76029e+06,0.00196924,1.69383,0.00407498,0.916564,3.52339
6.76018e+06,0.00197386,1.69383,0.00407871,0.933069,3.51821
6.76007e+06,0.00197795,1.69383,0.00408246,0.949537,3.51306
6.75997e+06,0.00198152,1.69383,0.00408624,0.96597,3.50794
6.75987e+06,0.00198457,1.69383,0.00409003,0.982368,3.50286
6.75978e+06,0.00198708,1.69383,0.00409385,0.998733,3.49781
6.75969e+06,0.00198906,1.69384,0.00409768,1.01507,3.4928
6.75961e+06,0.00199051,1.69384,0.00410154,1.03137,3.48781
6.75953e+06,0.00199141,1.69384,0.00410541,1.04764,3.48286
6.75945e+06,0.00199176,1.69384,0.00410929,1.06388,3.47794
6.75938e+06,0.00199157,1.69384,0.00411319,1.0801,3.47304
6.75932e+06,0.00199082,1.69384,0.00411711,1.09629,3.46817
6.75926e+06,0.00198953,1.69384,0.00412104,1.11245,3.46333
6.7592e+06,0.00198767,1.69384,0.00412498,1.12859,3.45851
6.75915e+06,0.00198526,1.69384,0.00412893,1.14471,3.45371
6.7591e+06,0.00198229,1.69384,0.0041329,1.1608,3.44893
6.75906e+06,0.00197876,1.69384,0.00413687,1.17687,3.44418
6.75902e+06,0.00197467,1.69384,0.00414085,1.19293,3.43944
6.75899e+06,0.00197002,1.69384,0.00414484,1.20896,3.43473
6.75896e+06,0.00196481,1.69384,0.00414883,1.22498,3.43003
6.75894e+06,0.00195903,1.69384,0.00415283,1.24098,3.42535
6.75892e+06,0.00195269,1.69384,0.00415683,1.25697,3.42068
6.75891e+06,0.00194578,1.69384,0.00416084,1.27294,3.41603
6.7589e+06,0.00193832,1.69384,0.00416485,1.28891,3.41138
6.7589e+06,0.00193029,1.69384,0.00416886,1.30486,3.40675
6.7589e+06,0.00192171,1.69384,0.00417287,1.3208,3.40213
6.75891e+06,0.00191256,1.69384,0.00417688,1.33673,3.39752
6.75892e+06,0.00190286,1.69384,0.00418089,1.35266,3.39291
6.75894e+06,0.0018926,1.69384,0.0041849,1.36858,3.38831
6.75896e+06,0.0018818,1.69384,0.0041889,1.3845,3.38371
6.75898e+06,0.00187044,1.69384,0.00419289,1.40041,3.37912
6.75901e+06,0.00185853,1.69384,0.00419688,1.41633,3.37453
6.75905e+06,0.00184608,1.69384,0.00420087,1.43224,3.36993
6.75909e+06,0.00183309,1.69384,0.00420484,1.44816,3.36534
6.75914e+06,0.00181957,1.69384,0.00420881,1.46408,3.36074
6.75919e+06,0.00180551,1.69384,0.00421276,1.48001,3.35613
6.75924e+06,0.00179092,1.69384,0.00421671,1.49594,3.35152
6.7593e+06,0.00177581,1.69384,0.00422064,1.51189,3.3469
6.75937e+06,0.00176018,1.69384,0.00422456,1.52785,3.34226
6.75944e+06,0.00174403,1.69384,0.00422846,1.54382,3.33761
6.75951e+06,0.00172738,1.69384,0.00423235,1.5598,3.33295
6.75959e+06,0.00171022,1.69384,0.00423623,1.57581,3.32827
6.75967e+06,0.00169257,1.69384,0.00424009,1.59183,3.32357
6.75976e+06,0.00167442,1.69384,0.00424392,1.60788,3.31884
6.75985e+06,0.00165579,1.69383,0.00424774,1.62395,3.31409
6.75995e+06,0.00163668,1.69383,0.00425155,1.64005,3.30931
6.76005e+06,0.00161711,1.69383,0.00425533,1.65618,3.3045
6.76016e+06,0.00159706,1.69383,0.00425908,1.67235,3.29966
6.76027e+06,0.00157657,1.69383,0.00426282,1.68856,3.29478
6.76038e+06,0.00155562,1.69383,0.00426653,1.7048,3.28986
6.7605e+06,0.00153423,1.69383,0.00427022,1.72109,3.28489
6.76062e+06,0.00151241,1.69383,0.00427388,1.73743,3.27987
6.76075e+06,0.00149017,1.69383,0.00427752,1.75383,3.27481
6.76088e+06,0.00146751,1.69382,0.00428113,1.77028,3.26968
6.76101e+06,0.00144445,1.69382,0.00428471,1.78679,3.26449
6.76115e+06,0.00142099,1.69382,0.00428826,1.80337,3.25924
6.76129e+06,0.00139714,1.69382,0.00429179,1.82002,3.25391
6.76144e+06,0.00137292,1.69382,0.00429528,1.83675,3.2485
6.76159e+06,0.00134833,1.69382,0.00429874,1.85357,3.24301
6.76174e+06,0.00132338,1.69382,0.00430217,1.87048,3.23742
6.76189e+06,0.00129808,1.69382,0.00430557,1.88749,3.23174
6.76205e+06,0.00127245,1.69381,0.00430894,1.90461,3.22594
6.76222e+06,0.0012465,1.69381,0.00431227,1.92185,3.22003
6.76238e+06,0.00122023,1.69381,0.00431557,1.93921,3.214
6.76255e+06,0.00119366,1.69381,0.00431883,1.95671,3.20782
6.76272e+06,0.00116679,1.69381,0.00432206,1.97437,3.2015
6.7629e+06,0.00113965,1.69381,0.00432525,1.99218,3.19501
6.76308e+06,0.00111225,1.6938,0.0043284,2.01017,3.18834
6.76326e+06,0.00108459,1.6938,0.00433152,2.02836,3.18148
6.76344e+06,0.00105669,1.6938,0.0043346,2.04675,3.17442
6.76363e+06,0.00102856,1.6938,0.00433764,2.06538,3.16712
6.76382e+06,0.00100022,1.6938,0.00434063,2.08425,3.15957
6.76401e+06,0.000971683,1.6938,0.00434359,2.10341,3.15174
6.7642e+06,0.000942957,1.69379,0.00434651,2.12286,3.14361
6.7644e+06,0.00091406,1.69379,0.00434939,2.14265,3.13515
6.76459e+06,0.000885006,1.69379,0.00435223,2.16281,3.12632
6.76479e+06,0.000855812,1.69379,0.00435503,2.18338,3.11708
6.76499e+06,0.000826493,1.69379,0.00435778,2.20441,3.10738
6.7652e+06,0.000797067,1.69379,0.00436049,2.22593,3.09718
6.7654e+06,0.000767551,1.69378,0.00436316,2.24803,3.08642
6.76561e+06,0.000737962,1.69378,0.00436579,2.27075,3.07502
6.76582e+06,0.00070832,1.69378,0.00436837,2.29419,3.06291
6.76603e+06,0.000678647,1.69378,0.00437091,2.31844,3.04999
6.76624e+06,0.000648962,1.69378,0.0043734,2.3436,3.03616
6.76645e+06,0.000619291,1.69377,0.00437585,2.36981,3.02128
6.76666e+06,0.000589659,1.69377,0.00437826,2.39722,3.0052
6.76688e+06,0.000560093,1.69377,0.00438062,2.426,2.98774
6.76709e+06,0.000530626,1.69377,0.00438294,2.4564,2.96868
6.76731e+06,0.000501293,1.69377,0.00438521,2.48867,2.94774
6.76752e+06,0.000472136,1.69376,0.00438744,2.52314,2.9246
6.76774e+06,0.000443201,1.69376,0.00438962,2.56023,2.89884
6.76796e+06,0.000414547,1.69376,0.00439175,2.60045,2.86995
6.76818e+06,0.000386242,1.69376,0.00439384,2.64442,2.83731
6.76839e+06,0.000358372,1.69376,0.00439589,2.69297,2.80009
6.76861e+06,0.000331045,1.69375,0.00439789,2.74713,2.75726
6.76883e+06,0.0003044,1.69375,0.00439984,2.80821,2.70751
6.76905e+06,0.000278618,1.69375,0.00440175,2.87792,2.64914
6.76926e+06,0.000253941,1.69375,0.00440361,2.95839,2.57999
6.76948e+06,0.000230692,1.69375,0.00440543,3.05231,2.49741
6.7697e+06,0.000209306,1.69374,0.00440721,3.1628,2.39825
6.76991e+06,0.000190359,1.69374,0.00440893,3.29317,2.27921
6.77013e+06,0.000174577,1.69374,0.00441062,3.446,2.13771
6.77034e+06,0.000162804,1.69374,0.00441225,3.62152,1.97352
6.77055e+06,0.000155853,1.69374,0.00441385,3.81546,1.79091
6.77077e+06,0.000154272,1.69373,0.0044154,4.01817,1.59953
6.77098e+06,0.000158112,1.69373,0.0044169,4.21682,1.41222
6.77119e+06,0.000166883,1.69373,0.00441836,4.40009,1.24028
6.7714e+06,0.000179754,1.69373,0.00441978,4.56165,1.09005
6.7716e+06,0.000195808,1.69373,0.00442115,4.70028,0.962759
6.77181e+06,0.000214222,1.69372,0.00442248,4.81789,0.856483
6.77201e+06,0.00023434,1.69372,0.00442377,4.91766,0.768047
6.77221e+06,0.00025566,1.69372,0.00442502,5.00284,0.694192
6.77241e+06,0.000277811,1.69372,0.00442622,5.07631,0.632055
6.77261e+06,0.000300518,1.69372,0.00442739,5.14041,0.579296
6.77281e+06,0.000323576,1.69372,0.00442851,5.19698,0.534059
6.773e+06,0.000346831,1.69371,0.00442959,5.24748,0.494893
6.77319e+06,0.000370163,1.69371,0.00443063,5.29304,0.460663
6.77338e+06,0.000393481,1.69371,0.00443163,5.33455,0.430482
6.77357e+06,0.000416711,1.69371,0.00443259,5.37272,0.403653
6.77375e+06,0.000439792,1.69371,0.00443352,5.40809,0.379619
6.77393e+06,0.000462675,1.69371,0.0044344,5.4411,0.357938
6.77411e+06,0.000485318,1.6937,0.00443525,5.47212,0.338251
6.77428e+06,0.000507688,1.6937,0.00443606,5.50144,0.320268
6.77446e+06,0.000529752,1.6937,0.00443684,5.52929,0.303748
6.77463e+06,0.000551484,1.6937,0.00443758,5.55588,0.288494
6.77479e+06,0.00057286,1.6937,0.00443829,5.58137,0.274342
6.77496e+06,0.00059386,1.6937,0.00443896,5.60589,0.261154
6.77511e+06,0.000614463,1.69369,0.00443959,5.62957,0.248813
6.77527e+06,0.000634653,1.69369,0.0044402,5.6525,0.237219
6.77542e+06,0.000654412,1.69369,0.00444077,5.67476,0.226289
6.77557e+06,0.000673726,1.69369,0.00444131,5.69644,0.215949
6.77572e+06,0.000692581,1.69369,0.00444182,5.71758,0.206136
6.77586e+06,0.000710964,1.69369,0.0044423,5.73826,0.196796
6.776e+06,0.000728861,1.69369,0.00444275,5.75851,0.187881
6.77613e+06,0.000746263,1.69369,0.00444318,5.77838,0.17935
6.77626e+06,0.000763157,1.69368,0.00444357,5.7979,0.171164
6.77639e+06,0.000779534,1.69368,0.00444394,5.8171,0.163293
6.77651e+06,0.000795383,1.69368,0.00444428,5.83603,0.155706
6.77663e+06,0.000810695,1.69368,0.0044446,5.85469,0.148378
6.77674e+06,0.000825461,1.69368,0.0044449,5.87312,0.141286
6.77685e+06,0.000839673,1.69368,0.00444517,5.89133,0.134409
6.77696e+06,0.000853323,1.69368,0.00444541,5.90935,0.127728
6.77706e+06,0.000866404,1.69368,0.00444564,5.92718,0.121227
6.77715e+06,0.000878907,1.69368,0.00444585,5.94486,0.11489
6.77725e+06,0.000890827,1.69368,0.00444603,5.96238,0.108703
6.77733e+06,0.000902156,1.69367,0.0044462,5.97977,0.102653
6.77742e+06,0.000912889,1.69367,0.00444635,5.99703,0.0967292
6.7775e+06,0.00092302,1.69367,0.00444649,6.01417,0.0909198
6.77757e+06,0.000932544,1.69367,0.0044466,6.03121,0.085215
6.77764e+06,0.000941456,1.69367,0.00444671,6.04816,0.0796057
6.7777e+06,0.00094975,1.69367,0.0044468,6.06502,0.0740831
6.77776e+06,0.000957423,1.69367,0.00444687,6.0818,0.0686392
6.77782e+06,0.00096447,1.69367,0.00444694,6.09851,0.0632665
6.77787e+06,0.000970888,1.69367,0.00444699,6.11515,0.0579577
6.77791e+06,0.000976674,1.69367,0.00444703,6.13174,0.0527062
6.77795e+06,0.000981825,1.69367,0.00444707,6.14828,0.0475055
6.77799e+06,0.000986337,1.69367,0.00444709,6.16477,0.0423495
6.77802e+06,0.000990208,1.69367,0.00444711,6.18122,0.0372322
6.77805e+06,0.000993438,1.69367,0.00444713,6.19764,0.0321481
6.77807e+06,0.000996023,1.69367,0.00444714,6.21403,0.0270917
6.77808e+06,0.000997962,1.69367,0.00444714,6.23041,0.0220575
6.77809e+06,0.000999255,1.69367,0.00444715,6.24676,0.0170404
6.7781e+06,0.0009999,1.69367,0.00444715,6.2631,0.0120352
6.7781e+06,0.000999897,1.69367,0.00444715,6.27943,0.00703688
6.7781e+06,0.000999247,1.69367,0.00444715,0.0125826,0.0020403
6.77809e+06,0.000997949,1.69367,0.00444715,0.0289189,6.28023
6.77807e+06,0.000996004,1.69367,0.00444715,0.0452636,6.27522
6.77805e+06,0.000993413,1.69367,0.00444716,0.0616217,6.2702
6.77803e+06,0.000990177,1.69367,0.00444717,0.0779987,6.26516
6.778e+06,0.000986298,1.69367,0.00444719,0.0943997,6.26009
6.77797e+06,0.000981777,1.69367,0.00444721,0.11083,6.255
6.77793e+06,0.000976617,1.69367,0.00444724,0.127296,6.24987
6.77789e+06,0.00097082,1.69367,0.00444728,0.143803,6.2447
6.77784e+06,0.000964389,1.69367,0.00444733,0.160358,6.23948
6.77779e+06,0.000957328,1.69367,0.00444739,0.176966,6.23421
6.77773e+06,0.000949639,1.69367,0.00444746,0.193634,6.22887
6.77767e+06,0.000941327,1.69367,0.00444755,0.210371,6.22347
6.7776e+06,0.000932396,1.69367,0.00444764,0.227183,6.218
6.77753e+06,0.00092285,1.69367,0.00444776,0.244078,6.21244
6.77745e+06,0.000912694,1.69367,0.00444788,0.261066,6.20679
6.77737e+06,0.000901934,1.69367,0.00444803,0.278155,6.20103
6.77728e+06,0.000890574,1.69367,0.00444819,0.295356,6.19517
6.77719e+06,0.000878621,1.69368,0.00444836,0.31268,6.18918
6.7771e+06,0.000866081,1.69368,0.00444856,0.330138,6.18306
6.777e+06,0.00085296,1.69368,0.00444878,0.347745,6.17679
6.7769e+06,0.000839266,1.69368,0.00444902,0.365513,6.17035
6.77679e+06,0.000825005,1.69368,0.00444928,0.38346,6.16374
6.77668e+06,0.000810186,1.69368,0.00444957,0.401602,6.15694
6.77656e+06,0.000794817,1.69368,0.00444987,0.419959,6.14991
6.77644e+06,0.000778905,1.69368,0.00445021,0.438553,6.14266
6.77632e+06,0.000762461,1.69368,0.00445056,0.457407,6.13514
6.77619e+06,0.000745493,1.69368,0.00445095,0.476548,6.12733
6.77605e+06,0.000728012,1.69369,0.00445136,0.496007,6.11921
6.77592e+06,0.000710027,1.69369,0.0044518,0.515819,6.11073
6.77578e+06,0.00069155,1.69369,0.00445227,0.536022,6.10186
6.77563e+06,0.000672593,1.69369,0.00445276,0.556661,6.09256
6.77549e+06,0.000653169,1.69369,0.00445329,0.577787,6.08277
6.77534e+06,0.000633289,1.69369,0.00445385,0.59946,6.07243
6.77518e+06,0.000612969,1.69369,0.00445444,0.621748,6.06148
6.77502e+06,0.000592224,1.6937,0.00445506,0.64473,6.04983
6.77486e+06,0.00057107,1.6937,0.00445572,0.6685,6.03739
6.7747e+06,0.000549525,1.6937,0.00445641,0.693169,6.02406
6.77453e+06,0.000527609,1.6937,0.00445714,0.718867,6.0097
6.77436e+06,0.000505344,1.6937,0.0044579,0.745751,5.99415
6.77418e+06,0.000482754,1.6937,0.00445869,0.774009,5.97722
6.77401e+06,0.000459868,1.6937,0.00445953,0.803872,5.95869
6.77383e+06,0.000436717,1.69371,0.0044604,0.835619,5.93828
6.77364e+06,0.000413338,1.69371,0.00446131,0.8696,5.91563
6.77346e+06,0.000389778,1.69371,0.00446225,0.906246,5.89032
6.77327e+06,0.00036609,1.69371,0.00446324,0.946105,5.8618
6.77308e+06,0.000342341,1.69371,0.00446426,0.989873,5.82936
6.77289e+06,0.000318616,1.69371,0.00446533,1.03845,5.79212
6.77269e+06,0.000295024,1.69372,0.00446643,1.09298,5.74892
6.7725e+06,0.00027171,1.69372,0.00446758,1.15501,5.69823
6.7723e+06,0.000248867,1.69372,0.00446876,1.22651,5.63806
6.7721e+06,0.000226759,1.69372,0.00446999,1.31007,5.56583
6.77189e+06,0.000205754,1.69372,0.00447126,1.40902,5.47821
6.77169e+06,0.000186362,1.69373,0.00447257,1.52737,5.3712
6.77148e+06,0.000169284,1.69373,0.00447393,1.66939,5.24051
6.77127e+06,0.000155434,1.69373,0.00447533,1.83834,5.0829
6.77107e+06,0.000145888,1.69373,0.00447677,2.03382,4.89874
6.77086e+06,0.000141663,1.69373,0.00447826,2.2487,4.6952
6.77064e+06,0.000143368,1.69374,0.00447979,2.46866,4.48657
6.77043e+06,0.00015092,1.69374,0.00448136,2.67717,4.28939
6.77022e+06,0.000163613,1.69374,0.00448298,2.8625,4.11539
6.77e+06,0.000180448,1.69374,0.00448465,3.02048,3.96874
6.76979e+06,0.000200452,1.69374,0.00448635,3.15258,3.84798
6.76957e+06,0.000222827,1.69375,0.00448811,3.26268,3.74921
6.76935e+06,0.000246972,1.69375,0.00448991,3.35506,3.66816
6.76914e+06,0.000272451,1.69375,0.00449175,3.43347,3.60108
6.76892e+06,0.000298947,1.69375,0.00449364,3.50092,3.54496
6.7687e+06,0.00032623,1.69375,0.00449558,3.55976,3.49745
6.76848e+06,0.00035413,1.69376,0.00449756,3.61177,3.45676
6.76827e+06,0.000382519,1.69376,0.00449958,3.65832,3.42155
6.76805e+06,0.000411298,1.69376,0.00450165,3.70045,3.39075
6.76783e+06,0.000440389,1.69376,0.00450377,3.73897,3.36356
6.76762e+06,0.000469729,1.69376,0.00450593,3.77451,3.33935
6.7674e+06,0.000499265,1.69377,0.00450814,3.80756,3.31762
6.76718e+06,0.000528955,1.69377,0.00451039,3.83854,3.29798
6.76697e+06,0.00055876,1.69377,0.00451269,3.86775,3.2801
6.76675e+06,0.000588648,1.69377,0.00451503,3.89545,3.26373
6.76654e+06,0.000618589,1.69377,0.00451742,3.92185,3.24865
6.76633e+06,0.000648558,1.69377,0.00451985,3.94714,3.2347
6.76612e+06,0.00067853,1.69378,0.00452233,3.97145,3.22172
6.76591e+06,0.000708484,1.69378,0.00452485,3.99491,3.20959
6.7657e+06,0.000738398,1.69378,0.00452741,4.01761,3.19821
6.76549e+06,0.000768253,1.69378,0.00453002,4.03966,3.18749
6.76528e+06,0.000798031,1.69378,0.00453267,4.06112,3.17736
6.76508e+06,0.000827714,1.69379,0.00453536,4.08205,3.16776
6.76488e+06,0.000857286,1.69379,0.0045381,4.10252,3.15862
6.76468e+06,0.00088673,1.69379,0.00454088,4.12256,3.1499
6.76448e+06,0.00091603,1.69379,0.0045437,4.14223,3.14156
6.76428e+06,0.000945172,1.69379,0.00454656,4.16156,3.13356
6.76409e+06,0.00097414,1.6938,0.00454946,4.18058,3.12587
6.7639e+06,0.00100292,1.6938,0.0045524,4.19932,3.11846
6.76371e+06,0.0010315,1.6938,0.00455539,4.2178,3.1113
6.76352e+06,0.00105986,1.6938,0.00455841,4.23605,3.10437
6.76334e+06,0.001088,1.6938,0.00456147,4.25409,3.09766
6.76315e+06,0.00111589,1.6938,0.00456457,4.27194,3.09114
6.76297e+06,0.00114353,1.69381,0.00456771,4.28961,3.0848
6.7628e+06,0.00117091,1.69381,0.00457088,4.30711,3.07862
6.76262e+06,0.001198,1.69381,0.00457409,4.32447,3.07259
6.76245e+06,0.0012248,1.69381,0.00457734,4.34169,3.0667
6.76229e+06,0.00125131,1.69381,0.00458062,4.35878,3.06093
6.76212e+06,0.00127749,1.69381,0.00458394,4.37576,3.05528
6.76196e+06,0.00130335,1.69381,0.00458729,4.39262,3.04974
6.7618e+06,0.00132888,1.69382,0.00459068,4.40939,3.04429
6.76165e+06,0.00135406,1.69382,0.0045941,4.42607,3.03894
6.7615e+06,0.00137888,1.69382,0.00459755,4.44266,3.03368
6.76135e+06,0.00140333,1.69382,0.00460103,4.45917,3.02849
6.76121e+06,0.0014274,1.69382,0.00460454,4.47562,3.02337
6.76107e+06,0.00145109,1.69382,0.00460808,4.49199,3.01832
6.76093e+06,0.00147438,1.69382,0.00461165,4.5083,3.01333
6.7608e+06,0.00149726,1.69383,0.00461525,4.52456,3.0084
6.76067e+06,0.00151973,1.69383,0.00461887,4.54076,3.00352
6.76055e+06,0.00154177,1.69383,0.00462252,4.55692,2.99869
6.76043e+06,0.00156338,1.69383,0.0046262,4.57303,2.9939
6.76031e+06,0.00158455,1.69383,0.0046299,4.5891,2.98915
6.7602e+06,0.00160527,1.69383,0.00463363,4.60514,2.98444
6.7601e+06,0.00162553,1.69383,0.00463738,4.62114,2.97976
6.75999e+06,0.00164533,1.69383,0.00464115,4.63711,2.97512
6.75989e+06,0.00166465,1.69383,0.00464494,4.65305,2.9705
6.7598e+06,0.0016835,1.69383,0.00464875,4.66896,2.96591
6.75971e+06,0.00170186,1.69384,0.00465258,4.68485,2.96134
6.75963e+06,0.00171972,1.69384,0.00465643,4.70073,2.95679
6.75955e+06,0.00173709,1.69384,0.0046603,4.71658,2.95225
6.75947e+06,0.00175395,1.69384,0.00466418,4.73242,2.94774
6.7594e+06,0.00177031,1.69384,0.00466808,4.74824,2.94323
6.75933e+06,0.00178614,1.69384,0.00467199,4.76406,2.93874
6.75927e+06,0.00180146,1.69384,0.00467592,4.77986,2.93426
6.75921e+06,0.00181625,1.69384,0.00467986,4.79566,2.92979
6.75916e+06,0.0018305,1.69384,0.00468381,4.81145,2.92532
6.75911e+06,0.00184423,1.69384,0.00468777,4.82723,2.92086
6.75907e+06,0.00185741,1.69384,0.00469174,4.84301,2.9164
6.75903e+06,0.00187005,1.69384,0.00469572,4.85879,2.91194
6.759e+06,0.00188214,1.69384,0.00469971,4.87457,2.90748
6.75897e+06,0.00189369,1.69384,0.0047037,4.89036,2.90301
6.75894e+06,0.00190468,1.69384,0.0047077,4.90614,2.89855
6.75893e+06,0.00191511,1.69384,0.0047117,4.92193,2.89408
6.75891e+06,0.00192499,1.69384,0.00471571,4.93773,2.8896
6.7589e+06,0.00193431,1.69384,0.00471972,4.95353,2.88512
6.7589e+06,0.00194306,1.69384,0.00472373,4.96934,2.88063
6.7589e+06,0.00195125,1.69384,0.00472774,4.98517,2.87613
6.75891e+06,0.00195888,1.69384,0.00473175,5.001,2.87161
6.75892e+06,0.00196594,1.69384,0.00473576,5.01684,2.86709
6.75893e+06,0.00197244,1.69384,0.00473976,5.0327,2.86255
6.75895e+06,0.00197837,1.69384,0.00474376,5.04858,2.85799
6.75898e+06,0.00198373,1.69384,0.00474776,5.06447,2.85342
6.75901e+06,0.00198852,1.69384,0.00475175,5.08037,2.84883
6.75904e+06,0.00199275,1.69384,0.00475574,5.0963,2.84423
6.75908e+06,0.00199641,1.69384,0.00475971,5.11224,2.8396
6.75913e+06,0.00199951,1.69384,0.00476368,5.12821,2.83496
6.75918e+06,0.00200204,1.69384,0.00476764,5.14419,2.83029
6.75923e+06,0.00200402,1.69384,0.00477158,5.1602,2.8256
6.75929e+06,0.00200543,1.69384,0.00477552,5.17624,2.82088
6.75936e+06,0.00200628,1.69384,0.00477944,5.19229,2.81614
6.75942e+06,0.00200658,1.69384,0.00478335,5.20838,2.81138
6.7595e+06,0.00200632,1.69384,0.00478724,5.22449,2.80659
6.75957e+06,0.00200552,1.69384,0.00479111,5.24062,2.80177
6.75966e+06,0.00200416,1.69384,0.00479497,5.25679,2.79692
6.75974e+06,0.00200227,1.69384,0.00479882,5.27299,2.79204
6.75984e+06,0.00199983,1.69383,0.00480264,5.28922,2.78713
6.75993e+06,0.00199685,1.69383,0.00480644,5.30548,2.78218
6.76003e+06,0.00199335,1.69383,0.00481023,5.32177,2.77721
6.76014e+06,0.00198931,1.69383,0.00481399,5.3381,2.7722
6.76024e+06,0.00198475,1.69383,0.00481773,5.35447,2.76715
6.76036e+06,0.00197968,1.69383,0.00482144,5.37087,2.76207
6.76047e+06,0.00197409,1.69383,0.00482513,5.38731,2.75694
6.76059e+06,0.00196799,1.69383,0.0048288,5.40378,2.75178
6.76072e+06,0.00196139,1.69383,0.00483244,5.4203,2.74658
6.76085e+06,0.00195429,1.69383,0.00483605,5.43686,2.74134
6.76098e+06,0.0019467,1.69382,0.00483964,5.45346,2.73606
6.76112e+06,0.00193863,1.69382,0.0048432,5.4701,2.73073
6.76126e+06,0.00193008,1.69382,0.00484673,5.48679,2.72536
6.7614e+06,0.00192106,1.69382,0.00485023,5.50353,2.71994
6.76155e+06,0.00191157,1.69382,0.0048537,5.52031,2.71448
6.7617e+06,0.00190162,1.69382,0.00485713,5.53713,2.70896
6.76186e+06,0.00189123,1.69382,0.00486054,5.55401,2.7034
6.76202e+06,0.00188039,1.69381,0.00486391,5.57094,2.69779
6.76218e+06,0.00186912,1.69381,0.00486725,5.58792,2.69213
6.76234e+06,0.00185742,1.69381,0.00487055,5.60495,2.68641
6.76251e+06,0.0018453,1.69381,0.00487382,5.62204,2.68064
6.76268e+06,0.00183276,1.69381,0.00487705,5.63918,2.67481
6.76286e+06,0.00181983,1.69381,0.00488025,5.65638,2.66893
6.76303e+06,0.0018065,1.69381,0.00488341,5.67363,2.66299
6.76321e+06,0.00179278,1.6938,0.00488653,5.69095,2.65699
6.7634e+06,0.00177868,1.6938,0.00488962,5.70833,2.65093
6.76358e+06,0.00176422,1.6938,0.00489266,5.72576,2.64481
6.76377e+06,0.0017494,1.6938,0.00489567,5.74326,2.63862
6.76396e+06,0.00173422,1.6938,0.00489864,5.76083,2.63238
6.76415e+06,0.00171871,1.69379,0.00490157,5.77846,2.62606
6.76435e+06,0.00170286,1.69379,0.00490445,5.79616,2.61968
6.76454e+06,0.00168669,1.69379,0.0049073,5.81392,2.61323
6.76474e+06,0.00167021,1.69379,0.0049101,5.83176,2.6067
6.76494e+06,0.00165342,1.69379,0.00491287,5.84967,2.60011
6.76514e+06,0.00163634,1.69379,0.00491559,5.86765,2.59344
6.76535e+06,0.00161897,1.69378,0.00491827,5.88571,2.5867
6.76555e+06,0.00160133,1.69378,0.0049209,5.90384,2.57989
6.76576e+06,0.00158343,1.69378,0.00492349,5.92205,2.57299
6.76597e+06,0.00156527,1.69378,0.00492604,5.94033,2.56602
6.76618e+06,0.00154687,1.69378,0.00492854,5.9587,2.55897
6.76639e+06,0.00152823,1.69377,0.00493101,5.97715,2.55183
6.7666e+06,0.00150937,1.69377,0.00493342,5.99569,2.54461
6.76682e+06,0.0014903,1.69377,0.00493579,6.01431,2.53731
6.76703e+06,0.00147102,1.69377,0.00493812,6.03301,2.52992
6.76725e+06,0.00145154,1.69377,0.0049404,6.0518,2.52244
6.76746e+06,0.00143189,1.69376,0.00494264,6.07069,2.51487
6.76768e+06,0.00141205,1.69376,0.00494483,6.08966,2.50721
6.76789e+06,0.00139206,1.69376,0.00494698,6.10873,2.49945
6.76811e+06,0.00137191,1.69376,0.00494908,6.12789,2.49161
6.76833e+06,0.00135162,1.69376,0.00495113,6.14715,2.48366
6.76854e+06,0.00133119,1.69375,0.00495314,6.16651,2.47562
6.76876e+06,0.00131064,1.69375,0.00495511,6.18597,2.46748
6.76898e+06,0.00128998,1.69375,0.00495703,6.20552,2.45923
6.76919e+06,0.00126921,1.69375,0.0049589,6.22518,2.45089
6.76941e+06,0.00124835,1.69375,0.00496073,6.24495,2.44244
6.76963e+06,0.0012274,1.69374,0.00496252,6.26482,2.43388
6.76984e+06,0.00120638,1.69374,0.00496426,0.00160766,2.42522
6.77006e+06,0.00118529,1.69374,0.00496595,0.0216935,2.41645
6.77027e+06,0.00116415,1.69374,0.0049676,0.0418897,2.40757
6.77048e+06,0.00114296,1.69374,0.00496921,0.0621978,2.39857
6.77069e+06,0.00112173,1.69374,0.00497077,0.082619,2.38947
6.7709e+06,0.00110047,1.69373,0.00497228,0.103155,2.38024
6.77111e+06,0.00107919,1.69373,0.00497376,0.123807,2.37091
6.77132e+06,0.0010579,1.69373,0.00497519,0.144576,2.36145
6.77153e+06,0.0010366,1.69373,0.00497657,0.165464,2.35188
6.77173e+06,0.00101531,1.69373,0.00497792,0.186471,2.34218
6.77194e+06,0.000994035,1.69372,0.00497922,0.207599,2.33237
6.77214e+06,0.000972778,1.69372,0.00498048,0.228849,2.32243
6.77234e+06,0.000951549,1.69372,0.00498169,0.250222,2.31237
6.77253e+06,0.000930355,1.69372,0.00498287,0.271719,2.30219
6.77273e+06,0.000909205,1.69372,0.004984,0.293339,2.29188
6.77292e+06,0.000888104,1.69371,0.00498509,0.315085,2.28145
6.77312e+06,0.00086706,1.69371,0.00498615,0.336956,2.27089
6.7733e+06,0.000846079,1.69371,0.00498716,0.358952,2.26021
6.77349e+06,0.000825167,1.69371,0.00498814,0.381075,2.2494
6.77367e+06,0.00080433,1.69371,0.00498907,0.403323,2.23847
6.77386e+06,0.000783575,1.69371,0.00498997,0.425696,2.22741
6.77403e+06,0.000762905,1.6937,0.00499083,0.448195,2.21622
6.77421e+06,0.000742327,1.6937,0.00499165,0.470818,2.20491
6.77438e+06,0.000721844,1.6937,0.00499244,0.493564,2.19348
6.77455e+06,0.000701463,1.6937,0.00499319,0.516432,2.18193
6.77472e+06,0.000681186,1.6937,0.00499391,0.539421,2.17025
6.77488e+06,0.000661017,1.6937,0.00499459,0.562529,2.15846
6.77504e+06,0.000640961,1.6937,0.00499524,0.585752,2.14655
6.7752e+06,0.00062102,1.69369,0.00499586,0.609089,2.13453
6.77535e+06,0.000601197,1.69369,0.00499644,0.632535,2.12239
6.7755e+06,0.000581494,1.69369,0.00499699,0.656088,2.11015
6.77565e+06,0.000561914,1.69369,0.00499751,0.679743,2.09781
6.77579e+06,0.000542459,1.69369,0.004998,0.703494,2.08537
6.77593e+06,0.000523129,1.69369,0.00499847,0.727335,2.07285
6.77606e+06,0.000503926,1.69369,0.0049989,0.75126,2.06024
6.7762e+06,0.000484851,1.69368,0.0049993,0.775261,2.04755
6.77632e+06,0.000465904,1.69368,0.00499968,0.799328,2.0348
6.77645e+06,0.000447084,1.69368,0.00500004,0.82345,2.02199
6.77657e+06,0.000428393,1.69368,0.00500036,0.847616,2.00913
6.77668e+06,0.000409828,1.69368,0.00500067,0.871811,1.99625
6.77679e+06,0.000391388,1.69368,0.00500095,0.896019,1.98336
6.7769e+06,0.000373073,1.69368,0.0050012,0.92022,1.97047
6.777e+06,0.000354881,1.69368,0.00500144,0.944391,1.95761
6.7771e+06,0.000336809,1.69368,0.00500165,0.968504,1.94481
6.77719e+06,0.000318855,1.69368,0.00500185,0.992528,1.9321
6.77728e+06,0.000301016,1.69367,0.00500202,1.01642,1.91952
6.77736e+06,0.00028329,1.69367,0.00500218,1.04014,1.90712
6.77744e+06,0.000265672,1.69367,0.00500232,1.06361,1.89496
6.77752e+06,0.00024816,1.69367,0.00500244,1.08678,1.88311
6.77759e+06,0.00023075,1.69367,0.00500255,1.10953,1.87167
6.77766e+06,0.000213439,1.69367,0.00500265,1.13175,1.86077
6.77772e+06,0.000196221,1.69367,0.00500273,1.15326,1.85057
6.77778e+06,0.000179095,1.69367,0.0050028,1.17384,1.8413
6.77783e+06,0.000162057,1.69367,0.00500286,1.19316,1.83329
6.77787e+06,0.000145103,1.69367,0.0050029,1.21077,1.827
6.77792e+06,0.000128234,1.69367,0.00500294,1.22595,1.82313
6.77795e+06,0.00011145,1.69367,0.00500297,1.23759,1.8228
6.77799e+06,9.4758e-05,1.69367,0.005003,1.24381,1.8279
6.77801e+06,7.8175e-05,1.69367,0.00500301,1.24113,1.84189
6.77804e+06,6.17427e-05,1.69367,0.00500302,1.22248,1.87185
6.77806e+06,4.55709e-05,1.69367,0.00500303,1.17095,1.9347
6.77807e+06,3.00175e-05,1.69367,0.00500303,1.0356,2.08136
6.77808e+06,1.67968e-05,1.69367,0.00500303,0.608146,2.52013
6.77808e+06,1.47591e-05,1.69367,0.00500304,5.81482,3.60795
6.77808e+06,2.65882e-05,1.69367,0.00500304,5.24334,4.19074
6.77807e+06,4.18228e-05,1.69367,0.00500304,5.07066,4.37474
6.77806e+06,5.78369e-05,1.69367,0.00500304,5.00665,4.45006
6.77804e+06,7.41374e-05,1.69367,0.00500304,4.98259,4.48544
6.77802e+06,9.05834e-05,1.69367,0.00500305,4.97716,4.50219
6.778e+06,0.000107124,1.69367,0.00500307,4.98183,4.50882
6.77797e+06,0.000123737,1.69367,0.00500309,4.99258,4.50939
6.77793e+06,0.000140417,1.69367,0.00500312,5.00724,4.50604
6.77789e+06,0.00015716,1.69367,0.00500315,5.02455,4.50004
6.77784e+06,0.000173968,1.69367,0.0050032,5.04374,4.49216
6.77779e+06,0.000190843,1.69367,0.00500325,5.0643,4.48292
6.77774e+06,0.000207789,1.69367,0.00500332,5.08587,4.47266
6.77768e+06,0.000224811,1.69367,0.00500339,5.10821,4.46163
6.77761e+06,0.000241912,1.69367,0.00500348,5.13114,4.45002
6.77755e+06,0.000259096,1.69367,0.00500359,5.15453,4.43795
6.77747e+06,0.000276369,1.69367,0.00500371,5.17826,4.42553
6.77739e+06,0.000293734,1.69367,0.00500384,5.20227,4.41283
6.77731e+06,0.000311196,1.69367,0.00500399,5.22648,4.39994
6.77722e+06,0.000328757,1.69368,0.00500416,5.25084,4.38689
6.77713e+06,0.000346422,1.69368,0.00500435,5.27532,4.37372
6.77704e+06,0.000364194,1.69368,0.00500455,5.29987,4.36048
6.77693e+06,0.000382075,1.69368,0.00500478,5.32447,4.3472
6.77683e+06,0.000400068,1.69368,0.00500503,5.3491,4.33389
6.77672e+06,0.000418176,1.69368,0.0050053,5.37372,4.32058
6.77661e+06,0.000436401,1.69368,0.0050056,5.39833,4.30728
6.77649e+06,0.000454744,1.69368,0.00500592,5.42291,4.29402
6.77637e+06,0.000473206,1.69368,0.00500626,5.44744,4.2808
6.77624e+06,0.000491788,1.69368,0.00500663,5.47191,4.26764
6.77611e+06,0.000510492,1.69369,0.00500702,5.49632,4.25455
6.77598e+06,0.000529316,1.69369,0.00500745,5.52065,4.24153
6.77584e+06,0.000548261,1.69369,0.0050079,5.54489,4.2286
6.7757e+06,0.000567326,1.69369,0.00500838,5.56905,4.21576
6.77555e+06,0.000586511,1.69369,0.00500889,5.59311,4.20302
6.77541e+06,0.000605814,1.69369,0.00500943,5.61706,4.19037
6.77525e+06,0.000625233,1.69369,0.00501,5.64091,4.17784
6.7751e+06,0.000644767,1.69369,0.00501061,5.66465,4.16542
6.77494e+06,0.000664412,1.6937,0.00501124,5.68827,4.15311
6.77478e+06,0.000684167,1.6937,0.00501191,5.71177,4.14092
6.77461e+06,0.000704028,1.6937,0.00501262,5.73516,4.12885
6.77444e+06,0.000723993,1.6937,0.00501336,5.75842,4.1169
6.77427e+06,0.000744056,1.6937,0.00501413,5.78156,4.10507
6.7741e+06,0.000764214,1.6937,0.00501494,5.80457,4.09337
6.77392e+06,0.000784464,1.69371,0.00501579,5.82746,4.0818
6.77374e+06,0.000804799,1.69371,0.00501668,5.85022,4.07036
6.77356e+06,0.000825215,1.69371,0.0050176,5.87285,4.05904
6.77337e+06,0.000845707,1.69371,0.00501856,5.89535,4.04785
6.77318e+06,0.000866269,1.69371,0.00501956,5.91772,4.03679
6.77299e+06,0.000886896,1.69371,0.0050206,5.93997,4.02586
6.7728e+06,0.00090758,1.69372,0.00502168,5.96208,4.01506
6.7726e+06,0.000928317,1.69372,0.0050228,5.98407,4.00439
6.77241e+06,0.000949098,1.69372,0.00502396,6.00593,3.99384
6.77221e+06,0.000969918,1.69372,0.00502516,6.02766,3.98343
6.77201e+06,0.000990769,1.69372,0.0050264,6.04926,3.97313
6.7718e+06,0.00101164,1.69372,0.00502769,6.07074,3.96297
6.7716e+06,0.00103253,1.69373,0.00502902,6.0921,3.95293
6.77139e+06,0.00105343,1.69373,0.00503039,6.11333,3.94301
6.77119e+06,0.00107433,1.69373,0.0050318,6.13444,3.93322
6.77098e+06,0.00109522,1.69373,0.00503326,6.15542,3.92355
6.77077e+06,0.0011161,1.69373,0.00503476,6.17629,3.91399
6.77056e+06,0.00113695,1.69374,0.00503631,6.19704,3.90456
6.77034e+06,0.00115777,1.69374,0.0050379,6.21767,3.89525
6.77013e+06,0.00117854,1.69374,0.00503953,6.23818,3.88605
6.76992e+06,0.00119926,1.69374,0.00504121,6.25858,3.87696
6.7697e+06,0.00121993,1.69374,0.00504293,6.27887,3.86799
6.76949e+06,0.00124052,1.69375,0.0050447,0.0158557,3.85913
6.76927e+06,0.00126103,1.69375,0.00504651,0.0359201,3.85038
6.76905e+06,0.00128146,1.69375,0.00504837,0.0558761,3.84174
6.76884e+06,0.00130179,1.69375,0.00505028,0.0757253,3.8332
6.76862e+06,0.001322,1.69375,0.00505223,0.0954691,3.82477
6.7684e+06,0.00134211,1.69376,0.00505422,0.115109,3.81645
6.76819e+06,0.00136208,1.69376,0.00505626,0.134648,3.80822
6.76797e+06,0.00138192,1.69376,0.00505835,0.154086,3.8001
6.76775e+06,0.00140161,1.69376,0.00506048,0.173425,3.79208
6.76754e+06,0.00142114,1.69376,0.00506265,0.192667,3.78415
6.76732e+06,0.00144051,1.69377,0.00506487,0.211814,3.77632
6.76711e+06,0.0014597,1.69377,0.00506714,0.230867,3.76858
6.76689e+06,0.0014787,1.69377,0.00506945,0.249827,3.76093
6.76668e+06,0.0014975,1.69377,0.00507181,0.268698,3.75338
6.76647e+06,0.0015161,1.69377,0.00507421,0.287479,3.74591
6.76625e+06,0.00153448,1.69378,0.00507665,0.306174,3.73853
6.76604e+06,0.00155263,1.69378,0.00507914,0.324782,3.73124
6.76583e+06,0.00157055,1.69378,0.00508167,0.343307,3.72403
6.76563e+06,0.00158822,1.69378,0.00508425,0.361749,3.7169
6.76542e+06,0.00160563,1.69378,0.00508687,0.38011,3.70986
6.76522e+06,0.00162277,1.69379,0.00508953,0.398392,3.70289
6.76501e+06,0.00163964,1.69379,0.00509224,0.416596,3.696
6.76481e+06,0.00165622,1.69379,0.00509499,0.434724,3.68919
6.76461e+06,0.0016725,1.69379,0.00509778,0.452777,3.68245
6.76441e+06,0.00168848,1.69379,0.00510061,0.470757,3.67579
6.76422e+06,0.00170415,1.69379,0.00510348,0.488666,3.66919
6.76403e+06,0.00171948,1.6938,0.00510639,0.506504,3.66267
6.76384e+06,0.00173449,1.6938,0.00510935,0.524273,3.65622
6.76365e+06,0.00174915,1.6938,0.00511234,0.541975,3.64983
6.76346e+06,0.00176346,1.6938,0.00511537,0.559611,3.64351
6.76328e+06,0.0017774,1.6938,0.00511845,0.577183,3.63726
6.7631e+06,0.00179098,1.6938,0.00512156,0.594691,3.63106
6.76292e+06,0.00180418,1.69381,0.0051247,0.612138,3.62493
6.76274e+06,0.00181699,1.69381,0.00512789,0.629524,3.61886
6.76257e+06,0.0018294,1.69381,0.00513111,0.646852,3.61285
6.7624e+06,0.00184141,1.69381,0.00513436,0.664121,3.6069
6.76224e+06,0.00185301,1.69381,0.00513766,0.681335,3.601
6.76207e+06,0.00186418,1.69381,0.00514098,0.698493,3.59516
6.76191e+06,0.00187493,1.69382,0.00514434,0.715598,3.58937
6.76176e+06,0.00188524,1.69382,0.00514774,0.73265,3.58363
6.7616e+06,0.00189511,1.69382,0.00515116,0.749651,3.57795
6.76146e+06,0.00190453,1.69382,0.00515462,0.766602,3.57232
6.76131e+06,0.00191348,1.69382,0.00515811,0.783504,3.56673
6.76117e+06,0.00192198,1.69382,0.00516163,0.800359,3.56119
6.76103e+06,0.00193,1.69382,0.00516518,0.817167,3.5557
6.7609e+06,0.00193755,1.69382,0.00516875,0.833931,3.55025
6.76076e+06,0.00194461,1.69383,0.00517236,0.850651,3.54485
6.76064e+06,0.00195118,1.69383,0.00517599,0.867328,3.53949
6.76052e+06,0.00195726,1.69383,0.00517965,0.883964,3.53417
6.7604e+06,0.00196283,1.69383,0.00518333,0.900559,3.5289
6.76028e+06,0.00196789,1.69383,0.00518704,0.917115,3.52366
6.76017e+06,0.00197245,1.69383,0.00519077,0.933634,3.51846
6.76007e+06,0.00197649,1.69383,0.00519452,0.950115,3.51329
6.75996e+06,0.00198,1.69383,0.0051983,0.966561,3.50816
6.75987e+06,0.00198299,1.69383,0.00520209,0.982973,3.50307
6.75977e+06,0.00198545,1.69383,0.00520591,0.999351,3.49801
6.75969e+06,0.00198737,1.69384,0.00520975,1.0157,3.49298
6.7596e+06,0.00198876,1.69384,0.0052136,1.03201,3.48799
6.75952e+06,0.0019896,1.69384,0.00521747,1.0483,3.48302
6.75945e+06,0.0019899,1.69384,0.00522136,1.06455,3.47808
6.75938e+06,0.00198965,1.69384,0.00522526,1.08078,3.47317
6.75931e+06,0.00198885,1.69384,0.00522918,1.09698,3.46829
6.75925e+06,0.0019875,1.69384,0.00523311,1.11316,3.46343
6.7592e+06,0.00198559,1.69384,0.00523705,1.12931,3.4586
6.75914e+06,0.00198313,1.69384,0.005241,1.14544,3.45379
6.7591e+06,0.00198011,1.69384,0.00524497,1.16155,3.449
6.75906e+06,0.00197652,1.69384,0.00524894,1.17764,3.44423
6.75902e+06,0.00197238,1.69384,0.00525292,1.19371,3.43948
6.75899e+06,0.00196768,1.69384,0.00525691,1.20976,3.43475
6.75896e+06,0.00196241,1.69384,0.00526091,1.22579,3.43004
6.75894e+06,0.00195658,1.69384,0.00526491,1.2418,3.42534
6.75892e+06,0.00195019,1.69384,0.00526891,1.25781,3.42066
6.75891e+06,0.00194323,1.69384,0.00527292,1.2738,3.41599
6.7589e+06,0.00193572,1.69384,0.00527693,1.28977,3.41133
6.7589e+06,0.00192764,1.69384,0.00528094,1.30574,3.40669
6.7589e+06,0.00191901,1.69384,0.00528495,1.3217,3.40205
6.75891e+06,0.00190982,1.69384,0.00528896,1.33765,3.39742
6.75892e+06,0.00190007,1.69384,0.00529297,1.35359,3.3928
6.75894e+06,0.00188977,1.69384,0.00529697,1.36953,3.38818
6.75896e+06,0.00187891,1.69384,0.00530097,1.38546,3.38357
6.75899e+06,0.00186751,1.69384,0.00530497,1.40139,3.37896
6.75902e+06,0.00185556,1.69384,0.00530896,1.41732,3.37435
6.75905e+06,0.00184307,1.69384,0.00531294,1.43325,3.36974
6.75909e+06,0.00183003,1.69384,0.00531691,1.44919,3.36512
6.75914e+06,0.00181647,1.69384,0.00532088,1.46513,3.36051
6.75919e+06,0.00180237,1.69384,0.00532483,1.48108,3.35588
6.75925e+06,0.00178774,1.69384,0.00532878,1.49703,3.35125
6.75931e+06,0.00177259,1.69384,0.00533271,1.51299,3.34661
6.75937e+06,0.00175692,1.69384,0.00533663,1.52897,3.34195
6.75944e+06,0.00174073,1.69384,0.00534053,1.54496,3.33729
6.75952e+06,0.00172404,1.69384,0.00534442,1.56097,3.3326
6.7596e+06,0.00170685,1.69384,0.00534829,1.57699,3.3279
6.75968e+06,0.00168916,1.69384,0.00535215,1.59304,3.32318
6.75977e+06,0.00167098,1.69383,0.00535599,1.60911,3.31843
6.75986e+06,0.00165232,1.69383,0.00535981,1.62521,3.31365
6.75996e+06,0.00163318,1.69383,0.00536361,1.64133,3.30885
6.76006e+06,0.00161357,1.69383,0.00536738,1.65749,3.30402
6.76016e+06,0.0015935,1.69383,0.00537114,1.67368,3.29915
6.76027e+06,0.00157297,1.69383,0.00537487,1.68991,3.29424
6.76039e+06,0.001552,1.69383,0.00537858,1.70619,3.28929
6.76051e+06,0.00153059,1.69383,0.00538227,1.72251,3.28429
6.76063e+06,0.00150874,1.69383,0.00538593,1.73888,3.27925
6.76076e+06,0.00148648,1.69383,0.00538957,1.7553,3.27415
6.76089e+06,0.0014638,1.69382,0.00539317,1.77178,3.26899
6.76102e+06,0.00144071,1.69382,0.00539675,1.78833,3.26377
6.76116e+06,0.00141723,1.69382,0.0054003,1.80494,3.25848
6.7613e+06,0.00139337,1.69382,0.00540383,1.82163,3.25312
6.76145e+06,0.00136912,1.69382,0.00540732,1.8384,3.24767
6.7616e+06,0.00134452,1.69382,0.00541078,1.85526,3.24214
6.76175e+06,0.00131955,1.69382,0.00541421,1.87221,3.23651
6.76191e+06,0.00129425,1.69382,0.0054176,1.88927,3.23078
6.76207e+06,0.0012686,1.69381,0.00542097,1.90643,3.22494
6.76223e+06,0.00124264,1.69381,0.0054243,1.92372,3.21898
6.76239e+06,0.00121636,1.69381,0.00542759,1.94113,3.21289
6.76256e+06,0.00118978,1.69381,0.00543085,1.95869,3.20666
6.76274e+06,0.00116291,1.69381,0.00543408,1.9764,3.20028
6.76291e+06,0.00113577,1.69381,0.00543726,1.99427,3.19373
6.76309e+06,0.00110836,1.6938,0.00544042,2.01233,3.187
6.76327e+06,0.0010807,1.6938,0.00544353,2.03058,3.18008
6.76345e+06,0.00105281,1.6938,0.0054466,2.04905,3.17294
6.76364e+06,0.00102468,1.6938,0.00544964,2.06775,3.16556
6.76383e+06,0.000996346,1.6938,0.00545264,2.08671,3.15793
6.76402e+06,0.000967813,1.6938,0.00545559,2.10595,3.15002
6.76421e+06,0.000939095,1.69379,0.00545851,2.12551,3.14179
6.76441e+06,0.000910209,1.69379,0.00546139,2.1454,3.13322
6.76461e+06,0.000881169,1.69379,0.00546422,2.16567,3.12428
6.76481e+06,0.000851991,1.69379,0.00546701,2.18636,3.11492
6.76501e+06,0.000822691,1.69379,0.00546977,2.20751,3.10509
6.76521e+06,0.000793285,1.69379,0.00547247,2.22918,3.09475
6.76542e+06,0.000763793,1.69378,0.00547514,2.25143,3.08383
6.76562e+06,0.000734231,1.69378,0.00547776,2.27433,3.07226
6.76583e+06,0.00070462,1.69378,0.00548034,2.29796,3.05997
6.76604e+06,0.00067498,1.69378,0.00548288,2.32241,3.04684
6.76625e+06,0.000645333,1.69378,0.00548537,2.3478,3.03278
6.76647e+06,0.000615704,1.69377,0.00548782,2.37427,3.01764
6.76668e+06,0.000586118,1.69377,0.00549022,2.40196,3.00128
6.76689e+06,0.000556606,1.69377,0.00549258,2.43107,2.9835
6.76711e+06,0.000527197,1.69377,0.00549489,2.46183,2.96407
6.76732e+06,0.000497931,1.69377,0.00549716,2.49452,2.94271
6.76754e+06,0.000468848,1.69376,0.00549938,2.52947,2.91909
6.76776e+06,0.000439998,1.69376,0.00550156,2.56711,2.89278
6.76797e+06,0.00041144,1.69376,0.00550369,2.60797,2.86325
6.76819e+06,0.000383247,1.69376,0.00550578,2.65269,2.82986
6.76841e+06,0.000355506,1.69376,0.00550782,2.70212,2.79176
6.76863e+06,0.000328331,1.69375,0.00550982,2.75732,2.7479
6.76884e+06,0.000301865,1.69375,0.00551177,2.81963,2.69691
6.76906e+06,0.000276298,1.69375,0.00551367,2.89081,2.63707
6.76928e+06,0.000251882,1.69375,0.00551553,2.97302,2.56619
6.7695e+06,0.000228953,1.69375,0.00551735,3.06895,2.48159
6.76971e+06,0.00020796,1.69374,0.00551912,3.18171,2.38016
6.76993e+06,0.000189494,1.69374,0.00552084,3.31446,2.25874
6.77014e+06,0.00017429,1.69374,0.00552252,3.46945,2.11508
6.77036e+06,0.000163181,1.69374,0.00552416,3.64635,1.94952
6.77057e+06,0.000156941,1.69374,0.00552575,3.84025,1.76694
6.77078e+06,0.000156051,1.69373,0.00552729,4.04118,1.57735
6.77099e+06,0.00016049,1.69373,0.00552879,4.2366,1.39326
6.7712e+06,0.000169727,1.69373,0.00553025,4.41601,1.22518
6.77141e+06,0.000182926,1.69373,0.00553167,4.57385,1.07868
6.77162e+06,0.000199191,1.69373,0.00553304,4.70929,0.954569
6.77182e+06,0.000217731,1.69372,0.00553437,4.82438,0.850809
6.77203e+06,0.000237913,1.69372,0.00553565,4.92223,0.76429
6.77223e+06,0.000259256,1.69372,0.00553689,5.00599,0.691868
6.77243e+06,0.000281403,1.69372,0.0055381,5.07839,0.630797
6.77262e+06,0.000304087,1.69372,0.00553926,5.14169,0.578831
6.77282e+06,0.00032711,1.69372,0.00554037,5.19767,0.534186
6.77301e+06,0.00035032,1.69371,0.00554145,5.24773,0.495464
6.7732e+06,0.000373602,1.69371,0.00554249,5.29295,0.46157
6.77339e+06,0.000396865,1.69371,0.00554349,5.33421,0.431644
6.77358e+06,0.000420037,1.69371,0.00554445,5.37218,0.405008
6.77376e+06,0.000443057,1.69371,0.00554537,5.4074,0.381122
6.77394e+06,0.000465877,1.69371,0.00554625,5.44031,0.359553
6.77412e+06,0.000488457,1.6937,0.0055471,5.47124,0.339952
6.7743e+06,0.000510761,1.6937,0.00554791,5.5005,0.322033
6.77447e+06,0.000532759,1.6937,0.00554868,5.5283,0.305562
6.77464e+06,0.000554424,1.6937,0.00554942,5.55485,0.290344
6.7748e+06,0.000575732,1.6937,0.00555012,5.58031,0.276219
6.77497e+06,0.000596663,1.6937,0.00555079,5.60482,0.263049
6.77513e+06,0.000617197,1.69369,0.00555142,5.62848,0.25072
6.77528e+06,0.000637317,1.69369,0.00555203,5.6514,0.239134
6.77543e+06,0.000657005,1.69369,0.0055526,5.67366,0.228207
6.77558e+06,0.000676248,1.69369,0.00555314,5.69534,0.217868
6.77573e+06,0.000695031,1.69369,0.00555364,5.71649,0.208054
6.77587e+06,0.000713341,1.69369,0.00555412,5.73717,0.198711
6.77601e+06,0.000731166,1.69369,0.00555457,5.75742,0.189791
6.77614e+06,0.000748494,1.69369,0.00555499,5.77729,0.181254
6.77627e+06,0.000765315,1.69368,0.00555539,5.79682,0.173062
6.7764e+06,0.000781617,1.69368,0.00555575,5.81604,0.165183
6.77652e+06,0.000797391,1.69368,0.00555609,5.83497,0.157588
6.77664e+06,0.000812628,1.69368,0.00555641,5.85364,0.150252
6.77675e+06,0.000827318,1.69368,0.0055567,5.87207,0.143152
6.77686e+06,0.000841454,1.69368,0.00555697,5.89029,0.136267
6.77696e+06,0.000855027,1.69368,0.00555722,5.90832,0.129579
6.77707e+06,0.000868031,1.69368,0.00555744,5.92616,0.12307
6.77716e+06,0.000880456,1.69368,0.00555765,5.94384,0.116725
6.77725e+06,0.000892298,1.69368,0.00555783,5.96137,0.110531
6.77734e+06,0.000903549,1.69367,0.005558,5.97877,0.104474
6.77742e+06,0.000914204,1.69367,0.00555815,5.99603,0.0985433
6.7775e+06,0.000924256,1.69367,0.00555828,6.01318,0.0927274
6.77757e+06,0.0009337,1.69367,0.0055584,6.03023,0.0870166
6.77764e+06,0.000942532,1.69367,0.0055585,6.04718,0.0814015
6.77771e+06,0.000950746,1.69367,0.00555859,6.06405,0.0758736
6.77777e+06,0.000958339,1.69367,0.00555866,6.08083,0.0704248
6.77782e+06,0.000965306,1.69367,0.00555873,6.09755,0.0650476
6.77787e+06,0.000971644,1.69367,0.00555878,6.11419,0.0597347
6.77792e+06,0.000977349,1.69367,0.00555882,6.13079,0.0544795
6.77796e+06,0.000982418,1.69367,0.00555886,6.14733,0.0492755
6.77799e+06,0.000986849,1.69367,0.00555888,6.16382,0.0441166
6.77802e+06,0.00099064,1.69367,0.0055589,6.18028,0.038997
6.77805e+06,0.000993788,1.69367,0.00555892,6.1967,0.0339109
6.77807e+06,0.000996291,1.69367,0.00555892,6.21309,0.0288528
6.77808e+06,0.000998149,1.69367,0.00555893,6.22947,0.0238175
6.77809e+06,0.00099936,1.69367,0.00555893,6.24582,0.0187998
6.7781e+06,0.000999924,1.69367,0.00555893,6.26216,0.0137943
6.7781e+06,0.00099984,1.69367,0.00555893,6.2785,0.00879618
6.7781e+06,0.000999108,1.69367,0.00555893,0.0116443,0.00380024
6.77809e+06,0.000997728,1.69367,0.00555894,0.0279795,6.28199
6.77807e+06,0.000995702,1.69367,0.00555894,0.0443226,6.27698
6.77805e+06,0.000993029,1.69367,0.00555895,0.0606788,6.27196
6.77803e+06,0.000989712,1.69367,0.00555896,0.0770533,6.26692
6.778e+06,0.000985751,1.69367,0.00555898,0.0934515,6.26186
6.77797e+06,0.00098115,1.69367,0.005559,0.109879,6.25677
6.77793e+06,0.000975909,1.69367,0.00555903,0.126341,6.25164
6.77788e+06,0.000970031,1.69367,0.00555907,0.142844,6.24648
6.77784e+06,0.00096352,1.69367,0.00555912,0.159393,6.24126
6.77778e+06,0.000956378,1.69367,0.00555918,0.175996,6.236
6.77772e+06,0.00094861,1.69367,0.00555926,0.19266,6.23067
6.77766e+06,0.000940218,1.69367,0.00555934,0.20939,6.22528
6.77759e+06,0.000931208,1.69367,0.00555944,0.226195,6.21981
6.77752e+06,0.000921583,1.69367,0.00555955,0.243084,6.21425
6.77745e+06,0.000911348,1.69367,0.00555968,0.260064,6.20861
6.77736e+06,0.000900509,1.69367,0.00555982,0.277146,6.20286
6.77728e+06,0.000889072,1.69367,0.00555998,0.294339,6.19701
6.77719e+06,0.000877041,1.69368,0.00556017,0.311654,6.19103
6.77709e+06,0.000864424,1.69368,0.00556036,0.329104,6.18491
6.77699e+06,0.000851226,1.69368,0.00556058,0.346701,6.17865
6.77689e+06,0.000837456,1.69368,0.00556082,0.364461,6.17223
6.77678e+06,0.000823119,1.69368,0.00556109,0.382398,6.16563
6.77667e+06,0.000808225,1.69368,0.00556137,0.40053,6.15883
6.77655e+06,0.00079278,1.69368,0.00556168,0.418877,6.15182
6.77643e+06,0.000776795,1.69368,0.00556202,0.437461,6.14457
6.77631e+06,0.000760276,1.69368,0.00556238,0.456305,6.13706
6.77618e+06,0.000743235,1.69368,0.00556276,0.475437,6.12926
6.77604e+06,0.000725681,1.69369,0.00556318,0.494888,6.12115
6.77591e+06,0.000707624,1.69369,0.00556362,0.514691,6.11268
6.77577e+06,0.000689075,1.69369,0.00556409,0.534887,6.10382
6.77562e+06,0.000670047,1.69369,0.00556459,0.555521,6.09452
6.77548e+06,0.000650552,1.69369,0.00556512,0.576644,6.08473
6.77532e+06,0.000630602,1.69369,0.00556568,0.598315,6.0744
6.77517e+06,0.000610213,1.69369,0.00556627,0.620604,6.06344
6.77501e+06,0.000589399,1.6937,0.0055669,0.643592,6.05179
6.77485e+06,0.000568176,1.6937,0.00556756,0.667374,6.03934
6.77468e+06,0.000546564,1.6937,0.00556825,0.69206,6.02599
6.77452e+06,0.000524581,1.6937,0.00556898,0.717785,6.0116
6.77434e+06,0.00050225,1.6937,0.00556974,0.744706,5.99601
6.77417e+06,0.000479595,1.6937,0.00557054,0.773017,5.97904
6.77399e+06,0.000456644,1.6937,0.00557138,0.802951,5.96044
6.77381e+06,0.00043343,1.69371,0.00557225,0.834795,5.93993
6.77363e+06,0.000409991,1.69371,0.00557316,0.868905,5.91715
6.77344e+06,0.000386371,1.69371,0.00557411,0.905725,5.89166
6.77326e+06,0.000362626,1.69371,0.0055751,0.945816,5.86291
6.77307e+06,0.000338825,1.69371,0.00557612,0.989897,5.83016
6.77287e+06,0.000315052,1.69372,0.00557719,1.03889,5.7925
6.77268e+06,0.000291421,1.69372,0.0055783,1.094,5.74872
6.77248e+06,0.00026808,1.69372,0.00557945,1.15681,5.69724
6.77228e+06,0.000245226,1.69372,0.00558064,1.22939,5.63599
6.77208e+06,0.000223135,1.69372,0.00558187,1.31446,5.56226
6.77188e+06,0.000202188,1.69372,0.00558314,1.41547,5.47258
6.77167e+06,0.000182918,1.69373,0.00558446,1.53662,5.36276
6.77147e+06,0.000166058,1.69373,0.00558582,1.68232,5.2284
6.77126e+06,0.000152561,1.69373,0.00558722,1.85573,5.06632
6.77105e+06,0.000143532,1.69373,0.00558866,2.05589,4.87749
6.77084e+06,0.000139986,1.69373,0.00559015,2.27455,4.67016
6.77063e+06,0.000142469,1.69374,0.00559169,2.49626,4.45978
6.77042e+06,0.000150802,1.69374,0.00559327,2.70422,4.26315
6.7702e+06,0.000164196,1.69374,0.00559489,2.88737,4.09134
6.76999e+06,0.000181616,1.69374,0.00559655,3.0425,3.94755
6.76977e+06,0.000202091,1.69374,0.00559827,3.17171,3.82966
6.76956e+06,0.00022484,1.69375,0.00560002,3.27924,3.73347
6.76934e+06,0.000249283,1.69375,0.00560183,3.36942,3.65461
6.76912e+06,0.000275002,1.69375,0.00560367,3.44601,3.58936
6.7689e+06,0.000301693,1.69375,0.00560557,3.51196,3.53473
6.76869e+06,0.000329138,1.69375,0.0056075,3.56956,3.48847
6.76847e+06,0.000357175,1.69376,0.00560949,3.62054,3.44882
6.76825e+06,0.00038568,1.69376,0.00561152,3.66623,3.41446
6.76803e+06,0.000414558,1.69376,0.00561359,3.70763,3.38439
6.76782e+06,0.000443735,1.69376,0.00561571,3.74552,3.35783
6.7676e+06,0.00047315,1.69376,0.00561788,3.78053,3.33415
6.76738e+06,0.000502753,1.69377,0.00562009,3.81313,3.31288
6.76717e+06,0.000532502,1.69377,0.00562234,3.84371,3.29363
6.76695e+06,0.00056236,1.69377,0.00562464,3.87256,3.2761
6.76674e+06,0.000592294,1.69377,0.00562699,3.89996,3.26004
6.76653e+06,0.000622278,1.69377,0.00562938,3.92609,3.24524
6.76631e+06,0.000652284,1.69377,0.00563181,3.95113,3.23153
6.7661e+06,0.000682289,1.69378,0.00563429,3.97522,3.21876
6.76589e+06,0.000712273,1.69378,0.00563682,3.99848,3.20683
6.76568e+06,0.000742213,1.69378,0.00563938,4.02101,3.19563
6.76548e+06,0.000772092,1.69378,0.005642,4.0429,3.18507
6.76527e+06,0.00080189,1.69378,0.00564465,4.06421,3.17509
6.76507e+06,0.000831592,1.69379,0.00564735,4.08501,3.16562
6.76486e+06,0.000861179,1.69379,0.00565008,4.10535,3.15661
6.76466e+06,0.000890635,1.69379,0.00565287,4.12528,3.148
6.76446e+06,0.000919947,1.69379,0.00565569,4.14484,3.13977
6.76427e+06,0.000949097,1.69379,0.00565855,4.16407,3.13186
6.76407e+06,0.000978072,1.6938,0.00566146,4.183,3.12426
6.76388e+06,0.00100686,1.6938,0.0056644,4.20166,3.11693
6.76369e+06,0.00103544,1.6938,0.00566739,4.22006,3.10986
6.76351e+06,0.00106381,1.6938,0.00567042,4.23824,3.103
6.76332e+06,0.00109194,1.6938,0.00567348,4.25621,3.09636
6.76314e+06,0.00111983,1.6938,0.00567658,4.27399,3.0899
6.76296e+06,0.00114747,1.69381,0.00567972,4.2916,3.08362
6.76278e+06,0.00117483,1.69381,0.0056829,4.30905,3.0775
6.76261e+06,0.00120192,1.69381,0.00568611,4.32635,3.07152
6.76244e+06,0.00122872,1.69381,0.00568936,4.34352,3.06568
6.76227e+06,0.00125521,1.69381,0.00569265,4.36056,3.05996
6.76211e+06,0.00128138,1.69381,0.00569597,4.37749,3.05436
6.76195e+06,0.00130723,1.69381,0.00569932,4.39432,3.04886
6.76179e+06,0.00133274,1.69382,0.00570271,4.41104,3.04346
6.76164e+06,0.0013579,1.69382,0.00570613,4.42768,3.03815
6.76149e+06,0.0013827,1.69382,0.00570958,4.44423,3.03292
6.76134e+06,0.00140714,1.69382,0.00571307,4.46071,3.02777
6.7612e+06,0.00143119,1.69382,0.00571658,4.47712,3.02268
6.76106e+06,0.00145486,1.69382,0.00572012,4.49346,3.01767
6.76092e+06,0.00147812,1.69382,0.00572369,4.50974,3.01271
6.76079e+06,0.00150098,1.69383,0.00572729,4.52597,3.00781
6.76067e+06,0.00152343,1.69383,0.00573092,4.54214,3.00296
6.76054e+06,0.00154544,1.69383,0.00573457,4.55827,2.99815
6.76042e+06,0.00156702,1.69383,0.00573825,4.57435,2.99339
6.76031e+06,0.00158816,1.69383,0.00574196,4.5904,2.98867
6.7602e+06,0.00160885,1.69383,0.00574568,4.60641,2.98399
6.76009e+06,0.00162908,1.69383,0.00574943,4.62238,2.97933
6.75999e+06,0.00164885,1.69383,0.0057532,4.63833,2.97471
6.75989e+06,0.00166814,1.69383,0.005757,4.65425,2.97012
6.75979e+06,0.00168695,1.69383,0.00576081,4.67014,2.96555
6.7597e+06,0.00170528,1.69384,0.00576464,4.68601,2.961
6.75962e+06,0.00172311,1.69384,0.00576849,4.70186,2.95647
6.75954e+06,0.00174044,1.69384,0.00577236,4.7177,2.95196
6.75946e+06,0.00175726,1.69384,0.00577625,4.73351,2.94746
6.75939e+06,0.00177358,1.69384,0.00578015,4.74932,2.94298
6.75933e+06,0.00178937,1.69384,0.00578406,4.76511,2.9385
6.75926e+06,0.00180465,1.69384,0.00578799,4.7809,2.93404
6.75921e+06,0.00181939,1.69384,0.00579193,4.79668,2.92959
6.75916e+06,0.00183361,1.69384,0.00579588,4.81245,2.92513
6.75911e+06,0.00184729,1.69384,0.00579984,4.82821,2.92069
6.75907e+06,0.00186043,1.69384,0.00580381,4.84398,2.91625
6.75903e+06,0.00187302,1.69384,0.00580779,4.85974,2.9118
6.75899e+06,0.00188507,1.69384,0.00581178,4.87551,2.90736
6.75897e+06,0.00189657,1.69384,0.00581578,4.89127,2.90291
6.75894e+06,0.00190751,1.69384,0.00581977,4.90704,2.89846
6.75892e+06,0.0019179,1.69384,0.00582378,4.92282,2.89401
6.75891e+06,0.00192773,1.69384,0.00582779,4.9386,2.88955
6.7589e+06,0.001937,1.69384,0.00583179,4.95439,2.88508
6.7589e+06,0.0019457,1.69384,0.0058358,4.97019,2.8806
6.7589e+06,0.00195385,1.69384,0.00583982,4.98599,2.87611
6.75891e+06,0.00196142,1.69384,0.00584383,5.00181,2.87161
6.75892e+06,0.00196843,1.69384,0.00584783,5.01764,2.8671
6.75893e+06,0.00197488,1.69384,0.00585184,5.03349,2.86258
6.75895e+06,0.00198075,1.69384,0.00585584,5.04935,2.85804
6.75898e+06,0.00198606,1.69384,0.00585984,5.06522,2.85348
6.75901e+06,0.0019908,1.69384,0.00586383,5.08112,2.8489
6.75905e+06,0.00199498,1.69384,0.00586781,5.09703,2.84431
6.75909e+06,0.00199858,1.69384,0.00587178,5.11296,2.8397
6.75913e+06,0.00200163,1.69384,0.00587575,5.12891,2.83507
6.75918e+06,0.0020041,1.69384,0.00587971,5.14489,2.83041
6.75924e+06,0.00200602,1.69384,0.00588365,5.16088,2.82574
6.7593e+06,0.00200738,1.69384,0.00588759,5.1769,2.82103
6.75936e+06,0.00200817,1.69384,0.00589151,5.19294,2.81631
6.75943e+06,0.00200841,1.69384,0.00589541,5.20902,2.81156
6.7595e+06,0.0020081,1.69384,0.0058993,5.22511,2.80678
6.75958e+06,0.00200724,1.69384,0.00590318,5.24124,2.80197
6.75966e+06,0.00200583,1.69384,0.00590704,5.25739,2.79713
6.75975e+06,0.00200387,1.69384,0.00591088,5.27358,2.79227
6.75984e+06,0.00200138,1.69383,0.0059147,5.28979,2.78737
6.75994e+06,0.00199834,1.69383,0.0059185,5.30604,2.78244
6.76004e+06,0.00199478,1.69383,0.00592228,5.32232,2.77747
6.76014e+06,0.00199069,1.69383,0.00592604,5.33864,2.77247
6.76025e+06,0.00198607,1.69383,0.00592978,5.35499,2.76744
6.76037e+06,0.00198093,1.69383,0.00593349,5.37138,2.76237
6.76048e+06,0.00197529,1.69383,0.00593718,5.3878,2.75726
6.7606e+06,0.00196913,1.69383,0.00594085,5.40427,2.75211
6.76073e+06,0.00196247,1.69383,0.00594449,5.42077,2.74693
6.76086e+06,0.00195531,1.69383,0.0059481,5.43732,2.7417
6.76099e+06,0.00194766,1.69382,0.00595168,5.4539,2.73643
6.76113e+06,0.00193953,1.69382,0.00595524,5.47054,2.73111
6.76127e+06,0.00193092,1.69382,0.00595877,5.48721,2.72575
6.76141e+06,0.00192184,1.69382,0.00596226,5.50393,2.72035
6.76156e+06,0.0019123,1.69382,0.00596573,5.5207,2.7149
6.76171e+06,0.00190229,1.69382,0.00596916,5.53751,2.7094
6.76187e+06,0.00189184,1.69382,0.00597257,5.55438,2.70385
6.76203e+06,0.00188094,1.69381,0.00597594,5.57129,2.69825
6.76219e+06,0.00186961,1.69381,0.00597927,5.58826,2.6926
6.76236e+06,0.00185785,1.69381,0.00598257,5.60528,2.6869
6.76252e+06,0.00184567,1.69381,0.00598584,5.62235,2.68114
6.7627e+06,0.00183308,1.69381,0.00598907,5.63948,2.67533
6.76287e+06,0.00182008,1.69381,0.00599226,5.65666,2.66946
6.76305e+06,0.00180669,1.69381,0.00599542,5.6739,2.66354
6.76323e+06,0.00179292,1.6938,0.00599854,5.6912,2.65755
6.76341e+06,0.00177877,1.6938,0.00600162,5.70856,2.65151
6.7636e+06,0.00176425,1.6938,0.00600467,5.72599,2.6454
6.76378e+06,0.00174936,1.6938,0.00600767,5.74347,2.63923
6.76397e+06,0.00173413,1.6938,0.00601064,5.76102,2.633
6.76417e+06,0.00171856,1.69379,0.00601356,5.77864,2.62669
6.76436e+06,0.00170266,1.69379,0.00601645,5.79632,2.62033
6.76456e+06,0.00168643,1.69379,0.00601929,5.81407,2.61389
6.76476e+06,0.00166989,1.69379,0.00602209,5.83189,2.60739
6.76496e+06,0.00165305,1.69379,0.00602485,5.84978,2.60081
6.76516e+06,0.00163591,1.69379,0.00602757,5.86775,2.59416
6.76536e+06,0.00161849,1.69378,0.00603024,5.88579,2.58743
6.76557e+06,0.0016008,1.69378,0.00603287,5.9039,2.58063
6.76578e+06,0.00158284,1.69378,0.00603546,5.9221,2.57376
6.76599e+06,0.00156462,1.69378,0.00603801,5.94037,2.5668
6.7662e+06,0.00154617,1.69378,0.00604051,5.95872,2.55976
6.76641e+06,0.00152748,1.69377,0.00604297,5.97715,2.55265
6.76662e+06,0.00150856,1.69377,0.00604538,5.99567,2.54545
6.76683e+06,0.00148943,1.69377,0.00604775,6.01427,2.53816
6.76705e+06,0.0014701,1.69377,0.00605007,6.03295,2.53079
6.76726e+06,0.00145058,1.69377,0.00605235,6.05173,2.52333
6.76748e+06,0.00143087,1.69376,0.00605458,6.07059,2.51578
6.76769e+06,0.00141098,1.69376,0.00605677,6.08955,2.50813
6.76791e+06,0.00139094,1.69376,0.00605891,6.1086,2.5004
6.76813e+06,0.00137074,1.69376,0.00606101,6.12774,2.49257
6.76834e+06,0.0013504,1.69376,0.00606307,6.14698,2.48465
6.76856e+06,0.00132992,1.69375,0.00606507,6.16632,2.47662
6.76878e+06,0.00130932,1.69375,0.00606703,6.18575,2.4685
6.76899e+06,0.00128861,1.69375,0.00606895,6.20529,2.46028
6.76921e+06,0.00126779,1.69375,0.00607082,6.22493,2.45196
6.76943e+06,0.00124688,1.69375,0.00607265,6.24467,2.44353
6.76964e+06,0.00122589,1.69374,0.00607443,6.26452,2.43499
6.76986e+06,0.00120482,1.69374,0.00607617,0.00128764,2.42635
6.77007e+06,0.00118368,1.69374,0.00607786,0.0213511,2.4176
6.77028e+06,0.00116249,1.69374,0.0060795,0.0415246,2.40874
6.7705e+06,0.00114126,1.69374,0.00608111,0.0618095,2.39977
6.77071e+06,0.00111998,1.69373,0.00608266,0.0822074,2.39069
6.77092e+06,0.00109868,1.69373,0.00608418,0.10272,2.38149
6.77113e+06,0.00107735,1.69373,0.00608565,0.123347,2.37218
6.77134e+06,0.00105602,1.69373,0.00608707,0.144092,2.36275
6.77154e+06,0.00103468,1.69373,0.00608846,0.164955,2.3532
6.77175e+06,0.00101335,1.69373,0.0060898,0.185937,2.34353
6.77195e+06,0.000992026,1.69372,0.00609109,0.20704,2.33374
6.77215e+06,0.000970726,1.69372,0.00609235,0.228264,2.32383
6.77235e+06,0.000949456,1.69372,0.00609356,0.249611,2.3138
6.77255e+06,0.000928222,1.69372,0.00609474,0.27108,2.30364
6.77274e+06,0.000907031,1.69372,0.00609587,0.292674,2.29336
6.77294e+06,0.000885891,1.69371,0.00609696,0.314392,2.28296
6.77313e+06,0.000864807,1.69371,0.00609801,0.336235,2.27243
6.77332e+06,0.000843788,1.69371,0.00609902,0.358204,2.26177
6.7735e+06,0.000822838,1.69371,0.00609999,0.380297,2.25099
6.77369e+06,0.000801963,1.69371,0.00610092,0.402516,2.24009
6.77387e+06,0.000781171,1.69371,0.00610182,0.42486,2.22906
6.77405e+06,0.000760465,1.6937,0.00610268,0.447329,2.2179
6.77422e+06,0.000739851,1.6937,0.0061035,0.469922,2.20662
6.77439e+06,0.000719333,1.6937,0.00610428,0.492637,2.19522
6.77456e+06,0.000698917,1.6937,0.00610503,0.515474,2.1837
6.77473e+06,0.000678606,1.6937,0.00610575,0.538431,2.17205
6.77489e+06,0.000658405,1.6937,0.00610643,0.561506,2.16029
6.77505e+06,0.000638316,1.6937,0.00610707,0.584696,2.14842
6.77521e+06,0.000618343,1.69369,0.00610769,0.608,2.13643
6.77536e+06,0.000598488,1.69369,0.00610827,0.631412,2.12433
6.77551e+06,0.000578755,1.69369,0.00610882,0.65493,2.11212
6.77566e+06,0.000559146,1.69369,0.00610934,0.678549,2.09982
6.7758e+06,0.000539661,1.69369,0.00610982,0.702263,2.08742
6.77594e+06,0.000520303,1.69369,0.00611028,0.726067,2.07493
6.77607e+06,0.000501073,1.69369,0.00611071,0.749953,2.06235
6.77621e+06,0.000481971,1.69368,0.00611112,0.773913,2.04971
6.77633e+06,0.000462997,1.69368,0.00611149,0.797938,2.037
6.77645e+06,0.000444153,1.69368,0.00611185,0.822017,2.02423
6.77657e+06,0.000425437,1.69368,0.00611217,0.846138,2.01142
6.77669e+06,0.000406848,1.69368,0.00611247,0.870285,1.99859
6.7768e+06,0.000388386,1.69368,0.00611275,0.894442,1.98575
6.77691e+06,0.000370049,1.69368,0.00611301,0.918588,1.97291
6.77701e+06,0.000351836,1.69368,0.00611324,0.9427,1.96012
6.7771e+06,0.000333744,1.69368,0.00611345,0.96675,1.94738
6.7772e+06,0.000315771,1.69368,0.00611365,0.990704,1.93474
6.77729e+06,0.000297914,1.69367,0.00611382,1.01452,1.92224
6.77737e+06,0.000280171,1.69367,0.00611398,1.03815,1.90992
6.77745e+06,0.000262537,1.69367,0.00611411,1.06152,1.89786
6.77753e+06,0.00024501,1.69367,0.00611424,1.08457,1.88613
6.7776e+06,0.000227587,1.69367,0.00611435,1.10718,1.87483
6.77766e+06,0.000210262,1.69367,0.00611444,1.12923,1.86409
6.77772e+06,0.000193034,1.69367,0.00611452,1.15054,1.8541
6.77778e+06,0.000175898,1.69367,0.00611459,1.17086,1.84509
6.77783e+06,0.000158851,1.69367,0.00611465,1.18984,1.83742
6.77788e+06,0.000141891,1.69367,0.00611469,1.20699,1.83159
6.77792e+06,0.000125017,1.69367,0.00611473,1.22154,1.82835
6.77796e+06,0.000108232,1.69367,0.00611476,1.23224,1.82896
6.77799e+06,9.15438e-05,1.69367,0.00611478,1.23699,1.83553
6.77802e+06,7.49727e-05,1.69367,0.0061148,1.23183,1.852
6.77804e+06,5.85688e-05,1.69367,0.00611481,1.20846,1.88668
6.77806e+06,4.24685e-05,1.69367,0.00611482,1.14631,1.96015
6.77807e+06,2.71423e-05,1.69367,0.00611482,0.979719,2.13805
6.77808e+06,1.50529e-05,1.69367,0.00611482,0.432583,2.6965
6.77808e+06,1.64633e-05,1.69367,0.00611482,5.63417,3.78942
6.77808e+06,2.94749e-05,1.69367,0.00611482,5.18718,4.24772
6.77807e+06,4.49381e-05,1.69367,0.00611482,5.04663,4.39959
6.77806e+06,6.10213e-05,1.69367,0.00611483,4.99329,4.46424
6.77804e+06,7.73481e-05,1.69367,0.00611483,4.97387,4.49497
6.77802e+06,9.38043e-05,1.69367,0.00611484,4.97084,4.50931
6.778e+06,0.000110347,1.69367,0.00611486,4.97692,4.51455
6.77796e+06,0.000126959,1.69367,0.00611488,4.98855,4.51423
6.77793e+06,0.000143633,1.69367,0.0061149,5.0038,4.51029
6.77789e+06,0.000160369,1.69367,0.00611494,5.02153,4.50387
6.77784e+06,0.000177167,1.69367,0.00611499,5.04103,4.49569
6.77779e+06,0.000194032,1.69367,0.00611504,5.06182,4.48621
6.77773e+06,0.000210966,1.69367,0.00611511,5.08357,4.47577
6.77767e+06,0.000227975,1.69367,0.00611518,5.10606,4.4646
6.77761e+06,0.000245061,1.69367,0.00611528,5.12911,4.45286
6.77754e+06,0.000262231,1.69367,0.00611538,5.15259,4.44069
6.77747e+06,0.000279487,1.69367,0.0061155,5.17642,4.42819
6.77739e+06,0.000296834,1.69367,0.00611564,5.20049,4.41542
6.7773e+06,0.000314277,1.69367,0.00611579,5.22477,4.40246
6.77722e+06,0.000331819,1.69368,0.00611596,5.24919,4.38935
6.77712e+06,0.000349463,1.69368,0.00611615,5.27372,4.37613
6.77703e+06,0.000367213,1.69368,0.00611636,5.29833,4.36284
6.77693e+06,0.000385072,1.69368,0.00611659,5.32297,4.34951
6.77682e+06,0.000403042,1.69368,0.00611684,5.34764,4.33616
6.77671e+06,0.000421126,1.69368,0.00611711,5.3723,4.32281
6.7766e+06,0.000439326,1.69368,0.00611741,5.39695,4.30947
6.77648e+06,0.000457643,1.69368,0.00611773,5.42157,4.29617
6.77636e+06,0.000476078,1.69368,0.00611807,5.44613,4.28292
6.77623e+06,0.000494633,1.69368,0.00611844,5.47064,4.26972
6.7761e+06,0.000513308,1.69369,0.00611884,5.49508,4.2566
6.77597e+06,0.000532104,1.69369,0.00611926,5.51945,4.24355
6.77583e+06,0.000551019,1.69369,0.00611972,5.54373,4.23058
6.77569e+06,0.000570054,1.69369,0.0061202,5.56791,4.21771
6.77554e+06,0.000589208,1.69369,0.00612071,5.592,4.20493
6.7754e+06,0.000608479,1.69369,0.00612126,5.61599,4.19226
6.77524e+06,0.000627865,1.69369,0.00612183,5.63987,4.17969
6.77509e+06,0.000647366,1.69369,0.00612244,5.66363,4.16724
6.77493e+06,0.000666978,1.6937,0.00612308,5.68729,4.1549
6.77477e+06,0.000686698,1.6937,0.00612375,5.71082,4.14268
6.7746e+06,0.000706525,1.6937,0.00612446,5.73424,4.13058
6.77443e+06,0.000726453,1.6937,0.0061252,5.75753,4.1186
6.77426e+06,0.00074648,1.6937,0.00612598,5.78069,4.10675
6.77408e+06,0.000766602,1.6937,0.00612679,5.80374,4.09502
6.77391e+06,0.000786814,1.69371,0.00612764,5.82665,4.08342
6.77373e+06,0.000807111,1.69371,0.00612853,5.84944,4.07195
6.77354e+06,0.000827489,1.69371,0.00612945,5.8721,4.0606
6.77336e+06,0.000847941,1.69371,0.00613042,5.89462,4.04939
6.77317e+06,0.000868464,1.69371,0.00613142,5.91702,4.0383
6.77298e+06,0.00088905,1.69371,0.00613246,5.9393,4.02735
6.77279e+06,0.000909694,1.69372,0.00613354,5.96144,4.01652
6.77259e+06,0.00093039,1.69372,0.00613467,5.98345,4.00582
6.77239e+06,0.00095113,1.69372,0.00613583,6.00533,3.99525
6.77219e+06,0.000971907,1.69372,0.00613703,6.02709,3.98481
6.77199e+06,0.000992715,1.69372,0.00613828,6.04872,3.97449
6.77179e+06,0.00101355,1.69373,0.00613957,6.07023,3.9643
6.77159e+06,0.00103439,1.69373,0.0061409,6.09161,3.95423
6.77138e+06,0.00105525,1.69373,0.00614227,6.11286,3.94429
6.77117e+06,0.0010761,1.69373,0.00614369,6.13399,3.93447
6.77096e+06,0.00109695,1.69373,0.00614515,6.155,3.92478
6.77075e+06,0.00111778,1.69373,0.00614666,6.17589,3.9152
6.77054e+06,0.00113858,1.69374,0.00614821,6.19666,3.90575
6.77033e+06,0.00115935,1.69374,0.0061498,6.21732,3.89641
6.77012e+06,0.00118008,1.69374,0.00615144,6.23785,3.88719
6.7699e+06,0.00120076,1.69374,0.00615312,6.25828,3.87808
6.76969e+06,0.00122137,1.69374,0.00615484,6.27858,3.86908
6.76947e+06,0.00124192,1.69375,0.00615662,0.0155951,3.8602
6.76925e+06,0.00126238,1.69375,0.00615843,0.0356811,3.85143
6.76904e+06,0.00128276,1.69375,0.00616029,0.0556583,3.84277
6.76882e+06,0.00130304,1.69375,0.0061622,0.0755284,3.83421
6.7686e+06,0.00132321,1.69375,0.00616415,0.095293,3.82576
6.76839e+06,0.00134326,1.69376,0.00616615,0.114954,3.81742
6.76817e+06,0.00136318,1.69376,0.0061682,0.134512,3.80917
6.76795e+06,0.00138297,1.69376,0.00617028,0.15397,3.80103
6.76774e+06,0.00140261,1.69376,0.00617242,0.173329,3.79299
6.76752e+06,0.00142209,1.69376,0.0061746,0.19259,3.78504
6.76731e+06,0.0014414,1.69377,0.00617682,0.211756,3.77719
6.76709e+06,0.00146054,1.69377,0.00617909,0.230828,3.76943
6.76688e+06,0.00147949,1.69377,0.00618141,0.249807,3.76177
6.76666e+06,0.00149824,1.69377,0.00618376,0.268696,3.75419
6.76645e+06,0.00151679,1.69377,0.00618617,0.287495,3.74671
6.76624e+06,0.00153511,1.69378,0.00618862,0.306208,3.73931
6.76603e+06,0.00155321,1.69378,0.00619111,0.324834,3.732
6.76582e+06,0.00157107,1.69378,0.00619364,0.343376,3.72477
6.76561e+06,0.00158869,1.69378,0.00619622,0.361835,3.71763
6.76541e+06,0.00160604,1.69378,0.00619885,0.380213,3.71057
6.7652e+06,0.00162313,1.69379,0.00620151,0.398512,3.70358
6.765e+06,0.00163994,1.69379,0.00620422,0.416733,3.69668
6.7648e+06,0.00165647,1.69379,0.00620697,0.434877,3.68985
6.7646e+06,0.0016727,1.69379,0.00620977,0.452947,3.68309
6.7644e+06,0.00168862,1.69379,0.0062126,0.470943,3.67641
6.76421e+06,0.00170423,1.69379,0.00621548,0.488867,3.66981
6.76401e+06,0.00171951,1.6938,0.00621839,0.506721,3.66327
6.76382e+06,0.00173446,1.6938,0.00622135,0.524505,3.6568
6.76363e+06,0.00174906,1.6938,0.00622434,0.542223,3.6504
6.76345e+06,0.00176331,1.6938,0.00622738,0.559874,3.64406
6.76326e+06,0.0017772,1.6938,0.00623045,0.577461,3.63779
6.76308e+06,0.00179072,1.6938,0.00623357,0.594984,3.63158
6.76291e+06,0.00180386,1.69381,0.00623672,0.612445,3.62544
6.76273e+06,0.00181661,1.69381,0.0062399,0.629846,3.61935
6.76256e+06,0.00182897,1.69381,0.00624313,0.647188,3.61333
6.76239e+06,0.00184092,1.69381,0.00624639,0.664472,3.60736
6.76222e+06,0.00185246,1.69381,0.00624968,0.6817,3.60145
6.76206e+06,0.00186358,1.69381,0.00625301,0.698872,3.59559
6.7619e+06,0.00187426,1.69382,0.00625637,0.715991,3.58979
6.76175e+06,0.00188452,1.69382,0.00625977,0.733057,3.58404
6.76159e+06,0.00189433,1.69382,0.0062632,0.750072,3.57834
6.76144e+06,0.00190369,1.69382,0.00626666,0.767036,3.5727
6.7613e+06,0.00191259,1.69382,0.00627015,0.783952,3.5671
6.76116e+06,0.00192102,1.69382,0.00627367,0.800821,3.56155
6.76102e+06,0.00192899,1.69382,0.00627722,0.817643,3.55604
6.76089e+06,0.00193648,1.69382,0.0062808,0.83442,3.55058
6.76076e+06,0.00194348,1.69383,0.0062844,0.851153,3.54516
6.76063e+06,0.00194999,1.69383,0.00628804,0.867844,3.53979
6.76051e+06,0.00195601,1.69383,0.0062917,0.884493,3.53446
6.76039e+06,0.00196153,1.69383,0.00629538,0.901102,3.52917
6.76027e+06,0.00196653,1.69383,0.00629909,0.917671,3.52392
6.76016e+06,0.00197103,1.69383,0.00630282,0.934203,3.5187
6.76006e+06,0.00197501,1.69383,0.00630658,0.950698,3.51352
6.75996e+06,0.00197847,1.69383,0.00631036,0.967157,3.50838
6.75986e+06,0.0019814,1.69383,0.00631415,0.983582,3.50328
6.75977e+06,0.0019838,1.69384,0.00631797,0.999973,3.4982
6.75968e+06,0.00198567,1.69384,0.00632181,1.01633,3.49316
6.7596e+06,0.001987,1.69384,0.00632566,1.03266,3.48815
6.75952e+06,0.00198779,1.69384,0.00632954,1.04896,3.48317
6.75944e+06,0.00198803,1.69384,0.00633343,1.06523,3.47822
6.75937e+06,0.00198773,1.69384,0.00633733,1.08147,3.4733
6.75931e+06,0.00198687,1.69384,0.00634125,1.09769,3.4684
6.75925e+06,0.00198546,1.69384,0.00634518,1.11388,3.46353
6.75919e+06,0.0019835,1.69384,0.00634912,1.13004,3.45868
6.75914e+06,0.00198099,1.69384,0.00635307,1.14619,3.45386
6.7591e+06,0.00197791,1.69384,0.00635704,1.16231,3.44906
6.75905e+06,0.00197427,1.69384,0.00636101,1.17841,3.44427
6.75902e+06,0.00197008,1.69384,0.006365,1.19449,3.43951
6.75899e+06,0.00196532,1.69384,0.00636898,1.21056,3.43477
6.75896e+06,0.00196,1.69384,0.00637298,1.2266,3.43004
6.75894e+06,0.00195412,1.69384,0.00637698,1.24263,3.42533
6.75892e+06,0.00194768,1.69384,0.00638098,1.25865,3.42063
6.75891e+06,0.00194068,1.69384,0.00638499,1.27465,3.41595
6.7589e+06,0.00193311,1.69384,0.006389,1.29065,3.41128
6.7589e+06,0.00192499,1.69384,0.00639301,1.30663,3.40661
6.7589e+06,0.00191631,1.69384,0.00639702,1.3226,3.40196
6.75891e+06,0.00190707,1.69384,0.00640103,1.33856,3.39732
6.75892e+06,0.00189727,1.69384,0.00640504,1.35452,3.39268
6.75894e+06,0.00188692,1.69384,0.00640905,1.37048,3.38805
6.75896e+06,0.00187602,1.69384,0.00641305,1.38643,3.38342
6.75899e+06,0.00186458,1.69384,0.00641704,1.40238,3.37879
6.75902e+06,0.00185258,1.69384,0.00642103,1.41832,3.37416
6.75906e+06,0.00184005,1.69384,0.00642501,1.43427,3.36954
6.7591e+06,0.00182697,1.69384,0.00642899,1.45023,3.3649
6.75914e+06,0.00181336,1.69384,0.00643295,1.46618,3.36027
6.7592e+06,0.00179922,1.69384,0.0064369,1.48215,3.35563
6.75925e+06,0.00178455,1.69384,0.00644085,1.49812,3.35097
6.75931e+06,0.00176936,1.69384,0.00644478,1.51411,3.34631
6.75938e+06,0.00175365,1.69384,0.0064487,1.5301,3.34164
6.75945e+06,0.00173743,1.69384,0.0064526,1.54611,3.33695
6.75952e+06,0.00172071,1.69384,0.00645649,1.56214,3.33225
6.7596e+06,0.00170348,1.69384,0.00646036,1.57819,3.32752
6.75969e+06,0.00168576,1.69384,0.00646421,1.59426,3.32277
6.75977e+06,0.00166754,1.69383,0.00646805,1.61035,3.318
6.75987e+06,0.00164885,1.69383,0.00647187,1.62647,3.31321
6.75996e+06,0.00162968,1.69383,0.00647567,1.64262,3.30838
6.76007e+06,0.00161004,1.69383,0.00647944,1.6588,3.30352
6.76017e+06,0.00158994,1.69383,0.0064832,1.67502,3.29863
6.76028e+06,0.00156938,1.69383,0.00648693,1.69128,3.29369
6.7604e+06,0.00154838,1.69383,0.00649064,1.70758,3.28871
6.76052e+06,0.00152694,1.69383,0.00649432,1.72393,3.28369
6.76064e+06,0.00150507,1.69383,0.00649798,1.74033,3.27861
6.76077e+06,0.00148278,1.69383,0.00650161,1.75678,3.27348
6.7609e+06,0.00146008,1.69382,0.00650522,1.7733,3.26829
6.76103e+06,0.00143698,1.69382,0.0065088,1.78988,3.26304
6.76117e+06,0.00141348,1.69382,0.00651235,1.80653,3.25771
6.76131e+06,0.00138959,1.69382,0.00651587,1.82326,3.25231
6.76146e+06,0.00136533,1.69382,0.00651936,1.84007,3.24683
6.76161e+06,0.00134071,1.69382,0.00652281,1.85696,3.24125
6.76176e+06,0.00131573,1.69382,0.00652624,1.87396,3.23558
6.76192e+06,0.00129041,1.69382,0.00652963,1.89106,3.22981
6.76208e+06,0.00126476,1.69381,0.006533,1.90827,3.22393
6.76224e+06,0.00123878,1.69381,0.00653632,1.9256,3.21792
6.76241e+06,0.0012125,1.69381,0.00653962,1.94307,3.21178
6.76258e+06,0.00118591,1.69381,0.00654287,1.96068,3.20549
6.76275e+06,0.00115904,1.69381,0.0065461,1.97845,3.19905
6.76292e+06,0.00113189,1.69381,0.00654928,1.99638,3.19244
6.7631e+06,0.00110448,1.6938,0.00655243,2.0145,3.18565
6.76328e+06,0.00107682,1.6938,0.00655554,2.03282,3.17865
6.76347e+06,0.00104893,1.6938,0.00655861,2.05137,3.17144
6.76365e+06,0.00102081,1.6938,0.00656164,2.07015,3.16398
6.76384e+06,0.000992476,1.6938,0.00656464,2.08919,3.15627
6.76403e+06,0.00096395,1.6938,0.00656759,2.10852,3.14826
6.76423e+06,0.000935243,1.69379,0.00657051,2.12817,3.13994
6.76442e+06,0.000906368,1.69379,0.00657338,2.14817,3.13127
6.76462e+06,0.000877342,1.69379,0.00657621,2.16856,3.12222
6.76482e+06,0.00084818,1.69379,0.006579,2.18937,3.11273
6.76502e+06,0.000818899,1.69379,0.00658175,2.21065,3.10277
6.76523e+06,0.000789515,1.69378,0.00658445,2.23247,3.09229
6.76543e+06,0.000760047,1.69378,0.00658712,2.25487,3.08121
6.76564e+06,0.000730513,1.69378,0.00658974,2.27794,3.06947
6.76585e+06,0.000700932,1.69378,0.00659231,2.30176,3.05698
6.76606e+06,0.000671327,1.69378,0.00659485,2.32643,3.04364
6.76627e+06,0.000641719,1.69378,0.00659733,2.35205,3.02935
6.76648e+06,0.000612133,1.69377,0.00659978,2.37878,3.01395
6.76669e+06,0.000582596,1.69377,0.00660218,2.40677,2.99729
6.76691e+06,0.000553137,1.69377,0.00660453,2.43621,2.97918
6.76712e+06,0.000523789,1.69377,0.00660684,2.46734,2.95938
6.76734e+06,0.000494591,1.69377,0.00660911,2.50045,2.9376
6.76756e+06,0.000465584,1.69376,0.00661133,2.53589,2.91349
6.76777e+06,0.000436821,1.69376,0.0066135,2.5741,2.88661
6.76799e+06,0.000408363,1.69376,0.00661563,2.6156,2.85644
6.76821e+06,0.000380284,1.69376,0.00661772,2.66109,2.82228
6.76842e+06,0.000352676,1.69376,0.00661975,2.71141,2.78329
6.76864e+06,0.000325657,1.69375,0.00662175,2.76767,2.73836
6.76886e+06,0.000299376,1.69375,0.00662369,2.83124,2.68612
6.76908e+06,0.000274031,1.69375,0.0066256,2.9039,2.62479
6.76929e+06,0.000249885,1.69375,0.00662745,2.98786,2.55216
6.76951e+06,0.000227285,1.69375,0.00662927,3.08582,2.46553
6.76973e+06,0.000206696,1.69374,0.00663103,3.20084,2.36185
6.76994e+06,0.000188722,1.69374,0.00663275,3.33591,2.23811
6.77016e+06,0.000174104,1.69374,0.00663443,3.49293,2.09242
6.77037e+06,0.000163661,1.69374,0.00663606,3.671,1.92568
6.77058e+06,0.000158126,1.69374,0.00663765,3.86464,1.74338
6.7708e+06,0.000157912,1.69373,0.00663919,4.0636,1.55575
6.77101e+06,0.000162929,1.69373,0.00664069,4.25575,1.37493
6.77122e+06,0.00017261,1.69373,0.00664214,4.43136,1.21065
6.77143e+06,0.00018612,1.69373,0.00664355,4.58558,1.06777
6.77163e+06,0.000202585,1.69373,0.00664492,4.71796,0.946715
6.77184e+06,0.000221243,1.69372,0.00664625,4.83064,0.845372
6.77204e+06,0.000241485,1.69372,0.00664753,4.92665,0.760694
6.77224e+06,0.000262849,1.69372,0.00664877,5.00902,0.689653
6.77244e+06,0.00028499,1.69372,0.00664997,5.0804,0.629611
6.77264e+06,0.00030765,1.69372,0.00665112,5.14293,0.578413
6.77283e+06,0.000330636,1.69372,0.00665224,5.19833,0.534343
6.77303e+06,0.000353801,1.69371,0.00665332,5.24796,0.496054
6.77322e+06,0.000377033,1.69371,0.00665435,5.29286,0.462487
6.77341e+06,0.00040024,1.69371,0.00665535,5.33387,0.43281
6.77359e+06,0.000423353,1.69371,0.0066563,5.37165,0.406364
6.77378e+06,0.000446312,1.69371,0.00665722,5.40672,0.382623
6.77396e+06,0.00046907,1.69371,0.0066581,5.43952,0.361165
6.77413e+06,0.000491586,1.6937,0.00665895,5.47037,0.341648
6.77431e+06,0.000513824,1.6937,0.00665975,5.49956,0.323793
6.77448e+06,0.000535756,1.6937,0.00666052,5.52731,0.307371
6.77465e+06,0.000557353,1.6937,0.00666126,5.55383,0.292189
6.77482e+06,0.000578594,1.6937,0.00666196,5.57926,0.27809
6.77498e+06,0.000599456,1.6937,0.00666262,5.60375,0.264938
6.77514e+06,0.000619921,1.69369,0.00666326,5.6274,0.252622
6.77529e+06,0.00063997,1.69369,0.00666386,5.65031,0.241044
6.77545e+06,0.000659588,1.69369,0.00666442,5.67257,0.230121
6.77559e+06,0.000678759,1.69369,0.00666496,5.69424,0.219783
6.77574e+06,0.00069747,1.69369,0.00666547,5.7154,0.209967
6.77588e+06,0.000715708,1.69369,0.00666594,5.73608,0.200621
6.77602e+06,0.00073346,1.69369,0.00666639,5.75634,0.191697
6.77615e+06,0.000750715,1.69369,0.00666681,5.77621,0.183153
6.77628e+06,0.000767461,1.69368,0.0066672,5.79575,0.174955
6.77641e+06,0.000783688,1.69368,0.00666756,5.81497,0.167069
6.77653e+06,0.000799387,1.69368,0.0066679,5.83391,0.159467
6.77665e+06,0.000814549,1.69368,0.00666822,5.85259,0.152124
6.77676e+06,0.000829163,1.69368,0.00666851,5.87103,0.145016
6.77687e+06,0.000843223,1.69368,0.00666878,5.88926,0.138123
6.77697e+06,0.00085672,1.69368,0.00666902,5.90729,0.131427
6.77707e+06,0.000869646,1.69368,0.00666925,5.92514,0.12491
6.77717e+06,0.000881994,1.69368,0.00666945,5.94283,0.118558
6.77726e+06,0.000893757,1.69368,0.00666963,5.96037,0.112357
6.77735e+06,0.00090493,1.69367,0.0066698,5.97777,0.106293
6.77743e+06,0.000915506,1.69367,0.00666995,5.99504,0.100356
6.77751e+06,0.000925479,1.69367,0.00667008,6.0122,0.0945335
6.77758e+06,0.000934844,1.69367,0.00667019,6.02925,0.0888167
6.77765e+06,0.000943596,1.69367,0.00667029,6.04621,0.0831961
6.77771e+06,0.000951731,1.69367,0.00667038,6.06308,0.077663
6.77777e+06,0.000959243,1.69367,0.00667046,6.07987,0.0722094
6.77783e+06,0.00096613,1.69367,0.00667052,6.09659,0.0668277
6.77787e+06,0.000972387,1.69367,0.00667057,6.11324,0.0615108
6.77792e+06,0.000978011,1.69367,0.00667061,6.12984,0.056252
6.77796e+06,0.000982999,1.69367,0.00667065,6.14638,0.0510448
6.77799e+06,0.000987349,1.69367,0.00667067,6.16288,0.0458832
6.77802e+06,0.000991058,1.69367,0.00667069,6.17934,0.0407612
6.77805e+06,0.000994125,1.69367,0.0066707,6.19576,0.0356732
6.77807e+06,0.000996547,1.69367,0.00667071,6.21216,0.0306137
6.77808e+06,0.000998323,1.69367,0.00667072,6.22853,0.0255774
6.77809e+06,0.000999453,1.69367,0.00667072,6.24488,0.020559
6.7781e+06,0.000999935,1.69367,0.00667072,6.26123,0.0155534
6.7781e+06,0.000999769,1.69367,0.00667072,6.27756,0.0105555
6.77809e+06,0.000998955,1.69367,0.00667072,0.0107059,0.00556034
6.77809e+06,0.000997494,1.69367,0.00667072,0.0270399,0.000562726
6.77807e+06,0.000995387,1.69367,0.00667073,0.0433814,6.27874
6.77805e+06,0.000992633,1.69367,0.00667073,0.0597355,6.27373
6.77803e+06,0.000989234,1.69367,0.00667075,0.0761075,6.26869
6.778e+06,0.000985193,1.69367,0.00667077,0.0925026,6.26363
6.77796e+06,0.00098051,1.69367,0.00667079,0.108927,6.25854
6.77792e+06,0.000975188,1.69367,0.00667082,0.125385,6.25342
6.77788e+06,0.00096923,1.69367,0.00667086,0.141883,6.24826
6.77783e+06,0.000962638,1.69367,0.00667091,0.158428,6.24305
6.77778e+06,0.000955417,1.69367,0.00667098,0.175026,6.23779
6.77772e+06,0.000947568,1.69367,0.00667105,0.191683,6.23247
6.77766e+06,0.000939097,1.69367,0.00667113,0.208408,6.22708
6.77759e+06,0.000930007,1.69367,0.00667123,0.225207,6.22162
6.77752e+06,0.000920303,1.69367,0.00667135,0.242088,6.21607
6.77744e+06,0.00090999,1.69367,0.00667148,0.259061,6.21043
6.77736e+06,0.000899073,1.69367,0.00667162,0.276135,6.2047
6.77727e+06,0.000887557,1.69368,0.00667178,0.293319,6.19885
6.77718e+06,0.000875449,1.69368,0.00667197,0.310626,6.19288
6.77709e+06,0.000862755,1.69368,0.00667217,0.328067,6.18677
6.77699e+06,0.000849481,1.69368,0.00667239,0.345655,6.18052
6.77688e+06,0.000835634,1.69368,0.00667263,0.363405,6.17411
6.77677e+06,0.000821222,1.69368,0.00667289,0.381332,6.16751
6.77666e+06,0.000806252,1.69368,0.00667318,0.399455,6.16073
6.77654e+06,0.000790733,1.69368,0.00667349,0.417792,6.15372
6.77642e+06,0.000774673,1.69368,0.00667383,0.436366,6.14649
6.7763e+06,0.00075808,1.69368,0.00667419,0.4552,6.13899
6.77617e+06,0.000740966,1.69369,0.00667458,0.474323,6.1312
6.77604e+06,0.000723339,1.69369,0.00667499,0.493764,6.12309
6.7759e+06,0.000705209,1.69369,0.00667544,0.51356,6.11463
6.77576e+06,0.000686589,1.69369,0.00667591,0.533748,6.10578
6.77561e+06,0.00066749,1.69369,0.00667641,0.554376,6.09649
6.77546e+06,0.000647924,1.69369,0.00667694,0.575494,6.0867
6.77531e+06,0.000627905,1.69369,0.00667751,0.597164,6.07637
6.77516e+06,0.000607446,1.69369,0.0066781,0.619455,6.06541
6.775e+06,0.000586563,1.6937,0.00667873,0.642449,6.05375
6.77484e+06,0.000565273,1.6937,0.00667939,0.666241,6.0413
6.77467e+06,0.000543593,1.6937,0.00668009,0.690945,6.02793
6.7745e+06,0.000521543,1.6937,0.00668082,0.716696,6.01351
6.77433e+06,0.000499146,1.6937,0.00668158,0.743656,5.99788
6.77416e+06,0.000476426,1.6937,0.00668239,0.772019,5.98085
6.77398e+06,0.000453411,1.69371,0.00668322,0.802026,5.96218
6.7738e+06,0.000430134,1.69371,0.0066841,0.833968,5.94157
6.77362e+06,0.000406634,1.69371,0.00668501,0.868209,5.91867
6.77343e+06,0.000382955,1.69371,0.00668597,0.905205,5.893
6.77324e+06,0.000359154,1.69371,0.00668696,0.945534,5.86401
6.77305e+06,0.0003353,1.69371,0.00668799,0.989935,5.83094
6.77286e+06,0.000311481,1.69372,0.00668906,1.03936,5.79285
6.77266e+06,0.000287811,1.69372,0.00669017,1.09507,5.74847
6.77247e+06,0.000264442,1.69372,0.00669132,1.15869,5.69619
6.77227e+06,0.00024158,1.69372,0.00669251,1.23239,5.63382
6.77207e+06,0.000219508,1.69372,0.00669375,1.31902,5.55853
6.77186e+06,0.000198625,1.69372,0.00669502,1.42219,5.46669
6.77166e+06,0.000179486,1.69373,0.00669634,1.54627,5.35393
6.77145e+06,0.000162857,1.69373,0.0066977,1.69582,5.21572
6.77124e+06,0.000149733,1.69373,0.00669911,1.87384,5.04903
6.77104e+06,0.000141248,1.69373,0.00670056,2.07875,4.85545
6.77082e+06,0.000138406,1.69373,0.00670205,2.30107,4.64447
6.77061e+06,0.000141684,1.69374,0.00670359,2.52425,4.43262
6.7704e+06,0.000150799,1.69374,0.00670517,2.73134,4.23686
6.77019e+06,0.000164885,1.69374,0.00670679,2.91209,4.06744
6.76997e+06,0.000182878,1.69374,0.00670846,3.06424,3.92662
6.76976e+06,0.000203809,1.69374,0.00671018,3.19055,3.81164
6.76954e+06,0.00022692,1.69375,0.00671194,3.29551,3.71802
6.76932e+06,0.000251651,1.69375,0.00671374,3.38353,3.64133
6.76911e+06,0.000277601,1.69375,0.0067156,3.45833,3.57786
6.76889e+06,0.000304482,1.69375,0.00671749,3.52281,3.52471
6.76867e+06,0.000332084,1.69375,0.00671943,3.57919,3.47966
6.76845e+06,0.000360252,1.69376,0.00672142,3.62916,3.44102
6.76824e+06,0.000388869,1.69376,0.00672345,3.674,3.40751
6.76802e+06,0.000417844,1.69376,0.00672553,3.71469,3.37815
6.7678e+06,0.000447105,1.69376,0.00672765,3.75198,3.35219
6.76758e+06,0.000476594,1.69376,0.00672982,3.78647,3.32903
6.76737e+06,0.000506262,1.69377,0.00673204,3.81862,3.30821
6.76715e+06,0.000536068,1.69377,0.00673429,3.8488,3.28936
6.76694e+06,0.000565977,1.69377,0.0067366,3.87732,3.27217
6.76672e+06,0.000595957,1.69377,0.00673895,3.90441,3.25641
6.76651e+06,0.000625981,1.69377,0.00674134,3.93027,3.24187
6.7663e+06,0.000656024,1.69378,0.00674378,3.95507,3.2284
6.76609e+06,0.000686062,1.69378,0.00674626,3.97895,3.21585
6.76588e+06,0.000716074,1.69378,0.00674879,4.00202,3.20411
6.76567e+06,0.00074604,1.69378,0.00675136,4.02437,3.19309
6.76546e+06,0.000775942,1.69378,0.00675397,4.0461,3.18269
6.76526e+06,0.00080576,1.69378,0.00675663,4.06726,3.17285
6.76505e+06,0.000835479,1.69379,0.00675933,4.08793,3.16351
6.76485e+06,0.00086508,1.69379,0.00676207,4.10815,3.15462
6.76465e+06,0.00089455,1.69379,0.00676486,4.12797,3.14613
6.76445e+06,0.000923871,1.69379,0.00676768,4.14743,3.138
6.76425e+06,0.00095303,1.69379,0.00677055,4.16656,3.13019
6.76406e+06,0.000982012,1.6938,0.00677346,4.1854,3.12268
6.76387e+06,0.0010108,1.6938,0.00677641,4.20398,3.11543
6.76368e+06,0.00103939,1.6938,0.00677939,4.2223,3.10843
6.76349e+06,0.00106775,1.6938,0.00678242,4.24041,3.10165
6.76331e+06,0.00109589,1.6938,0.00678549,4.25831,3.09508
6.76313e+06,0.00112377,1.6938,0.00678859,4.27603,3.08869
6.76295e+06,0.00115141,1.69381,0.00679174,4.29358,3.08246
6.76277e+06,0.00117877,1.69381,0.00679492,4.31097,3.0764
6.7626e+06,0.00120585,1.69381,0.00679813,4.32822,3.07047
6.76243e+06,0.00123263,1.69381,0.00680139,4.34534,3.06468
6.76226e+06,0.00125911,1.69381,0.00680467,4.36233,3.05901
6.7621e+06,0.00128527,1.69381,0.006808,4.37922,3.05346
6.76194e+06,0.00131111,1.69382,0.00681135,4.396,3.048
6.76178e+06,0.0013366,1.69382,0.00681474,4.41268,3.04264
6.76163e+06,0.00136175,1.69382,0.00681816,4.42928,3.03737
6.76148e+06,0.00138653,1.69382,0.00682162,4.4458,3.03218
6.76133e+06,0.00141095,1.69382,0.0068251,4.46224,3.02706
6.76119e+06,0.00143498,1.69382,0.00682862,4.47861,3.02201
6.76105e+06,0.00145863,1.69382,0.00683216,4.49492,3.01703
6.76091e+06,0.00148187,1.69382,0.00683574,4.51117,3.0121
6.76078e+06,0.0015047,1.69383,0.00683934,4.52736,3.00723
6.76066e+06,0.00152712,1.69383,0.00684297,4.54351,3.00241
6.76053e+06,0.00154911,1.69383,0.00684662,4.55961,2.99763
6.76041e+06,0.00157067,1.69383,0.0068503,4.57567,2.9929
6.7603e+06,0.00159178,1.69383,0.00685401,4.59169,2.9882
6.76019e+06,0.00161244,1.69383,0.00685774,4.60767,2.98354
6.76008e+06,0.00163264,1.69383,0.00686149,4.62362,2.97891
6.75998e+06,0.00165237,1.69383,0.00686526,4.63954,2.97431
6.75988e+06,0.00167163,1.69383,0.00686906,4.65544,2.96974
6.75979e+06,0.0016904,1.69383,0.00687287,4.67131,2.96519
6.7597e+06,0.00170869,1.69384,0.00687671,4.68716,2.96067
6.75961e+06,0.00172649,1.69384,0.00688056,4.70299,2.95616
6.75953e+06,0.00174378,1.69384,0.00688443,4.7188,2.95167
6.75946e+06,0.00176057,1.69384,0.00688831,4.7346,2.94719
6.75939e+06,0.00177684,1.69384,0.00689222,4.75039,2.94273
6.75932e+06,0.0017926,1.69384,0.00689613,4.76616,2.93827
6.75926e+06,0.00180783,1.69384,0.00690006,4.78193,2.93383
6.7592e+06,0.00182254,1.69384,0.006904,4.79769,2.92939
6.75915e+06,0.00183671,1.69384,0.00690795,4.81344,2.92496
6.7591e+06,0.00185035,1.69384,0.00691192,4.82919,2.92053
6.75906e+06,0.00186344,1.69384,0.00691589,4.84494,2.9161
6.75902e+06,0.00187599,1.69384,0.00691987,4.86069,2.91167
6.75899e+06,0.00188799,1.69384,0.00692386,4.87643,2.90725
6.75896e+06,0.00189944,1.69384,0.00692785,4.89219,2.90282
6.75894e+06,0.00191034,1.69384,0.00693185,4.90794,2.89838
6.75892e+06,0.00192068,1.69384,0.00693585,4.9237,2.89394
6.75891e+06,0.00193046,1.69384,0.00693986,4.93947,2.8895
6.7589e+06,0.00193968,1.69384,0.00694387,4.95524,2.88504
6.7589e+06,0.00194834,1.69384,0.00694788,4.97102,2.88058
6.7589e+06,0.00195643,1.69384,0.00695189,4.98682,2.87611
6.75891e+06,0.00196395,1.69384,0.0069559,5.00262,2.87162
6.75892e+06,0.00197091,1.69384,0.00695991,5.01844,2.86712
6.75894e+06,0.0019773,1.69384,0.00696391,5.03427,2.86261
6.75896e+06,0.00198313,1.69384,0.00696791,5.05011,2.85809
6.75898e+06,0.00198838,1.69384,0.00697191,5.06598,2.85354
6.75901e+06,0.00199307,1.69384,0.0069759,5.08186,2.84898
6.75905e+06,0.00199719,1.69384,0.00697988,5.09775,2.8444
6.75909e+06,0.00200074,1.69384,0.00698386,5.11367,2.8398
6.75914e+06,0.00200373,1.69384,0.00698782,5.12961,2.83518
6.75919e+06,0.00200616,1.69384,0.00699178,5.14557,2.83054
6.75924e+06,0.00200802,1.69384,0.00699572,5.16155,2.82588
6.7593e+06,0.00200932,1.69384,0.00699965,5.17756,2.82119
6.75937e+06,0.00201006,1.69384,0.00700357,5.19359,2.81648
6.75943e+06,0.00201024,1.69384,0.00700748,5.20965,2.81174
6.75951e+06,0.00200987,1.69384,0.00701137,5.22573,2.80697
6.75959e+06,0.00200895,1.69384,0.00701524,5.24185,2.80218
6.75967e+06,0.00200748,1.69384,0.0070191,5.25799,2.79735
6.75976e+06,0.00200547,1.69384,0.00702294,5.27416,2.7925
6.75985e+06,0.00200292,1.69383,0.00702676,5.29036,2.78761
6.75994e+06,0.00199983,1.69383,0.00703056,5.3066,2.7827
6.76005e+06,0.0019962,1.69383,0.00703434,5.32287,2.77774
6.76015e+06,0.00199205,1.69383,0.0070381,5.33917,2.77276
6.76026e+06,0.00198737,1.69383,0.00704183,5.35551,2.76774
6.76037e+06,0.00198218,1.69383,0.00704555,5.37188,2.76268
6.76049e+06,0.00197647,1.69383,0.00704923,5.3883,2.75758
6.76061e+06,0.00197026,1.69383,0.0070529,5.40475,2.75245
6.76074e+06,0.00196354,1.69383,0.00705653,5.42124,2.74727
6.76087e+06,0.00195632,1.69382,0.00706014,5.43777,2.74206
6.761e+06,0.00194862,1.69382,0.00706373,5.45435,2.7368
6.76114e+06,0.00194043,1.69382,0.00706728,5.47096,2.7315
6.76128e+06,0.00193176,1.69382,0.00707081,5.48763,2.72615
6.76143e+06,0.00192262,1.69382,0.0070743,5.50433,2.72076
6.76157e+06,0.00191301,1.69382,0.00707776,5.52109,2.71532
6.76173e+06,0.00190295,1.69382,0.0070812,5.53789,2.70984
6.76188e+06,0.00189243,1.69382,0.0070846,5.55474,2.7043
6.76204e+06,0.00188148,1.69381,0.00708796,5.57164,2.69872
6.7622e+06,0.00187009,1.69381,0.0070913,5.58859,2.69308
6.76237e+06,0.00185827,1.69381,0.0070946,5.6056,2.68739
6.76254e+06,0.00184603,1.69381,0.00709786,5.62266,2.68165
6.76271e+06,0.00183338,1.69381,0.00710109,5.63977,2.67585
6.76288e+06,0.00182033,1.69381,0.00710428,5.65694,2.67
6.76306e+06,0.00180688,1.6938,0.00710743,5.67417,2.66409
6.76324e+06,0.00179305,1.6938,0.00711055,5.69145,2.65812
6.76342e+06,0.00177884,1.6938,0.00711363,5.7088,2.65209
6.76361e+06,0.00176426,1.6938,0.00711667,5.72621,2.64599
6.7638e+06,0.00174932,1.6938,0.00711967,5.74368,2.63984
6.76399e+06,0.00173403,1.6938,0.00712263,5.76121,2.63362
6.76418e+06,0.0017184,1.69379,0.00712556,5.77881,2.62733
6.76437e+06,0.00170244,1.69379,0.00712844,5.79648,2.62098
6.76457e+06,0.00168616,1.69379,0.00713128,5.81422,2.61456
6.76477e+06,0.00166956,1.69379,0.00713408,5.83202,2.60807
6.76497e+06,0.00165266,1.69379,0.00713683,5.8499,2.60151
6.76517e+06,0.00163547,1.69379,0.00713955,5.86785,2.59488
6.76538e+06,0.00161799,1.69378,0.00714222,5.88587,2.58817
6.76558e+06,0.00160024,1.69378,0.00714485,5.90397,2.58138
6.76579e+06,0.00158223,1.69378,0.00714743,5.92214,2.57452
6.766e+06,0.00156396,1.69378,0.00714997,5.9404,2.56759
6.76621e+06,0.00154545,1.69378,0.00715247,5.95873,2.56057
6.76642e+06,0.00152671,1.69377,0.00715493,5.97714,2.55347
6.76663e+06,0.00150774,1.69377,0.00715734,5.99564,2.54628
6.76685e+06,0.00148856,1.69377,0.0071597,6.01422,2.53901
6.76706e+06,0.00146917,1.69377,0.00716202,6.03289,2.53166
6.76728e+06,0.0014496,1.69377,0.0071643,6.05165,2.52422
6.76749e+06,0.00142983,1.69376,0.00716653,6.0705,2.51669
6.76771e+06,0.0014099,1.69376,0.00716871,6.08943,2.50906
6.76792e+06,0.0013898,1.69376,0.00717085,6.10846,2.50135
6.76814e+06,0.00136955,1.69376,0.00717295,6.12759,2.49354
6.76836e+06,0.00134916,1.69376,0.007175,6.1468,2.48563
6.76857e+06,0.00132863,1.69375,0.007177,6.16612,2.47763
6.76879e+06,0.00130799,1.69375,0.00717896,6.18554,2.46953
6.76901e+06,0.00128722,1.69375,0.00718087,6.20505,2.46133
6.76922e+06,0.00126636,1.69375,0.00718274,6.22467,2.45303
6.76944e+06,0.0012454,1.69375,0.00718456,6.24439,2.44462
6.76966e+06,0.00122436,1.69374,0.00718634,6.26422,2.43611
6.76987e+06,0.00120324,1.69374,0.00718807,0.000963861,2.42749
6.77009e+06,0.00118206,1.69374,0.00718976,0.0210049,2.41876
6.7703e+06,0.00116083,1.69374,0.00719141,0.0411556,2.40993
6.77051e+06,0.00113954,1.69374,0.007193,0.0614174,2.40098
6.77072e+06,0.00111822,1.69373,0.00719456,0.0817918,2.39192
6.77093e+06,0.00109687,1.69373,0.00719607,0.10228,2.38274
6.77114e+06,0.00107551,1.69373,0.00719754,0.122884,2.37345
6.77135e+06,0.00105413,1.69373,0.00719896,0.143604,2.36405
6.77156e+06,0.00103274,1.69373,0.00720034,0.164442,2.35452
6.77176e+06,0.00101137,1.69373,0.00720168,0.185399,2.34488
6.77196e+06,0.000990006,1.69372,0.00720297,0.206476,2.33512
6.77217e+06,0.000968665,1.69372,0.00720422,0.227674,2.32523
6.77237e+06,0.000947353,1.69372,0.00720543,0.248994,2.31523
6.77256e+06,0.000926078,1.69372,0.0072066,0.270437,2.3051
6.77276e+06,0.000904847,1.69372,0.00720773,0.292004,2.29484
6.77295e+06,0.000883667,1.69371,0.00720882,0.313695,2.28447
6.77314e+06,0.000862545,1.69371,0.00720987,0.33551,2.27397
6.77333e+06,0.000841487,1.69371,0.00721088,0.35745,2.26334
6.77352e+06,0.000820499,1.69371,0.00721184,0.379515,2.25259
6.7737e+06,0.000799587,1.69371,0.00721277,0.401704,2.24171
6.77388e+06,0.000778758,1.69371,0.00721367,0.424019,2.23071
6.77406e+06,0.000758016,1.6937,0.00721452,0.446457,2.21959
6.77423e+06,0.000737366,1.6937,0.00721534,0.469019,2.20834
6.77441e+06,0.000716814,1.6937,0.00721612,0.491704,2.19697
6.77458e+06,0.000696363,1.6937,0.00721687,0.514509,2.18547
6.77474e+06,0.000676019,1.6937,0.00721758,0.537434,2.17386
6.77491e+06,0.000655784,1.6937,0.00721826,0.560476,2.16213
6.77506e+06,0.000635663,1.6937,0.0072189,0.583633,2.15029
6.77522e+06,0.000615658,1.69369,0.00721951,0.606902,2.13834
6.77537e+06,0.000595773,1.69369,0.00722009,0.63028,2.12627
6.77552e+06,0.00057601,1.69369,0.00722064,0.653762,2.1141
6.77567e+06,0.00055637,1.69369,0.00722116,0.677345,2.10183
6.77581e+06,0.000536857,1.69369,0.00722164,0.701022,2.08947
6.77595e+06,0.000517471,1.69369,0.0072221,0.724787,2.07702
6.77608e+06,0.000498213,1.69369,0.00722253,0.748634,2.06449
6.77621e+06,0.000479084,1.69368,0.00722293,0.772553,2.05188
6.77634e+06,0.000460085,1.69368,0.00722331,0.796535,2.03921
6.77646e+06,0.000441216,1.69368,0.00722366,0.82057,2.02649
6.77658e+06,0.000422475,1.69368,0.00722398,0.844644,2.01373
6.7767e+06,0.000403864,1.69368,0.00722428,0.868742,2.00095
6.77681e+06,0.000385379,1.69368,0.00722455,0.892846,1.98815
6.77691e+06,0.000367021,1.69368,0.00722481,0.916936,1.97538
6.77701e+06,0.000348787,1.69368,0.00722504,0.940988,1.96264
6.77711e+06,0.000330675,1.69368,0.00722525,0.964972,1.94997
6.7772e+06,0.000312683,1.69368,0.00722544,0.988853,1.9374
6.77729e+06,0.000294808,1.69367,0.00722562,1.01259,1.92498
6.77738e+06,0.000277048,1.69367,0.00722577,1.03612,1.91276
6.77746e+06,0.000259399,1.69367,0.00722591,1.0594,1.9008
6.77753e+06,0.000241857,1.69367,0.00722603,1.08232,1.88919
6.7776e+06,0.00022442,1.69367,0.00722614,1.10479,1.87803
6.77767e+06,0.000207084,1.69367,0.00722623,1.12666,1.86748
6.77773e+06,0.000189844,1.69367,0.00722631,1.14775,1.8577
6.77778e+06,0.000172698,1.69367,0.00722638,1.16779,1.84897
6.77783e+06,0.000155643,1.69367,0.00722644,1.18641,1.84167
6.77788e+06,0.000138677,1.69367,0.00722648,1.20307,1.83632
6.77792e+06,0.0001218,1.69367,0.00722652,1.21692,1.83378
6.77796e+06,0.000105015,1.69367,0.00722655,1.2266,1.83542
6.77799e+06,8.83321e-05,1.69367,0.00722657,1.22972,1.84361
6.77802e+06,7.17754e-05,1.69367,0.00722658,1.22176,1.86289
6.77804e+06,5.54057e-05,1.69367,0.0072266,1.19291,1.90304
6.77806e+06,3.93937e-05,1.69367,0.0072266,1.1179,1.98937
6.77807e+06,2.43689e-05,1.69367,0.00722661,0.911011,2.20757
6.77808e+06,1.38767e-05,1.69367,0.00722661,0.219692,2.91021
6.77808e+06,1.85945e-05,1.69367,0.00722661,5.49094,3.93346
6.77808e+06,3.24358e-05,1.69367,0.00722661,5.14104,4.29467
6.77807e+06,4.80742e-05,1.69367,0.00722661,5.02564,4.42138
6.77806e+06,6.42137e-05,1.69367,0.00722661,4.98119,4.47715
6.77804e+06,8.05624e-05,1.69367,0.00722662,4.9658,4.50385
6.77802e+06,9.70267e-05,1.69367,0.00722663,4.96491,4.51606
6.77799e+06,0.00011357,1.69367,0.00722664,4.97225,4.52003
6.77796e+06,0.000130179,1.69367,0.00722666,4.98469,4.5189
6.77792e+06,0.000146848,1.69367,0.00722669,5.00049,4.51442
6.77788e+06,0.000163576,1.69367,0.00722673,5.01861,4.50761
6.77784e+06,0.000180365,1.69367,0.00722677,5.03839,4.49914
6.77779e+06,0.000197219,1.69367,0.00722683,5.0594,4.48945
6.77773e+06,0.000214141,1.69367,0.0072269,5.08132,4.47883
6.77767e+06,0.000231136,1.69367,0.00722698,5.10395,4.46752
6.77761e+06,0.000248208,1.69367,0.00722707,5.12711,4.45567
6.77754e+06,0.000265361,1.69367,0.00722717,5.15069,4.44341
6.77746e+06,0.000282601,1.69367,0.00722729,5.1746,4.43082
6.77738e+06,0.000299931,1.69367,0.00722743,5.19875,4.41798
6.7773e+06,0.000317354,1.69367,0.00722759,5.22309,4.40495
6.77721e+06,0.000334876,1.69368,0.00722776,5.24757,4.39179
6.77712e+06,0.0003525,1.69368,0.00722795,5.27215,4.37852
6.77702e+06,0.000370228,1.69368,0.00722816,5.2968,4.36518
6.77692e+06,0.000388064,1.69368,0.00722839,5.32149,4.35181
6.77681e+06,0.000406011,1.69368,0.00722864,5.3462,4.33841
6.7767e+06,0.000424071,1.69368,0.00722891,5.3709,4.32502
6.77659e+06,0.000442245,1.69368,0.00722921,5.39559,4.31165
6.77647e+06,0.000460536,1.69368,0.00722953,5.42024,4.29831
6.77635e+06,0.000478945,1.69368,0.00722988,5.44484,4.28502
6.77622e+06,0.000497472,1.69368,0.00723026,5.46938,4.27179
6.77609e+06,0.000516119,1.69369,0.00723065,5.49386,4.25863
6.77596e+06,0.000534885,1.69369,0.00723108,5.51825,4.24555
6.77582e+06,0.00055377,1.69369,0.00723154,5.54257,4.23255
6.77568e+06,0.000572775,1.69369,0.00723202,5.56678,4.21965
6.77553e+06,0.000591897,1.69369,0.00723254,5.5909,4.20684
6.77538e+06,0.000611136,1.69369,0.00723308,5.61492,4.19414
6.77523e+06,0.00063049,1.69369,0.00723366,5.63883,4.18154
6.77508e+06,0.000649957,1.6937,0.00723427,5.66263,4.16906
6.77492e+06,0.000669535,1.6937,0.00723491,5.68631,4.15669
6.77475e+06,0.000689221,1.6937,0.00723558,5.70988,4.14444
6.77459e+06,0.000709012,1.6937,0.00723629,5.73332,4.13231
6.77442e+06,0.000728905,1.6937,0.00723704,5.75664,4.1203
6.77425e+06,0.000748895,1.6937,0.00723782,5.77984,4.10842
6.77407e+06,0.00076898,1.6937,0.00723863,5.80291,4.09666
6.77389e+06,0.000789154,1.69371,0.00723949,5.82585,4.08504
6.77371e+06,0.000809413,1.69371,0.00724038,5.84866,4.07354
6.77353e+06,0.000829752,1.69371,0.00724131,5.87135,4.06216
6.77334e+06,0.000850166,1.69371,0.00724227,5.8939,4.05092
6.77316e+06,0.000870649,1.69371,0.00724328,5.91633,4.03981
6.77296e+06,0.000891195,1.69371,0.00724432,5.93863,4.02883
6.77277e+06,0.000911798,1.69372,0.00724541,5.9608,4.01797
6.77258e+06,0.000932452,1.69372,0.00724653,5.98284,4.00725
6.77238e+06,0.00095315,1.69372,0.0072477,6.00475,3.99665
6.77218e+06,0.000973886,1.69372,0.00724891,6.02653,3.98618
6.77198e+06,0.000994651,1.69372,0.00725016,6.04818,3.97584
6.77178e+06,0.00101544,1.69373,0.00725145,6.06971,3.96562
6.77157e+06,0.00103624,1.69373,0.00725278,6.09112,3.95553
6.77136e+06,0.00105705,1.69373,0.00725416,6.1124,3.94557
6.77116e+06,0.00107786,1.69373,0.00725558,6.13355,3.93573
6.77095e+06,0.00109866,1.69373,0.00725704,6.15459,3.92601
6.77074e+06,0.00111945,1.69373,0.00725855,6.1755,3.91641
6.77053e+06,0.00114021,1.69374,0.0072601,6.1963,3.90693
6.77031e+06,0.00116093,1.69374,0.0072617,6.21697,3.89757
6.7701e+06,0.00118161,1.69374,0.00726334,6.23753,3.88832
6.76989e+06,0.00120224,1.69374,0.00726503,6.25798,3.87919
6.76967e+06,0.00122281,1.69374,0.00726676,6.27831,3.87018
6.76946e+06,0.0012433,1.69375,0.00726853,0.0153382,3.86127
6.76924e+06,0.00126372,1.69375,0.00727035,0.0354458,3.85248
6.76902e+06,0.00128405,1.69375,0.00727222,0.0554442,3.8438
6.76881e+06,0.00130428,1.69375,0.00727413,0.0753353,3.83522
6.76859e+06,0.0013244,1.69375,0.00727608,0.0951205,3.82675
6.76837e+06,0.0013444,1.69376,0.00727808,0.114802,3.81838
6.76815e+06,0.00136427,1.69376,0.00728013,0.13438,3.81012
6.76794e+06,0.00138401,1.69376,0.00728222,0.153858,3.80196
6.76772e+06,0.0014036,1.69376,0.00728436,0.173236,3.79389
6.76751e+06,0.00142303,1.69376,0.00728654,0.192517,3.78593
6.76729e+06,0.00144229,1.69377,0.00728877,0.211702,3.77806
6.76708e+06,0.00146137,1.69377,0.00729104,0.230793,3.77028
6.76686e+06,0.00148027,1.69377,0.00729336,0.249791,3.7626
6.76665e+06,0.00149897,1.69377,0.00729572,0.268698,3.755
6.76644e+06,0.00151746,1.69377,0.00729813,0.287515,3.7475
6.76622e+06,0.00153573,1.69378,0.00730058,0.306245,3.74009
6.76601e+06,0.00155378,1.69378,0.00730307,0.324889,3.73276
6.7658e+06,0.00157159,1.69378,0.00730561,0.343449,3.72551
6.7656e+06,0.00158914,1.69378,0.0073082,0.361925,3.71835
6.76539e+06,0.00160645,1.69378,0.00731082,0.380321,3.71127
6.76519e+06,0.00162348,1.69379,0.00731349,0.398636,3.70427
6.76498e+06,0.00164024,1.69379,0.0073162,0.416873,3.69735
6.76478e+06,0.00165671,1.69379,0.00731896,0.435034,3.69051
6.76458e+06,0.00167288,1.69379,0.00732175,0.45312,3.68374
6.76439e+06,0.00168875,1.69379,0.00732459,0.471132,3.67704
6.76419e+06,0.0017043,1.69379,0.00732747,0.489072,3.67041
6.764e+06,0.00171952,1.6938,0.00733039,0.506941,3.66386
6.76381e+06,0.00173441,1.6938,0.00733335,0.524742,3.65738
6.76362e+06,0.00174896,1.6938,0.00733635,0.542474,3.65096
6.76343e+06,0.00176315,1.6938,0.00733939,0.560141,3.64461
6.76325e+06,0.00177699,1.6938,0.00734246,0.577742,3.63832
6.76307e+06,0.00179045,1.6938,0.00734558,0.595281,3.6321
6.76289e+06,0.00180353,1.69381,0.00734873,0.612757,3.62594
6.76272e+06,0.00181623,1.69381,0.00735192,0.630172,3.61984
6.76255e+06,0.00182852,1.69381,0.00735515,0.647529,3.6138
6.76238e+06,0.00184042,1.69381,0.00735841,0.664827,3.60782
6.76221e+06,0.0018519,1.69381,0.0073617,0.682069,3.60189
6.76205e+06,0.00186296,1.69381,0.00736504,0.699256,3.59602
6.76189e+06,0.00187359,1.69382,0.0073684,0.716388,3.59021
6.76174e+06,0.00188378,1.69382,0.0073718,0.733468,3.58444
6.76158e+06,0.00189354,1.69382,0.00737523,0.750497,3.57873
6.76143e+06,0.00190284,1.69382,0.00737869,0.767476,3.57307
6.76129e+06,0.00191168,1.69382,0.00738218,0.784405,3.56746
6.76115e+06,0.00192006,1.69382,0.00738571,0.801288,3.56189
6.76101e+06,0.00192797,1.69382,0.00738926,0.818123,3.55637
6.76088e+06,0.0019354,1.69382,0.00739284,0.834914,3.5509
6.76075e+06,0.00194234,1.69383,0.00739645,0.851661,3.54547
6.76062e+06,0.0019488,1.69383,0.00740008,0.868364,3.54009
6.7605e+06,0.00195476,1.69383,0.00740375,0.885027,3.53474
6.76038e+06,0.00196021,1.69383,0.00740743,0.901649,3.52944
6.76027e+06,0.00196516,1.69383,0.00741114,0.918232,3.52417
6.76016e+06,0.0019696,1.69383,0.00741488,0.934777,3.51894
6.76005e+06,0.00197353,1.69383,0.00741864,0.951285,3.51375
6.75995e+06,0.00197693,1.69383,0.00742241,0.967758,3.5086
6.75985e+06,0.0019798,1.69383,0.00742621,0.984196,3.50348
6.75976e+06,0.00198215,1.69384,0.00743003,1.0006,3.49839
6.75967e+06,0.00198396,1.69384,0.00743387,1.01697,3.49334
6.75959e+06,0.00198523,1.69384,0.00743773,1.03331,3.48831
6.75951e+06,0.00198596,1.69384,0.0074416,1.04963,3.48332
6.75944e+06,0.00198615,1.69384,0.00744549,1.06591,3.47836
6.75937e+06,0.00198579,1.69384,0.0074494,1.08217,3.47342
6.7593e+06,0.00198488,1.69384,0.00745332,1.09839,3.46851
6.75924e+06,0.00198342,1.69384,0.00745725,1.1146,3.46362
6.75919e+06,0.00198141,1.69384,0.00746119,1.13078,3.45876
6.75914e+06,0.00197884,1.69384,0.00746515,1.14694,3.45392
6.75909e+06,0.00197571,1.69384,0.00746911,1.16307,3.44911
6.75905e+06,0.00197202,1.69384,0.00747309,1.17919,3.44431
6.75901e+06,0.00196777,1.69384,0.00747707,1.19528,3.43954
6.75898e+06,0.00196296,1.69384,0.00748106,1.21136,3.43478
6.75896e+06,0.00195759,1.69384,0.00748505,1.22742,3.43004
6.75894e+06,0.00195166,1.69384,0.00748905,1.24347,3.42531
6.75892e+06,0.00194517,1.69384,0.00749306,1.2595,3.4206
6.75891e+06,0.00193812,1.69384,0.00749707,1.27552,3.4159
6.7589e+06,0.0019305,1.69384,0.00750108,1.29153,3.41121
6.7589e+06,0.00192233,1.69384,0.00750509,1.30752,3.40654
6.7589e+06,0.0019136,1.69384,0.0075091,1.32351,3.40187
6.75891e+06,0.00190431,1.69384,0.00751311,1.33949,3.39721
6.75892e+06,0.00189447,1.69384,0.00751712,1.35546,3.39256
6.75894e+06,0.00188407,1.69384,0.00752112,1.37143,3.38791
6.75896e+06,0.00187313,1.69384,0.00752512,1.3874,3.38326
6.75899e+06,0.00186164,1.69384,0.00752912,1.40337,3.37862
6.75902e+06,0.0018496,1.69384,0.0075331,1.41933,3.37397
6.75906e+06,0.00183702,1.69384,0.00753709,1.4353,3.36933
6.7591e+06,0.0018239,1.69384,0.00754106,1.45127,3.36468
6.75915e+06,0.00181025,1.69384,0.00754502,1.46725,3.36002
6.7592e+06,0.00179607,1.69384,0.00754898,1.48323,3.35536
6.75926e+06,0.00178136,1.69384,0.00755292,1.49922,3.35069
6.75932e+06,0.00176613,1.69384,0.00755685,1.51523,3.34601
6.75938e+06,0.00175039,1.69384,0.00756076,1.53124,3.34132
6.75945e+06,0.00173413,1.69384,0.00756467,1.54727,3.33661
6.75953e+06,0.00171737,1.69384,0.00756855,1.56332,3.33188
6.75961e+06,0.0017001,1.69384,0.00757242,1.57939,3.32713
6.75969e+06,0.00168235,1.69384,0.00757628,1.59548,3.32237
6.75978e+06,0.0016641,1.69383,0.00758011,1.6116,3.31757
6.75987e+06,0.00164537,1.69383,0.00758393,1.62774,3.31275
6.75997e+06,0.00162617,1.69383,0.00758772,1.64392,3.3079
6.76007e+06,0.0016065,1.69383,0.0075915,1.66013,3.30302
6.76018e+06,0.00158637,1.69383,0.00759525,1.67637,3.29809
6.76029e+06,0.00156579,1.69383,0.00759898,1.69266,3.29313
6.76041e+06,0.00154476,1.69383,0.00760269,1.70899,3.28813
6.76052e+06,0.0015233,1.69383,0.00760637,1.72536,3.28307
6.76065e+06,0.00150141,1.69383,0.00761003,1.74179,3.27797
6.76077e+06,0.00147909,1.69383,0.00761366,1.75828,3.27281
6.76091e+06,0.00145637,1.69382,0.00761726,1.77483,3.26758
6.76104e+06,0.00143324,1.69382,0.00762084,1.79144,3.26229
6.76118e+06,0.00140972,1.69382,0.00762439,1.80813,3.25693
6.76132e+06,0.00138582,1.69382,0.00762791,1.82489,3.25149
6.76147e+06,0.00136155,1.69382,0.00763139,1.84174,3.24597
6.76162e+06,0.00133691,1.69382,0.00763485,1.85868,3.24036
6.76177e+06,0.00131192,1.69382,0.00763827,1.87572,3.23465
6.76193e+06,0.00128658,1.69382,0.00764167,1.89286,3.22883
6.76209e+06,0.00126092,1.69381,0.00764502,1.91012,3.22289
6.76225e+06,0.00123493,1.69381,0.00764835,1.9275,3.21684
6.76242e+06,0.00120864,1.69381,0.00765164,1.94502,3.21064
6.76259e+06,0.00118205,1.69381,0.00765489,1.96269,3.2043
6.76276e+06,0.00115517,1.69381,0.00765811,1.98051,3.19781
6.76294e+06,0.00112802,1.69381,0.0076613,1.99851,3.19113
6.76312e+06,0.00110061,1.6938,0.00766444,2.0167,3.18427
6.7633e+06,0.00107295,1.6938,0.00766755,2.03509,3.17721
6.76348e+06,0.00104505,1.6938,0.00767062,2.0537,3.16992
6.76367e+06,0.00101694,1.6938,0.00767365,2.07257,3.16239
6.76386e+06,0.000988614,1.6938,0.00767664,2.09169,3.15458
6.76405e+06,0.000960096,1.6938,0.00767959,2.11112,3.14649
6.76424e+06,0.000931399,1.69379,0.0076825,2.13087,3.13807
6.76444e+06,0.000902536,1.69379,0.00768537,2.15097,3.12929
6.76464e+06,0.000873525,1.69379,0.0076882,2.17147,3.12012
6.76484e+06,0.00084438,1.69379,0.00769099,2.1924,3.11051
6.76504e+06,0.000815118,1.69379,0.00769373,2.21382,3.10042
6.76524e+06,0.000785757,1.69378,0.00769644,2.23579,3.08979
6.76545e+06,0.000756314,1.69378,0.00769909,2.25835,3.07855
6.76565e+06,0.000726808,1.69378,0.00770171,2.2816,3.06663
6.76586e+06,0.000697259,1.69378,0.00770428,2.30561,3.05395
6.76607e+06,0.00066769,1.69378,0.00770681,2.33049,3.0404
6.76628e+06,0.000638122,1.69378,0.0077093,2.35636,3.02586
6.7665e+06,0.00060858,1.69377,0.00771174,2.38335,3.0102
6.76671e+06,0.000579092,1.69377,0.00771414,2.41163,2.99325
6.76692e+06,0.000549688,1.69377,0.00771649,2.44141,2.9748
6.76714e+06,0.000520403,1.69377,0.0077188,2.47292,2.95461
6.76735e+06,0.000491273,1.69377,0.00772106,2.50647,2.9324
6.76757e+06,0.000462346,1.69376,0.00772327,2.54241,2.90779
6.76779e+06,0.000433672,1.69376,0.00772544,2.58118,2.88035
6.76801e+06,0.000405316,1.69376,0.00772757,2.62335,2.84951
6.76822e+06,0.000377354,1.69376,0.00772965,2.66962,2.81457
6.76844e+06,0.000349883,1.69376,0.00773169,2.72085,2.77467
6.76866e+06,0.000323024,1.69375,0.00773368,2.77819,2.72867
6.76888e+06,0.000296934,1.69375,0.00773562,2.84304,2.67515
6.76909e+06,0.000271818,1.69375,0.00773752,2.91721,2.61231
6.76931e+06,0.000247949,1.69375,0.00773937,3.00294,2.53791
6.76953e+06,0.000225688,1.69375,0.00774118,3.10293,2.44925
6.76974e+06,0.000205514,1.69374,0.00774294,3.22018,2.34333
6.76996e+06,0.000188042,1.69374,0.00774466,3.3575,2.21734
6.77017e+06,0.000174018,1.69374,0.00774633,3.51641,2.06976
6.77039e+06,0.000164244,1.69374,0.00774796,3.69546,1.90204
6.7706e+06,0.000159406,1.69374,0.00774955,3.8886,1.72023
6.77081e+06,0.00015985,1.69373,0.00775109,4.08544,1.53472
6.77102e+06,0.000165425,1.69373,0.00775258,4.27428,1.35722
6.77123e+06,0.00017553,1.69373,0.00775403,4.44616,1.19667
6.77144e+06,0.000189335,1.69373,0.00775544,4.59687,1.05729
6.77165e+06,0.000205989,1.69373,0.00775681,4.72632,0.939183
6.77185e+06,0.000224757,1.69372,0.00775813,4.83667,0.840161
6.77205e+06,0.000245055,1.69372,0.00775941,4.93091,0.757254
6.77226e+06,0.000266437,1.69372,0.00776064,5.01196,0.687542
6.77246e+06,0.00028857,1.69372,0.00776184,5.08234,0.628495
6.77265e+06,0.000311205,1.69372,0.00776299,5.14412,0.57804
6.77285e+06,0.000334154,1.69372,0.00776411,5.19897,0.53453
6.77304e+06,0.000357274,1.69371,0.00776518,5.24817,0.496662
6.77323e+06,0.000380454,1.69371,0.00776621,5.29275,0.463415
6.77342e+06,0.000403606,1.69371,0.0077672,5.33352,0.433981
6.77361e+06,0.00042666,1.69371,0.00776816,5.37111,0.407721
6.77379e+06,0.000449559,1.69371,0.00776907,5.40604,0.384123
6.77397e+06,0.000472254,1.69371,0.00776995,5.43873,0.362774
6.77415e+06,0.000494705,1.6937,0.00777079,5.4695,0.343341
6.77432e+06,0.000516878,1.6937,0.0077716,5.49862,0.325549
6.77449e+06,0.000538743,1.6937,0.00777236,5.52633,0.309175
6.77466e+06,0.000560273,1.6937,0.0077731,5.55281,0.294029
6.77483e+06,0.000581445,1.6937,0.00777379,5.57822,0.279955
6.77499e+06,0.000602239,1.6937,0.00777446,5.60269,0.266823
6.77515e+06,0.000622633,1.69369,0.00777509,5.62632,0.254519
6.7753e+06,0.000642613,1.69369,0.00777568,5.64923,0.242948
6.77546e+06,0.00066216,1.69369,0.00777625,5.67148,0.23203
6.7756e+06,0.00068126,1.69369,0.00777678,5.69316,0.221693
6.77575e+06,0.000699899,1.69369,0.00777729,5.71431,0.211876
6.77589e+06,0.000718064,1.69369,0.00777776,5.73499,0.202527
6.77603e+06,0.000735743,1.69369,0.00777821,5.75526,0.193598
6.77616e+06,0.000752924,1.69369,0.00777862,5.77514,0.18505
6.77629e+06,0.000769596,1.69368,0.00777901,5.79468,0.176845
6.77642e+06,0.000785749,1.69368,0.00777938,5.81391,0.168952
6.77654e+06,0.000801373,1.69368,0.00777971,5.83285,0.161343
6.77665e+06,0.000816458,1.69368,0.00778003,5.85154,0.153992
6.77677e+06,0.000830997,1.69368,0.00778032,5.86999,0.146877
6.77688e+06,0.00084498,1.69368,0.00778058,5.88823,0.139976
6.77698e+06,0.0008584,1.69368,0.00778083,5.90627,0.133273
6.77708e+06,0.000871248,1.69368,0.00778105,5.92413,0.126749
6.77718e+06,0.000883519,1.69368,0.00778125,5.94182,0.120389
6.77727e+06,0.000895205,1.69368,0.00778143,5.95937,0.114181
6.77735e+06,0.000906299,1.69367,0.0077816,5.97677,0.10811
6.77743e+06,0.000916796,1.69367,0.00778174,5.99405,0.102166
6.77751e+06,0.00092669,1.69367,0.00778187,6.01122,0.096338
6.77759e+06,0.000935975,1.69367,0.00778199,6.02828,0.0906154
6.77765e+06,0.000944648,1.69367,0.00778209,6.04524,0.0849893
6.77772e+06,0.000952702,1.69367,0.00778217,6.06211,0.0794511
6.77778e+06,0.000960135,1.69367,0.00778225,6.07891,0.0739928
6.77783e+06,0.000966941,1.69367,0.00778231,6.09563,0.0686068
6.77788e+06,0.000973117,1.69367,0.00778236,6.11229,0.063286
6.77792e+06,0.00097866,1.69367,0.0077824,6.12889,0.0580237
6.77796e+06,0.000983568,1.69367,0.00778243,6.14543,0.0528134
6.778e+06,0.000987836,1.69367,0.00778246,6.16193,0.0476491
6.77803e+06,0.000991464,1.69367,0.00778248,6.17839,0.0425249
6.77805e+06,0.000994449,1.69367,0.00778249,6.19482,0.0374351
6.77807e+06,0.00099679,1.69367,0.0077825,6.21122,0.0323742
6.77808e+06,0.000998484,1.69367,0.0077825,6.22759,0.027337
6.77809e+06,0.000999532,1.69367,0.00778251,6.24395,0.0223181
6.7781e+06,0.000999933,1.69367,0.00778251,6.26029,0.0173125
6.7781e+06,0.000999686,1.69367,0.00778251,6.27662,0.012315
6.77809e+06,0.00099879,1.69367,0.00778251,0.00976723,0.0073206
6.77808e+06,0.000997248,1.69367,0.00778251,0.0261,0.00232425
6.77807e+06,0.000995059,1.69367,0.00778251,0.0424398,6.28051
6.77805e+06,0.000992223,1.69367,0.00778252,0.0587917,6.27549
6.77803e+06,0.000988744,1.69367,0.00778253,0.0751611,6.27046
6.778e+06,0.000984621,1.69367,0.00778255,0.0915532,6.2654
6.77796e+06,0.000979857,1.69367,0.00778258,0.107974,6.26032
6.77792e+06,0.000974455,1.69367,0.00778261,0.124428,6.2552
6.77788e+06,0.000968416,1.69367,0.00778265,0.140922,6.25004
6.77783e+06,0.000961744,1.69367,0.0077827,0.157462,6.24484
6.77777e+06,0.000954442,1.69367,0.00778277,0.174054,6.23958
6.77772e+06,0.000946514,1.69367,0.00778284,0.190706,6.23427
6.77765e+06,0.000937963,1.69367,0.00778293,0.207424,6.22888
6.77758e+06,0.000928794,1.69367,0.00778303,0.224216,6.22343
6.77751e+06,0.000919011,1.69367,0.00778314,0.24109,6.21789
6.77743e+06,0.00090862,1.69367,0.00778327,0.258056,6.21226
6.77735e+06,0.000897624,1.69367,0.00778342,0.275122,6.20653
6.77726e+06,0.000886031,1.69368,0.00778358,0.292298,6.20069
6.77717e+06,0.000873845,1.69368,0.00778377,0.309596,6.19473
6.77708e+06,0.000861074,1.69368,0.00778397,0.327028,6.18863
6.77698e+06,0.000847723,1.69368,0.00778419,0.344606,6.18239
6.77687e+06,0.000833801,1.69368,0.00778443,0.362347,6.17599
6.77676e+06,0.000819313,1.69368,0.0077847,0.380264,6.1694
6.77665e+06,0.000804268,1.69368,0.00778499,0.398376,6.16263
6.77653e+06,0.000788674,1.69368,0.0077853,0.416704,6.15563
6.77641e+06,0.000772539,1.69368,0.00778564,0.435267,6.14841
6.77629e+06,0.000755873,1.69368,0.007786,0.454091,6.14092
6.77616e+06,0.000738686,1.69369,0.00778639,0.473204,6.13314
6.77603e+06,0.000720986,1.69369,0.00778681,0.492636,6.12504
6.77589e+06,0.000702785,1.69369,0.00778726,0.512423,6.11659
6.77575e+06,0.000684093,1.69369,0.00778773,0.532604,6.10775
6.7756e+06,0.000664923,1.69369,0.00778824,0.553225,6.09846
6.77545e+06,0.000645286,1.69369,0.00778877,0.57434,6.08868
6.7753e+06,0.000625197,1.69369,0.00778934,0.596007,6.07835
6.77515e+06,0.000604669,1.69369,0.00778993,0.6183,6.06739
6.77499e+06,0.000583717,1.6937,0.00779056,0.641299,6.05572
6.77483e+06,0.000562359,1.6937,0.00779123,0.665101,6.04326
6.77466e+06,0.000540612,1.6937,0.00779193,0.689823,6.02987
6.77449e+06,0.000518496,1.6937,0.00779266,0.715601,6.01543
6.77432e+06,0.000496033,1.6937,0.00779343,0.742598,5.99976
6.77414e+06,0.000473248,1.6937,0.00779423,0.771015,5.98268
6.77397e+06,0.000450169,1.69371,0.00779507,0.801095,5.96393
6.77379e+06,0.00042683,1.69371,0.00779595,0.833136,5.94323
6.7736e+06,0.000403268,1.69371,0.00779687,0.867511,5.92019
6.77342e+06,0.000379531,1.69371,0.00779782,0.904687,5.89434
6.77323e+06,0.000355673,1.69371,0.00779882,0.945259,5.8651
6.77304e+06,0.000331767,1.69371,0.00779985,0.989988,5.83171
6.77285e+06,0.000307902,1.69372,0.00780092,1.03986,5.79317
6.77265e+06,0.000284194,1.69372,0.00780204,1.09618,5.74819
6.77245e+06,0.000260799,1.69372,0.00780319,1.16064,5.69506
6.77225e+06,0.00023793,1.69372,0.00780439,1.23551,5.63152
6.77205e+06,0.000215881,1.69372,0.00780562,1.32375,5.55461
6.77185e+06,0.000195066,1.69372,0.0078069,1.42918,5.46052
6.77164e+06,0.000176067,1.69373,0.00780823,1.55634,5.34469
6.77144e+06,0.000159685,1.69373,0.00780959,1.70989,5.20247
6.77123e+06,0.000146954,1.69373,0.007811,1.8927,5.03099
6.77102e+06,0.00013904,1.69373,0.00781245,2.1024,4.83262
6.77081e+06,0.000136928,1.69373,0.00781395,2.32823,4.61812
6.7706e+06,0.000141014,1.69374,0.00781549,2.55257,4.40512
6.77038e+06,0.000150912,1.69374,0.00781707,2.75848,4.21054
6.77017e+06,0.00016568,1.69374,0.0078187,2.93661,4.04374
6.76996e+06,0.00018423,1.69374,0.00782037,3.0857,3.90599
6.76974e+06,0.000205605,1.69374,0.00782209,3.20908,3.79393
6.76952e+06,0.000229065,1.69375,0.00782385,3.31149,3.70286
6.76931e+06,0.000254075,1.69375,0.00782566,3.39738,3.6283
6.76909e+06,0.000280248,1.69375,0.00782752,3.47042,3.56659
6.76887e+06,0.000307312,1.69375,0.00782942,3.53346,3.51488
6.76866e+06,0.000335066,1.69375,0.00783136,3.58865,3.47102
6.76844e+06,0.000363362,1.69376,0.00783335,3.63763,3.43337
6.76822e+06,0.000392088,1.69376,0.00783539,3.68165,3.40068
6.768e+06,0.000421157,1.69376,0.00783747,3.72164,3.37202
6.76779e+06,0.000450499,1.69376,0.00783959,3.75834,3.34665
6.76757e+06,0.00048006,1.69376,0.00784177,3.79232,3.324
6.76735e+06,0.000509791,1.69377,0.00784398,3.82403,3.30362
6.76714e+06,0.000539652,1.69377,0.00784625,3.85383,3.28515
6.76692e+06,0.000569611,1.69377,0.00784855,3.88201,3.2683
6.76671e+06,0.000599636,1.69377,0.00785091,3.9088,3.25283
6.76649e+06,0.000629699,1.69377,0.0078533,3.9344,3.23856
6.76628e+06,0.000659777,1.69378,0.00785574,3.95897,3.22532
6.76607e+06,0.000689847,1.69378,0.00785823,3.98264,3.21299
6.76586e+06,0.000719888,1.69378,0.00786076,4.00551,3.20144
6.76565e+06,0.000749879,1.69378,0.00786333,4.0277,3.19058
6.76545e+06,0.000779802,1.69378,0.00786595,4.04927,3.18034
6.76524e+06,0.00080964,1.69378,0.00786861,4.07029,3.17065
6.76504e+06,0.000839375,1.69379,0.00787131,4.09082,3.16144
6.76483e+06,0.000868991,1.69379,0.00787406,4.11093,3.15267
6.76463e+06,0.000898473,1.69379,0.00787684,4.13064,3.14428
6.76444e+06,0.000927804,1.69379,0.00787967,4.14999,3.13625
6.76424e+06,0.000956971,1.69379,0.00788254,4.16903,3.12854
6.76405e+06,0.000985958,1.6938,0.00788546,4.18778,3.12112
6.76386e+06,0.00101475,1.6938,0.00788841,4.20627,3.11396
6.76367e+06,0.00104334,1.6938,0.0078914,4.22452,3.10703
6.76348e+06,0.0010717,1.6938,0.00789443,4.24256,3.10032
6.7633e+06,0.00109984,1.6938,0.0078975,4.2604,3.09381
6.76311e+06,0.00112772,1.6938,0.00790061,4.27805,3.08748
6.76294e+06,0.00115535,1.69381,0.00790375,4.29554,3.08132
6.76276e+06,0.0011827,1.69381,0.00790693,4.31288,3.07531
6.76259e+06,0.00120977,1.69381,0.00791015,4.33007,3.06944
6.76242e+06,0.00123655,1.69381,0.00791341,4.34714,3.0637
6.76225e+06,0.00126302,1.69381,0.0079167,4.36409,3.05808
6.76209e+06,0.00128917,1.69381,0.00792002,4.38093,3.05256
6.76193e+06,0.00131499,1.69382,0.00792338,4.39766,3.04715
6.76177e+06,0.00134047,1.69382,0.00792678,4.41431,3.04183
6.76162e+06,0.0013656,1.69382,0.0079302,4.43087,3.0366
6.76147e+06,0.00139036,1.69382,0.00793366,4.44735,3.03144
6.76132e+06,0.00141476,1.69382,0.00793714,4.46375,3.02636
6.76118e+06,0.00143877,1.69382,0.00794066,4.48009,3.02135
6.76104e+06,0.00146239,1.69382,0.00794421,4.49637,3.0164
6.76091e+06,0.00148561,1.69382,0.00794778,4.51259,3.0115
6.76077e+06,0.00150843,1.69383,0.00795139,4.52875,3.00666
6.76065e+06,0.00153082,1.69383,0.00795502,4.54487,3.00187
6.76052e+06,0.00155278,1.69383,0.00795868,4.56094,2.99712
6.76041e+06,0.00157431,1.69383,0.00796236,4.57697,2.99241
6.76029e+06,0.00159539,1.69383,0.00796606,4.59296,2.98774
6.76018e+06,0.00161602,1.69383,0.0079698,4.60892,2.98311
6.76007e+06,0.00163619,1.69383,0.00797355,4.62485,2.9785
6.75997e+06,0.00165589,1.69383,0.00797732,4.64075,2.97393
6.75987e+06,0.00167511,1.69383,0.00798112,4.65662,2.96938
6.75978e+06,0.00169385,1.69383,0.00798494,4.67247,2.96485
6.75969e+06,0.00171211,1.69384,0.00798877,4.6883,2.96034
6.75961e+06,0.00172986,1.69384,0.00799262,4.70411,2.95586
6.75953e+06,0.00174712,1.69384,0.00799649,4.7199,2.95139
6.75945e+06,0.00176387,1.69384,0.00800038,4.73568,2.94693
6.75938e+06,0.0017801,1.69384,0.00800428,4.75145,2.94248
6.75932e+06,0.00179582,1.69384,0.0080082,4.7672,2.93805
6.75926e+06,0.00181101,1.69384,0.00801213,4.78295,2.93362
6.7592e+06,0.00182568,1.69384,0.00801607,4.79869,2.9292
6.75915e+06,0.00183981,1.69384,0.00802002,4.81443,2.92479
6.7591e+06,0.0018534,1.69384,0.00802399,4.83016,2.92037
6.75906e+06,0.00186645,1.69384,0.00802796,4.84589,2.91596
6.75902e+06,0.00187895,1.69384,0.00803194,4.86162,2.91155
6.75899e+06,0.00189091,1.69384,0.00803593,4.87736,2.90714
6.75896e+06,0.00190232,1.69384,0.00803992,4.89309,2.90273
6.75894e+06,0.00191317,1.69384,0.00804392,4.90883,2.89831
6.75892e+06,0.00192346,1.69384,0.00804793,4.92457,2.89388
6.75891e+06,0.00193319,1.69384,0.00805194,4.94033,2.88945
6.7589e+06,0.00194236,1.69384,0.00805594,4.95608,2.88501
6.7589e+06,0.00195097,1.69384,0.00805996,4.97185,2.88057
6.7589e+06,0.00195901,1.69384,0.00806397,4.98763,2.87611
6.75891e+06,0.00196648,1.69384,0.00806798,5.00342,2.87164
6.75892e+06,0.00197339,1.69384,0.00807198,5.01923,2.86715
6.75894e+06,0.00197973,1.69384,0.00807599,5.03504,2.86265
6.75896e+06,0.0019855,1.69384,0.00807999,5.05088,2.85814
6.75898e+06,0.0019907,1.69384,0.00808398,5.06672,2.85361
6.75902e+06,0.00199533,1.69384,0.00808797,5.08259,2.84906
6.75905e+06,0.0019994,1.69384,0.00809195,5.09847,2.8445
6.75909e+06,0.0020029,1.69384,0.00809593,5.11438,2.83991
6.75914e+06,0.00200583,1.69384,0.00809989,5.1303,2.83531
6.75919e+06,0.0020082,1.69384,0.00810385,5.14625,2.83068
6.75925e+06,0.00201,1.69384,0.00810779,5.16222,2.82603
6.75931e+06,0.00201125,1.69384,0.00811172,5.17821,2.82135
6.75937e+06,0.00201193,1.69384,0.00811564,5.19423,2.81665
6.75944e+06,0.00201206,1.69384,0.00811955,5.21028,2.81192
6.75951e+06,0.00201163,1.69384,0.00812343,5.22635,2.80717
6.75959e+06,0.00201065,1.69384,0.00812731,5.24245,2.80239
6.75968e+06,0.00200913,1.69384,0.00813116,5.25858,2.79758
6.75976e+06,0.00200706,1.69384,0.008135,5.27474,2.79274
6.75986e+06,0.00200445,1.69383,0.00813882,5.29093,2.78786
6.75995e+06,0.0020013,1.69383,0.00814262,5.30715,2.78296
6.76005e+06,0.00199761,1.69383,0.0081464,5.32341,2.77802
6.76016e+06,0.0019934,1.69383,0.00815015,5.3397,2.77305
6.76027e+06,0.00198867,1.69383,0.00815389,5.35602,2.76804
6.76038e+06,0.00198342,1.69383,0.0081576,5.37238,2.76299
6.7605e+06,0.00197765,1.69383,0.00816129,5.38878,2.75791
6.76062e+06,0.00197138,1.69383,0.00816495,5.40522,2.75279
6.76075e+06,0.0019646,1.69383,0.00816858,5.4217,2.74762
6.76088e+06,0.00195732,1.69382,0.00817219,5.43822,2.74242
6.76101e+06,0.00194956,1.69382,0.00817577,5.45478,2.73718
6.76115e+06,0.00194131,1.69382,0.00817932,5.47139,2.73189
6.76129e+06,0.00193258,1.69382,0.00818284,5.48804,2.72656
6.76144e+06,0.00192338,1.69382,0.00818634,5.50473,2.72118
6.76158e+06,0.00191371,1.69382,0.0081898,5.52147,2.71575
6.76174e+06,0.00190359,1.69382,0.00819323,5.53826,2.71028
6.76189e+06,0.00189302,1.69382,0.00819663,5.5551,2.70476
6.76205e+06,0.001882,1.69381,0.00819999,5.57198,2.69919
6.76221e+06,0.00187055,1.69381,0.00820332,5.58892,2.69357
6.76238e+06,0.00185868,1.69381,0.00820662,5.60591,2.68789
6.76255e+06,0.00184638,1.69381,0.00820988,5.62296,2.68216
6.76272e+06,0.00183367,1.69381,0.0082131,5.64006,2.67638
6.7629e+06,0.00182056,1.69381,0.00821629,5.65721,2.67054
6.76307e+06,0.00180705,1.6938,0.00821944,5.67443,2.66464
6.76325e+06,0.00179316,1.6938,0.00822256,5.6917,2.65868
6.76344e+06,0.00177889,1.6938,0.00822564,5.70903,2.65267
6.76362e+06,0.00176426,1.6938,0.00822867,5.72642,2.64659
6.76381e+06,0.00174926,1.6938,0.00823167,5.74388,2.64045
6.764e+06,0.00173392,1.6938,0.00823463,5.7614,2.63425
6.76419e+06,0.00171823,1.69379,0.00823755,5.77898,2.62798
6.76439e+06,0.00170221,1.69379,0.00824043,5.79664,2.62164
6.76459e+06,0.00168587,1.69379,0.00824327,5.81436,2.61523
6.76478e+06,0.00166922,1.69379,0.00824606,5.83214,2.60876
6.76499e+06,0.00165226,1.69379,0.00824881,5.85,2.60221
6.76519e+06,0.00163502,1.69379,0.00825153,5.86794,2.5956
6.76539e+06,0.00161749,1.69378,0.00825419,5.88594,2.58891
6.7656e+06,0.00159968,1.69378,0.00825682,5.90403,2.58214
6.76581e+06,0.00158161,1.69378,0.0082594,5.92218,2.5753
6.76602e+06,0.00156329,1.69378,0.00826194,5.94042,2.56837
6.76623e+06,0.00154473,1.69378,0.00826444,5.95874,2.56137
6.76644e+06,0.00152593,1.69377,0.00826689,5.97713,2.55429
6.76665e+06,0.00150691,1.69377,0.00826929,5.99561,2.54712
6.76686e+06,0.00148767,1.69377,0.00827166,6.01418,2.53987
6.76708e+06,0.00146823,1.69377,0.00827397,6.03283,2.53254
6.76729e+06,0.0014486,1.69377,0.00827624,6.05157,2.52511
6.76751e+06,0.00142879,1.69376,0.00827847,6.0704,2.5176
6.76772e+06,0.00140881,1.69376,0.00828065,6.08931,2.51
6.76794e+06,0.00138866,1.69376,0.00828279,6.10832,2.5023
6.76816e+06,0.00136836,1.69376,0.00828488,6.12743,2.49451
6.76837e+06,0.00134791,1.69376,0.00828693,6.14663,2.48663
6.76859e+06,0.00132734,1.69375,0.00828893,6.16592,2.47865
6.76881e+06,0.00130664,1.69375,0.00829088,6.18532,2.47056
6.76902e+06,0.00128583,1.69375,0.00829279,6.20481,2.46238
6.76924e+06,0.00126492,1.69375,0.00829466,6.22441,2.4541
6.76946e+06,0.00124391,1.69375,0.00829648,6.24411,2.44572
6.76967e+06,0.00122282,1.69374,0.00829825,6.26391,2.43723
6.76989e+06,0.00120166,1.69374,0.00829998,0.000636339,2.42863
6.7701e+06,0.00118043,1.69374,0.00830167,0.0206549,2.41992
6.77031e+06,0.00115915,1.69374,0.00830331,0.0407828,2.41111
6.77053e+06,0.00113782,1.69374,0.0083049,0.0610215,2.40219
6.77074e+06,0.00111645,1.69373,0.00830645,0.0813724,2.39315
6.77095e+06,0.00109506,1.69373,0.00830796,0.101837,2.384
6.77116e+06,0.00107365,1.69373,0.00830943,0.122416,2.37473
6.77137e+06,0.00105222,1.69373,0.00831085,0.143112,2.36535
6.77157e+06,0.0010308,1.69373,0.00831222,0.163925,2.35585
6.77178e+06,0.00100938,1.69373,0.00831356,0.184857,2.34623
6.77198e+06,0.000987975,1.69372,0.00831485,0.205908,2.3365
6.77218e+06,0.000966593,1.69372,0.0083161,0.22708,2.32664
6.77238e+06,0.00094524,1.69372,0.00831731,0.248374,2.31666
6.77258e+06,0.000923925,1.69372,0.00831847,0.26979,2.30656
6.77277e+06,0.000902654,1.69372,0.0083196,0.291329,2.29633
6.77297e+06,0.000881434,1.69371,0.00832068,0.312992,2.28598
6.77316e+06,0.000860273,1.69371,0.00832173,0.334779,2.27551
6.77334e+06,0.000839176,1.69371,0.00832273,0.35669,2.26491
6.77353e+06,0.000818151,1.69371,0.0083237,0.378726,2.25419
6.77371e+06,0.000797202,1.69371,0.00832463,0.400887,2.24334
6.77389e+06,0.000776336,1.69371,0.00832552,0.423171,2.23237
6.77407e+06,0.000755558,1.6937,0.00832637,0.44558,2.22128
6.77425e+06,0.000734873,1.6937,0.00832718,0.468111,2.21006
6.77442e+06,0.000714286,1.6937,0.00832796,0.490764,2.19872
6.77459e+06,0.000693801,1.6937,0.00832871,0.513537,2.18726
6.77475e+06,0.000673423,1.6937,0.00832942,0.53643,2.17568
6.77492e+06,0.000653156,1.6937,0.00833009,0.559439,2.16398
6.77508e+06,0.000633002,1.6937,0.00833073,0.582562,2.15217
6.77523e+06,0.000612966,1.69369,0.00833134,0.605797,2.14025
6.77538e+06,0.00059305,1.69369,0.00833192,0.629139,2.12822
6.77553e+06,0.000573257,1.69369,0.00833246,0.652586,2.11609
6.77568e+06,0.000553588,1.69369,0.00833298,0.676131,2.10386
6.77582e+06,0.000534046,1.69369,0.00833346,0.69977,2.09153
6.77596e+06,0.000514632,1.69369,0.00833392,0.723496,2.07912
6.77609e+06,0.000495347,1.69369,0.00833435,0.747302,2.06663
6.77622e+06,0.000476192,1.69368,0.00833475,0.77118,2.05406
6.77635e+06,0.000457167,1.69368,0.00833512,0.795119,2.04144
6.77647e+06,0.000438273,1.69368,0.00833547,0.819108,2.02876
6.77659e+06,0.000419509,1.69368,0.00833579,0.843134,2.01605
6.7767e+06,0.000400874,1.69368,0.00833608,0.867181,2.00332
6.77681e+06,0.000382367,1.69368,0.00833636,0.891232,1.99058
6.77692e+06,0.000363988,1.69368,0.00833661,0.915264,1.97786
6.77702e+06,0.000345733,1.69368,0.00833684,0.939254,1.96519
6.77712e+06,0.000327602,1.69368,0.00833705,0.963169,1.95258
6.77721e+06,0.000309591,1.69368,0.00833724,0.986975,1.94009
6.7773e+06,0.000291699,1.69367,0.00833741,1.01063,1.92775
6.77738e+06,0.000273922,1.69367,0.00833757,1.03407,1.91563
6.77746e+06,0.000256258,1.69367,0.0083377,1.05723,1.90378
6.77754e+06,0.000238702,1.69367,0.00833783,1.08002,1.8923
6.77761e+06,0.000221251,1.69367,0.00833793,1.10234,1.8813
6.77767e+06,0.000203903,1.69367,0.00833802,1.12402,1.87092
6.77773e+06,0.000186653,1.69367,0.0083381,1.14488,1.86138
6.77779e+06,0.000169498,1.69367,0.00833817,1.16462,1.85295
6.77784e+06,0.000152435,1.69367,0.00833822,1.18286,1.84603
6.77788e+06,0.000135464,1.69367,0.00833827,1.19899,1.84121
6.77792e+06,0.000118584,1.69367,0.00833831,1.21209,1.83943
6.77796e+06,0.0001018,1.69367,0.00833833,1.22064,1.84219
6.77799e+06,8.51233e-05,1.69367,0.00833836,1.22195,1.85219
6.77802e+06,6.8584e-05,1.69367,0.00833837,1.2108,1.87466
6.77804e+06,5.22557e-05,1.69367,0.00833838,1.17556,1.92121
6.77806e+06,3.63539e-05,1.69367,0.00833839,1.08482,2.02326
6.77807e+06,2.17367e-05,1.69367,0.00833839,0.825331,2.29406
6.77808e+06,1.34183e-05,1.69367,0.00833839,6.26365,3.15024
6.77808e+06,2.10232e-05,1.69367,0.00833839,5.37879,4.04642
6.77808e+06,3.54522e-05,1.69367,0.00833839,5.10258,4.33394
6.77807e+06,5.12271e-05,1.69367,0.00833839,5.00715,4.44068
6.77806e+06,6.74128e-05,1.69367,0.0083384,4.97018,4.48897
6.77804e+06,8.37796e-05,1.69367,0.0083384,4.9583,4.51216
6.77802e+06,0.00010025,1.69367,0.00833841,4.95932,4.52246
6.77799e+06,0.000116794,1.69367,0.00833843,4.9678,4.52528
6.77796e+06,0.000133399,1.69367,0.00833845,4.98098,4.52342
6.77792e+06,0.000150062,1.69367,0.00833848,4.99729,4.51843
6.77788e+06,0.000166782,1.69367,0.00833852,5.01577,4.51126
6.77783e+06,0.000183561,1.69367,0.00833856,5.03582,4.50252
6.77778e+06,0.000200404,1.69367,0.00833862,5.05704,4.49262
6.77773e+06,0.000217313,1.69367,0.00833869,5.07913,4.48184
6.77767e+06,0.000234294,1.69367,0.00833877,5.10188,4.4704
6.7776e+06,0.000251351,1.69367,0.00833886,5.12515,4.45844
6.77753e+06,0.000268489,1.69367,0.00833897,5.14882,4.44609
6.77746e+06,0.000285711,1.69367,0.00833909,5.1728,4.43342
6.77738e+06,0.000303023,1.69367,0.00833923,5.19702,4.42051
6.77729e+06,0.000320428,1.69367,0.00833938,5.22142,4.40743
6.7772e+06,0.000337929,1.69368,0.00833956,5.24596,4.39421
6.77711e+06,0.000355532,1.69368,0.00833975,5.27059,4.38089
6.77701e+06,0.000373238,1.69368,0.00833996,5.29529,4.36751
6.77691e+06,0.000391052,1.69368,0.00834019,5.32002,4.35409
6.77681e+06,0.000408975,1.69368,0.00834044,5.34477,4.34065
6.7767e+06,0.00042701,1.69368,0.00834072,5.36951,4.32722
6.77658e+06,0.000445159,1.69368,0.00834102,5.39424,4.31381
6.77646e+06,0.000463423,1.69368,0.00834134,5.41892,4.30044
6.77634e+06,0.000481805,1.69368,0.00834169,5.44356,4.28712
6.77621e+06,0.000500304,1.69368,0.00834207,5.46814,4.27385
6.77608e+06,0.000518922,1.69369,0.00834247,5.49264,4.26066
6.77595e+06,0.000537659,1.69369,0.0083429,5.51707,4.24754
6.77581e+06,0.000556515,1.69369,0.00834336,5.54141,4.23451
6.77567e+06,0.000575488,1.69369,0.00834384,5.56566,4.22158
6.77552e+06,0.000594579,1.69369,0.00834436,5.58982,4.20874
6.77537e+06,0.000613786,1.69369,0.00834491,5.61386,4.19601
6.77522e+06,0.000633107,1.69369,0.00834549,5.6378,4.18338
6.77506e+06,0.000652541,1.6937,0.0083461,5.66163,4.17087
6.7749e+06,0.000672084,1.6937,0.00834674,5.68534,4.15847
6.77474e+06,0.000691736,1.6937,0.00834742,5.70894,4.14619
6.77458e+06,0.000711491,1.6937,0.00834813,5.73241,4.13403
6.77441e+06,0.000731348,1.6937,0.00834888,5.75576,4.122
6.77423e+06,0.000751302,1.6937,0.00834966,5.77898,4.11009
6.77406e+06,0.000771349,1.6937,0.00835048,5.80208,4.0983
6.77388e+06,0.000791486,1.69371,0.00835134,5.82505,4.08665
6.7737e+06,0.000811707,1.69371,0.00835223,5.84789,4.07512
6.77352e+06,0.000832007,1.69371,0.00835316,5.87061,4.06372
6.77333e+06,0.000852381,1.69371,0.00835413,5.89319,4.05245
6.77314e+06,0.000872824,1.69371,0.00835514,5.91564,4.04131
6.77295e+06,0.00089333,1.69371,0.00835618,5.93797,4.0303
6.77276e+06,0.000913892,1.69372,0.00835727,5.96016,4.01942
6.77256e+06,0.000934505,1.69372,0.0083584,5.98223,4.00867
6.77236e+06,0.000955161,1.69372,0.00835957,6.00416,3.99805
6.77217e+06,0.000975854,1.69372,0.00836078,6.02597,3.98755
6.77196e+06,0.000996576,1.69372,0.00836203,6.04765,3.97718
6.77176e+06,0.00101732,1.69373,0.00836333,6.06921,3.96694
6.77156e+06,0.00103808,1.69373,0.00836467,6.09063,3.95683
6.77135e+06,0.00105885,1.69373,0.00836605,6.11194,3.94684
6.77114e+06,0.00107961,1.69373,0.00836747,6.13312,3.93697
6.77093e+06,0.00110037,1.69373,0.00836894,6.15418,3.92723
6.77072e+06,0.00112111,1.69373,0.00837045,6.17511,3.91761
6.77051e+06,0.00114182,1.69374,0.008372,6.19593,3.90811
6.7703e+06,0.0011625,1.69374,0.0083736,6.21663,3.89872
6.77008e+06,0.00118313,1.69374,0.00837525,6.23721,3.88945
6.76987e+06,0.00120371,1.69374,0.00837693,6.25768,3.8803
6.76966e+06,0.00122423,1.69374,0.00837867,6.27803,3.87126
6.76944e+06,0.00124468,1.69375,0.00838045,0.0150852,3.86234
6.76922e+06,0.00126505,1.69375,0.00838227,0.0352142,3.85352
6.76901e+06,0.00128533,1.69375,0.00838414,0.0552339,3.84482
6.76879e+06,0.00130551,1.69375,0.00838605,0.0751459,3.83622
6.76857e+06,0.00132558,1.69375,0.00838801,0.0949518,3.82773
6.76836e+06,0.00134553,1.69376,0.00839001,0.114653,3.81934
6.76814e+06,0.00136535,1.69376,0.00839206,0.134252,3.81106
6.76792e+06,0.00138504,1.69376,0.00839416,0.153749,3.80288
6.76771e+06,0.00140457,1.69376,0.0083963,0.173147,3.79479
6.76749e+06,0.00142395,1.69376,0.00839849,0.192448,3.78681
6.76727e+06,0.00144316,1.69377,0.00840072,0.211652,3.77892
6.76706e+06,0.00146219,1.69377,0.00840299,0.230761,3.77112
6.76685e+06,0.00148104,1.69377,0.00840531,0.249778,3.76342
6.76663e+06,0.00149968,1.69377,0.00840768,0.268703,3.75581
6.76642e+06,0.00151812,1.69377,0.00841009,0.287539,3.74829
6.76621e+06,0.00153634,1.69378,0.00841254,0.306287,3.74086
6.766e+06,0.00155433,1.69378,0.00841504,0.324949,3.73351
6.76579e+06,0.00157209,1.69378,0.00841758,0.343525,3.72625
6.76558e+06,0.00158959,1.69378,0.00842017,0.362019,3.71907
6.76538e+06,0.00160684,1.69378,0.0084228,0.380431,3.71198
6.76517e+06,0.00162382,1.69379,0.00842547,0.398764,3.70496
6.76497e+06,0.00164052,1.69379,0.00842819,0.417018,3.69802
6.76477e+06,0.00165693,1.69379,0.00843094,0.435195,3.69116
6.76457e+06,0.00167305,1.69379,0.00843374,0.453297,3.68437
6.76437e+06,0.00168886,1.69379,0.00843658,0.471325,3.67766
6.76418e+06,0.00170435,1.69379,0.00843946,0.489281,3.67102
6.76398e+06,0.00171952,1.6938,0.00844239,0.507166,3.66445
6.76379e+06,0.00173436,1.6938,0.00844535,0.524982,3.65795
6.76361e+06,0.00174885,1.6938,0.00844835,0.54273,3.65152
6.76342e+06,0.00176299,1.6938,0.00845139,0.560412,3.64515
6.76324e+06,0.00177676,1.6938,0.00845447,0.578028,3.63885
6.76306e+06,0.00179017,1.6938,0.00845759,0.595581,3.63261
6.76288e+06,0.00180319,1.69381,0.00846074,0.613072,3.62644
6.76271e+06,0.00181583,1.69381,0.00846394,0.630503,3.62033
6.76253e+06,0.00182807,1.69381,0.00846717,0.647874,3.61427
6.76237e+06,0.0018399,1.69381,0.00847043,0.665187,3.60827
6.7622e+06,0.00185133,1.69381,0.00847373,0.682443,3.60233
6.76204e+06,0.00186233,1.69381,0.00847706,0.699644,3.59645
6.76188e+06,0.0018729,1.69382,0.00848043,0.71679,3.59062
6.76172e+06,0.00188304,1.69382,0.00848383,0.733884,3.58484
6.76157e+06,0.00189273,1.69382,0.00848726,0.750927,3.57912
6.76142e+06,0.00190198,1.69382,0.00849073,0.767919,3.57344
6.76128e+06,0.00191076,1.69382,0.00849422,0.784863,3.56782
6.76114e+06,0.00191908,1.69382,0.00849775,0.801759,3.56224
6.761e+06,0.00192693,1.69382,0.0085013,0.818608,3.5567
6.76087e+06,0.0019343,1.69382,0.00850489,0.835412,3.55122
6.76074e+06,0.00194119,1.69383,0.0085085,0.852172,3.54577
6.76061e+06,0.00194759,1.69383,0.00851213,0.86889,3.54037
6.76049e+06,0.00195349,1.69383,0.0085158,0.885566,3.53502
6.76037e+06,0.00195889,1.69383,0.00851949,0.902201,3.5297
6.76026e+06,0.00196378,1.69383,0.0085232,0.918797,3.52442
6.76015e+06,0.00196817,1.69383,0.00852693,0.935356,3.51918
6.76004e+06,0.00197203,1.69383,0.00853069,0.951877,3.51398
6.75994e+06,0.00197538,1.69383,0.00853447,0.968363,3.50881
6.75985e+06,0.00197819,1.69383,0.00853828,0.984815,3.50367
6.75975e+06,0.00198048,1.69384,0.0085421,1.00123,3.49857
6.75967e+06,0.00198224,1.69384,0.00854594,1.01762,3.49351
6.75958e+06,0.00198345,1.69384,0.00854979,1.03397,3.48847
6.75951e+06,0.00198413,1.69384,0.00855367,1.0503,3.48346
6.75943e+06,0.00198426,1.69384,0.00855756,1.0666,3.47849
6.75936e+06,0.00198385,1.69384,0.00856146,1.08286,3.47354
6.7593e+06,0.00198289,1.69384,0.00856538,1.09911,3.46861
6.75924e+06,0.00198137,1.69384,0.00856932,1.11533,3.46371
6.75918e+06,0.0019793,1.69384,0.00857326,1.13152,3.45884
6.75913e+06,0.00197668,1.69384,0.00857722,1.14769,3.45399
6.75909e+06,0.00197349,1.69384,0.00858118,1.16384,3.44916
6.75905e+06,0.00196975,1.69384,0.00858516,1.17997,3.44435
6.75901e+06,0.00196545,1.69384,0.00858914,1.19608,3.43955
6.75898e+06,0.00196059,1.69384,0.00859313,1.21217,3.43478
6.75896e+06,0.00195517,1.69384,0.00859713,1.22825,3.43003
6.75893e+06,0.00194919,1.69384,0.00860113,1.24431,3.42529
6.75892e+06,0.00194265,1.69384,0.00860513,1.26035,3.42056
6.75891e+06,0.00193555,1.69384,0.00860914,1.27639,3.41585
6.7589e+06,0.00192788,1.69384,0.00861315,1.29241,3.41114
6.7589e+06,0.00191966,1.69384,0.00861716,1.30842,3.40645
6.7589e+06,0.00191088,1.69384,0.00862117,1.32443,3.40177
6.75891e+06,0.00190155,1.69384,0.00862518,1.34042,3.39709
6.75892e+06,0.00189166,1.69384,0.00862919,1.35641,3.39242
6.75894e+06,0.00188122,1.69384,0.0086332,1.3724,3.38776
6.75896e+06,0.00187023,1.69384,0.0086372,1.38838,3.3831
6.75899e+06,0.00185869,1.69384,0.00864119,1.40437,3.37843
6.75902e+06,0.00184661,1.69384,0.00864518,1.42035,3.37377
6.75906e+06,0.00183399,1.69384,0.00864916,1.43633,3.36911
6.7591e+06,0.00182083,1.69384,0.00865313,1.45232,3.36444
6.75915e+06,0.00180714,1.69384,0.00865709,1.46832,3.35977
6.7592e+06,0.00179292,1.69384,0.00866105,1.48432,3.35509
6.75926e+06,0.00177817,1.69384,0.00866499,1.50033,3.3504
6.75932e+06,0.0017629,1.69384,0.00866892,1.51635,3.3457
6.75939e+06,0.00174712,1.69384,0.00867283,1.53239,3.34099
6.75946e+06,0.00173082,1.69384,0.00867673,1.54844,3.33626
6.75953e+06,0.00171403,1.69384,0.00868062,1.56451,3.33151
6.75961e+06,0.00169673,1.69384,0.00868449,1.5806,3.32674
6.7597e+06,0.00167894,1.69384,0.00868834,1.59672,3.32195
6.75979e+06,0.00166066,1.69383,0.00869217,1.61286,3.31713
6.75988e+06,0.0016419,1.69383,0.00869599,1.62902,3.31229
6.75998e+06,0.00162267,1.69383,0.00869978,1.64522,3.30741
6.76008e+06,0.00160297,1.69383,0.00870356,1.66146,3.3025
6.76019e+06,0.00158281,1.69383,0.00870731,1.67773,3.29755
6.7603e+06,0.0015622,1.69383,0.00871104,1.69404,3.29256
6.76041e+06,0.00154115,1.69383,0.00871474,1.7104,3.28753
6.76053e+06,0.00151966,1.69383,0.00871842,1.72681,3.28245
6.76066e+06,0.00149774,1.69383,0.00872208,1.74327,3.27731
6.76078e+06,0.0014754,1.69383,0.00872571,1.75979,3.27212
6.76092e+06,0.00145266,1.69382,0.00872931,1.77637,3.26686
6.76105e+06,0.00142951,1.69382,0.00873288,1.79302,3.26154
6.76119e+06,0.00140597,1.69382,0.00873643,1.80974,3.25614
6.76133e+06,0.00138205,1.69382,0.00873994,1.82654,3.25066
6.76148e+06,0.00135776,1.69382,0.00874343,1.84343,3.2451
6.76163e+06,0.00133311,1.69382,0.00874688,1.86041,3.23945
6.76178e+06,0.0013081,1.69382,0.00875031,1.87749,3.23369
6.76194e+06,0.00128276,1.69382,0.0087537,1.89468,3.22783
6.7621e+06,0.00125708,1.69381,0.00875705,1.91198,3.22185
6.76226e+06,0.00123109,1.69381,0.00876037,1.92942,3.21574
6.76243e+06,0.00120478,1.69381,0.00876366,1.94699,3.20949
6.7626e+06,0.00117819,1.69381,0.00876691,1.96471,3.2031
6.76277e+06,0.00115131,1.69381,0.00877013,1.9826,3.19654
6.76295e+06,0.00112415,1.69381,0.00877331,2.00066,3.18981
6.76313e+06,0.00109674,1.6938,0.00877645,2.01891,3.18288
6.76331e+06,0.00106908,1.6938,0.00877956,2.03737,3.17574
6.76349e+06,0.00104119,1.6938,0.00878262,2.05606,3.16838
6.76368e+06,0.00101308,1.6938,0.00878565,2.07501,3.16076
6.76387e+06,0.00098476,1.6938,0.00878864,2.09422,3.15288
6.76406e+06,0.00095625,1.6938,0.00879159,2.11374,3.14469
6.76426e+06,0.000927563,1.69379,0.0087945,2.13358,3.13617
6.76445e+06,0.000898714,1.69379,0.00879736,2.1538,3.12729
6.76465e+06,0.000869717,1.69379,0.00880019,2.17441,3.118
6.76485e+06,0.00084059,1.69379,0.00880297,2.19547,3.10827
6.76505e+06,0.000811348,1.69379,0.00880572,2.21703,3.09804
6.76526e+06,0.00078201,1.69378,0.00880842,2.23914,3.08725
6.76546e+06,0.000752593,1.69378,0.00881107,2.26187,3.07585
6.76567e+06,0.000723116,1.69378,0.00881369,2.2853,3.06376
6.76588e+06,0.000693601,1.69378,0.00881626,2.30951,3.05088
6.76609e+06,0.000664067,1.69378,0.00881878,2.3346,3.03711
6.7663e+06,0.00063454,1.69378,0.00882126,2.36071,3.02233
6.76651e+06,0.000605044,1.69377,0.0088237,2.38797,3.0064
6.76673e+06,0.000575607,1.69377,0.00882609,2.41656,2.98914
6.76694e+06,0.000546259,1.69377,0.00882844,2.44668,2.97035
6.76715e+06,0.000517037,1.69377,0.00883075,2.47858,2.94978
6.76737e+06,0.000487979,1.69377,0.00883301,2.51257,2.92712
6.76759e+06,0.000459132,1.69376,0.00883522,2.54901,2.90201
6.7678e+06,0.00043055,1.69376,0.00883739,2.58837,2.87398
6.76802e+06,0.000402299,1.69376,0.00883951,2.63122,2.84246
6.76824e+06,0.000374458,1.69376,0.00884159,2.67827,2.80674
6.76846e+06,0.000347128,1.69376,0.00884362,2.73044,2.7659
6.76867e+06,0.000320434,1.69375,0.00884561,2.78887,2.7188
6.76889e+06,0.00029454,1.69375,0.00884755,2.85502,2.66398
6.76911e+06,0.000269661,1.69375,0.00884944,2.93072,2.59962
6.76933e+06,0.000246077,1.69375,0.00885129,3.01823,2.52343
6.76954e+06,0.000224164,1.69375,0.0088531,3.12026,2.43274
6.76976e+06,0.000204414,1.69374,0.00885486,3.23971,2.32462
6.76997e+06,0.000187455,1.69374,0.00885657,3.3792,2.19646
6.77019e+06,0.000174032,1.69374,0.00885824,3.53987,2.04713
6.7704e+06,0.000164927,1.69374,0.00885987,3.71969,1.87864
6.77062e+06,0.000160778,1.69374,0.00886145,3.91212,1.69753
6.77083e+06,0.000161863,1.69373,0.00886298,4.10671,1.51428
6.77104e+06,0.000167974,1.69373,0.00886447,4.29221,1.34011
6.77125e+06,0.000178485,1.69373,0.00886592,4.46043,1.18323
6.77146e+06,0.000192569,1.69373,0.00886733,4.60775,1.04724
6.77166e+06,0.000209402,1.69373,0.00886869,4.73436,0.931957
6.77187e+06,0.000228274,1.69372,0.00887001,4.84249,0.835165
6.77207e+06,0.000248623,1.69372,0.00887128,4.93502,0.753961
6.77227e+06,0.00027002,1.69372,0.00887252,5.01479,0.685531
6.77247e+06,0.000292144,1.69372,0.00887371,5.08421,0.627445
6.77267e+06,0.000314752,1.69372,0.00887486,5.14527,0.577712
6.77286e+06,0.000337664,1.69372,0.00887597,5.19958,0.534744
6.77306e+06,0.000360738,1.69371,0.00887704,5.24837,0.497287
6.77325e+06,0.000383867,1.69371,0.00887807,5.29263,0.464352
6.77343e+06,0.000406963,1.69371,0.00887906,5.33316,0.435157
6.77362e+06,0.000429959,1.69371,0.00888001,5.37057,0.40908
6.7738e+06,0.000452796,1.69371,0.00888093,5.40537,0.385621
6.77398e+06,0.000475428,1.6937,0.0088818,5.43794,0.36438
6.77416e+06,0.000497815,1.6937,0.00888264,5.46863,0.345029
6.77433e+06,0.000519922,1.6937,0.00888344,5.49769,0.327301
6.77451e+06,0.00054172,1.6937,0.0088842,5.52535,0.310973
6.77467e+06,0.000563183,1.6937,0.00888493,5.5518,0.295863
6.77484e+06,0.000584287,1.6937,0.00888563,5.57718,0.281816
6.775e+06,0.000605011,1.6937,0.00888629,5.60163,0.268702
6.77516e+06,0.000625336,1.69369,0.00888692,5.62525,0.256411
6.77532e+06,0.000645245,1.69369,0.00888751,5.64815,0.244848
6.77547e+06,0.000664721,1.69369,0.00888808,5.6704,0.233934
6.77562e+06,0.000683749,1.69369,0.00888861,5.69207,0.223598
6.77576e+06,0.000702316,1.69369,0.00888911,5.71322,0.213781
6.7759e+06,0.000720409,1.69369,0.00888958,5.73391,0.204429
6.77604e+06,0.000738014,1.69369,0.00889002,5.75418,0.195496
6.77617e+06,0.000755121,1.69369,0.00889044,5.77407,0.186942
6.7763e+06,0.000771719,1.69368,0.00889083,5.79362,0.178731
6.77642e+06,0.000787798,1.69368,0.00889119,5.81285,0.170832
6.77655e+06,0.000803346,1.69368,0.00889152,5.8318,0.163216
6.77666e+06,0.000818356,1.69368,0.00889184,5.8505,0.155858
6.77677e+06,0.000832819,1.69368,0.00889212,5.86895,0.148735
6.77688e+06,0.000846725,1.69368,0.00889239,5.8872,0.141827
6.77699e+06,0.000860068,1.69368,0.00889263,5.90524,0.135116
6.77709e+06,0.000872839,1.69368,0.00889285,5.92311,0.128585
6.77718e+06,0.000885032,1.69368,0.00889305,5.94081,0.122218
6.77727e+06,0.000896639,1.69368,0.00889323,5.95837,0.116003
6.77736e+06,0.000907655,1.69367,0.00889339,5.97578,0.109926
6.77744e+06,0.000918073,1.69367,0.00889354,5.99307,0.103975
6.77752e+06,0.000927888,1.69367,0.00889367,6.01024,0.0981409
6.77759e+06,0.000937094,1.69367,0.00889378,6.0273,0.0924126
6.77766e+06,0.000945687,1.69367,0.00889388,6.04427,0.0867812
6.77772e+06,0.000953661,1.69367,0.00889397,6.06115,0.081238
6.77778e+06,0.000961013,1.69367,0.00889404,6.07795,0.0757751
6.77783e+06,0.000967739,1.69367,0.0088941,6.09467,0.0703849
6.77788e+06,0.000973835,1.69367,0.00889415,6.11133,0.0650603
6.77793e+06,0.000979297,1.69367,0.00889419,6.12794,0.0597946
6.77796e+06,0.000984123,1.69367,0.00889422,6.14449,0.0545814
6.778e+06,0.000988311,1.69367,0.00889425,6.16099,0.0494145
6.77803e+06,0.000991857,1.69367,0.00889427,6.17745,0.0442882
6.77805e+06,0.000994761,1.69367,0.00889428,6.19388,0.0391966
6.77807e+06,0.00099702,1.69367,0.00889429,6.21028,0.0341345
6.77809e+06,0.000998633,1.69367,0.00889429,6.22665,0.0290964
6.7781e+06,0.000999599,1.69367,0.00889429,6.24301,0.0240771
6.7781e+06,0.000999918,1.69367,0.00889429,6.25935,0.0190715
6.7781e+06,0.000999589,1.69367,0.00889429,6.27568,0.0140745
6.77809e+06,0.000998613,1.69367,0.00889429,0.00882843,0.00908103
6.77808e+06,0.000996989,1.69367,0.0088943,0.0251598,0.00408605
6.77807e+06,0.000994718,1.69367,0.0088943,0.0414978,6.28227
6.77805e+06,0.000991801,1.69367,0.00889431,0.0578475,6.27726
6.77802e+06,0.00098824,1.69367,0.00889432,0.0742141,6.27223
6.77799e+06,0.000984037,1.69367,0.00889434,0.090603,6.26717
6.77796e+06,0.000979192,1.69367,0.00889437,0.10702,6.26209
6.77792e+06,0.000973709,1.69367,0.0088944,0.12347,6.25698
6.77787e+06,0.00096759,1.69367,0.00889444,0.139959,6.25183
6.77782e+06,0.000960837,1.69367,0.0088945,0.156494,6.24663
6.77777e+06,0.000953456,1.69367,0.00889456,0.173081,6.24138
6.77771e+06,0.000945448,1.69367,0.00889463,0.189727,6.23607
6.77765e+06,0.000936817,1.69367,0.00889472,0.206439,6.23069
6.77758e+06,0.000927569,1.69367,0.00889482,0.223224,6.22524
6.77751e+06,0.000917707,1.69367,0.00889494,0.240091,6.21971
6.77743e+06,0.000907237,1.69367,0.00889507,0.257049,6.21409
6.77735e+06,0.000896164,1.69367,0.00889522,0.274106,6.20837
6.77726e+06,0.000884493,1.69368,0.00889538,0.291274,6.20254
6.77717e+06,0.00087223,1.69368,0.00889557,0.308563,6.19658
6.77707e+06,0.000859382,1.69368,0.00889577,0.325986,6.1905
6.77697e+06,0.000845954,1.69368,0.00889599,0.343555,6.18426
6.77687e+06,0.000831955,1.69368,0.00889624,0.361285,6.17787
6.77676e+06,0.000817392,1.69368,0.00889651,0.379193,6.1713
6.77664e+06,0.000802272,1.69368,0.0088968,0.397295,6.16453
6.77653e+06,0.000786603,1.69368,0.00889711,0.415611,6.15755
6.7764e+06,0.000770395,1.69368,0.00889745,0.434164,6.15033
6.77628e+06,0.000753655,1.69368,0.00889782,0.452979,6.14285
6.77615e+06,0.000736395,1.69369,0.00889821,0.472081,6.13508
6.77602e+06,0.000718622,1.69369,0.00889863,0.491504,6.127
6.77588e+06,0.000700349,1.69369,0.00889908,0.511282,6.11855
6.77574e+06,0.000681586,1.69369,0.00889955,0.531455,6.10972
6.77559e+06,0.000662345,1.69369,0.00890006,0.55207,6.10044
6.77544e+06,0.000642638,1.69369,0.0089006,0.573179,6.09066
6.77529e+06,0.000622479,1.69369,0.00890116,0.594845,6.08033
6.77514e+06,0.000601882,1.69369,0.00890177,0.617138,6.06937
6.77498e+06,0.000580862,1.6937,0.0089024,0.640142,6.0577
6.77481e+06,0.000559435,1.6937,0.00890306,0.663955,6.04522
6.77465e+06,0.000537621,1.6937,0.00890376,0.688694,6.03182
6.77448e+06,0.000515438,1.6937,0.0089045,0.714498,6.01735
6.77431e+06,0.00049291,1.6937,0.00890527,0.741534,6.00165
6.77413e+06,0.00047006,1.6937,0.00890608,0.770005,5.98451
6.77395e+06,0.000446918,1.69371,0.00890692,0.800159,5.96569
6.77377e+06,0.000423516,1.69371,0.0089078,0.8323,5.94488
6.77359e+06,0.000399893,1.69371,0.00890872,0.866811,5.92171
6.7734e+06,0.000376097,1.69371,0.00890968,0.904171,5.89568
6.77322e+06,0.000352184,1.69371,0.00891068,0.944991,5.86619
6.77302e+06,0.000328226,1.69371,0.00891171,0.990057,5.83246
6.77283e+06,0.000304315,1.69372,0.00891279,1.04039,5.79346
6.77264e+06,0.000280569,1.69372,0.0089139,1.09733,5.74785
6.77244e+06,0.00025715,1.69372,0.00891506,1.16267,5.69385
6.77224e+06,0.000234276,1.69372,0.00891626,1.23875,5.6291
6.77204e+06,0.000212253,1.69372,0.0089175,1.32869,5.5505
6.77183e+06,0.000191512,1.69372,0.00891878,1.43647,5.45405
6.77163e+06,0.000172662,1.69373,0.00892011,1.56685,5.335
6.77142e+06,0.000156542,1.69373,0.00892148,1.72459,5.18859
6.77121e+06,0.000144229,1.69373,0.00892289,1.91233,5.01218
6.771e+06,0.000136913,1.69373,0.00892434,2.12686,4.80899
6.77079e+06,0.000135554,1.69373,0.00892584,2.35602,4.59115
6.77058e+06,0.000140461,1.69374,0.00892739,2.58118,4.37733
6.77037e+06,0.00015114,1.69374,0.00892897,2.78559,4.18425
6.77016e+06,0.000166578,1.69374,0.00893061,2.96091,4.02026
6.76994e+06,0.000185672,1.69374,0.00893228,3.10685,3.88565
6.76972e+06,0.000207476,1.69374,0.008934,3.2273,3.77653
6.76951e+06,0.000231274,1.69375,0.00893577,3.32718,3.68799
6.76929e+06,0.000256552,1.69375,0.00893758,3.41097,3.61553
6.76907e+06,0.000282942,1.69375,0.00893944,3.48229,3.55554
6.76886e+06,0.000310183,1.69375,0.00894134,3.54391,3.50525
6.76864e+06,0.000338083,1.69375,0.00894329,3.59794,3.46255
6.76842e+06,0.000366503,1.69376,0.00894528,3.64596,3.42586
6.7682e+06,0.000395334,1.69376,0.00894732,3.68917,3.39398
6.76799e+06,0.000424494,1.69376,0.00894941,3.72848,3.366
6.76777e+06,0.000453916,1.69376,0.00895154,3.7646,3.34121
6.76755e+06,0.000483546,1.69376,0.00895371,3.79808,3.31906
6.76734e+06,0.000513339,1.69377,0.00895593,3.82936,3.29911
6.76712e+06,0.000543255,1.69377,0.0089582,3.85879,3.28101
6.76691e+06,0.000573262,1.69377,0.00896051,3.88664,3.26449
6.76669e+06,0.00060333,1.69377,0.00896286,3.91314,3.24932
6.76648e+06,0.000633432,1.69377,0.00896526,3.93848,3.2353
6.76627e+06,0.000663545,1.69378,0.00896771,3.96282,3.2223
6.76606e+06,0.000693645,1.69378,0.0089702,3.98628,3.21016
6.76585e+06,0.000723713,1.69378,0.00897273,4.00897,3.1988
6.76564e+06,0.000753729,1.69378,0.00897531,4.03098,3.18812
6.76543e+06,0.000783673,1.69378,0.00897793,4.0524,3.17803
6.76523e+06,0.00081353,1.69378,0.00898059,4.07328,3.16848
6.76502e+06,0.000843281,1.69379,0.0089833,4.09369,3.1594
6.76482e+06,0.000872911,1.69379,0.00898604,4.11367,3.15074
6.76462e+06,0.000902404,1.69379,0.00898883,4.13327,3.14247
6.76442e+06,0.000931745,1.69379,0.00899167,4.15253,3.13454
6.76423e+06,0.000960919,1.69379,0.00899454,4.17147,3.12692
6.76403e+06,0.000989911,1.6938,0.00899745,4.19014,3.11958
6.76384e+06,0.00101871,1.6938,0.00900041,4.20855,3.1125
6.76365e+06,0.0010473,1.6938,0.0090034,4.22672,3.10565
6.76347e+06,0.00107566,1.6938,0.00900644,4.24469,3.09901
6.76328e+06,0.00110379,1.6938,0.00900951,4.26246,3.09257
6.7631e+06,0.00113167,1.6938,0.00901262,4.28005,3.0863
6.76292e+06,0.0011593,1.69381,0.00901577,4.29748,3.0802
6.76275e+06,0.00118664,1.69381,0.00901895,4.31476,3.07424
6.76257e+06,0.00121371,1.69381,0.00902217,4.33191,3.06842
6.76241e+06,0.00124047,1.69381,0.00902543,4.34892,3.06273
6.76224e+06,0.00126693,1.69381,0.00902872,4.36583,3.05716
6.76208e+06,0.00129307,1.69381,0.00903205,4.38262,3.05169
6.76192e+06,0.00131887,1.69382,0.00903541,4.39932,3.04632
6.76176e+06,0.00134434,1.69382,0.00903881,4.41592,3.04104
6.76161e+06,0.00136945,1.69382,0.00904223,4.43244,3.03584
6.76146e+06,0.0013942,1.69382,0.00904569,4.44888,3.03072
6.76131e+06,0.00141857,1.69382,0.00904918,4.46525,3.02568
6.76117e+06,0.00144256,1.69382,0.0090527,4.48156,3.0207
6.76103e+06,0.00146616,1.69382,0.00905625,4.4978,3.01578
6.7609e+06,0.00148936,1.69382,0.00905983,4.51399,3.01091
6.76076e+06,0.00151215,1.69383,0.00906344,4.53013,3.0061
6.76064e+06,0.00153451,1.69383,0.00906707,4.54622,3.00134
6.76052e+06,0.00155645,1.69383,0.00907073,4.56226,2.99662
6.7604e+06,0.00157795,1.69383,0.00907441,4.57826,2.99193
6.76028e+06,0.001599,1.69383,0.00907812,4.59423,2.98729
6.76017e+06,0.0016196,1.69383,0.00908185,4.61016,2.98268
6.76007e+06,0.00163973,1.69383,0.00908561,4.62607,2.9781
6.75996e+06,0.0016594,1.69383,0.00908938,4.64194,2.97355
6.75987e+06,0.00167859,1.69383,0.00909318,4.65779,2.96902
6.75977e+06,0.0016973,1.69383,0.009097,4.67362,2.96452
6.75969e+06,0.00171552,1.69384,0.00910083,4.68943,2.96003
6.7596e+06,0.00173324,1.69384,0.00910469,4.70522,2.95556
6.75952e+06,0.00175046,1.69384,0.00910856,4.72099,2.95111
6.75945e+06,0.00176717,1.69384,0.00911245,4.73675,2.94667
6.75938e+06,0.00178336,1.69384,0.00911635,4.7525,2.94225
6.75931e+06,0.00179904,1.69384,0.00912027,4.76824,2.93783
6.75925e+06,0.00181419,1.69384,0.0091242,4.78397,2.93342
6.7592e+06,0.00182881,1.69384,0.00912814,4.79969,2.92902
6.75914e+06,0.0018429,1.69384,0.0091321,4.81541,2.92462
6.7591e+06,0.00185645,1.69384,0.00913606,4.83113,2.92023
6.75906e+06,0.00186945,1.69384,0.00914003,4.84684,2.91583
6.75902e+06,0.00188191,1.69384,0.00914402,4.86255,2.91144
6.75899e+06,0.00189382,1.69384,0.009148,4.87827,2.90704
6.75896e+06,0.00190518,1.69384,0.009152,4.89399,2.90264
6.75894e+06,0.00191598,1.69384,0.009156,4.90971,2.89824
6.75892e+06,0.00192623,1.69384,0.00916,4.92544,2.89383
6.75891e+06,0.00193591,1.69384,0.00916401,4.94118,2.88942
6.7589e+06,0.00194503,1.69384,0.00916802,4.95692,2.88499
6.7589e+06,0.00195359,1.69384,0.00917203,4.97268,2.88056
6.7589e+06,0.00196158,1.69384,0.00917604,4.98844,2.87611
6.75891e+06,0.001969,1.69384,0.00918005,5.00422,2.87166
6.75892e+06,0.00197585,1.69384,0.00918406,5.02001,2.86719
6.75894e+06,0.00198214,1.69384,0.00918806,5.03581,2.8627
6.75896e+06,0.00198786,1.69384,0.00919206,5.05163,2.8582
6.75899e+06,0.00199301,1.69384,0.00919606,5.06747,2.85369
6.75902e+06,0.00199759,1.69384,0.00920005,5.08332,2.84915
6.75906e+06,0.0020016,1.69384,0.00920403,5.09919,2.8446
6.7591e+06,0.00200504,1.69384,0.009208,5.11508,2.84003
6.75914e+06,0.00200792,1.69384,0.00921196,5.13099,2.83543
6.75919e+06,0.00201023,1.69384,0.00921592,5.14693,2.83082
6.75925e+06,0.00201198,1.69384,0.00921986,5.16288,2.82618
6.75931e+06,0.00201317,1.69384,0.00922379,5.17886,2.82152
6.75937e+06,0.0020138,1.69384,0.00922771,5.19487,2.81683
6.75944e+06,0.00201387,1.69384,0.00923161,5.2109,2.81212
6.75952e+06,0.00201338,1.69384,0.0092355,5.22696,2.80737
6.7596e+06,0.00201235,1.69384,0.00923937,5.24305,2.80261
6.75968e+06,0.00201076,1.69384,0.00924323,5.25916,2.79781
6.75977e+06,0.00200864,1.69384,0.00924706,5.27531,2.79298
6.75986e+06,0.00200596,1.69383,0.00925088,5.29149,2.78812
6.75996e+06,0.00200276,1.69383,0.00925468,5.3077,2.78322
6.76006e+06,0.00199902,1.69383,0.00925845,5.32394,2.7783
6.76017e+06,0.00199475,1.69383,0.00926221,5.34022,2.77334
6.76028e+06,0.00198995,1.69383,0.00926594,5.35653,2.76834
6.76039e+06,0.00198464,1.69383,0.00926965,5.37288,2.76331
6.76051e+06,0.00197882,1.69383,0.00927334,5.38927,2.75824
6.76063e+06,0.00197248,1.69383,0.00927699,5.4057,2.75313
6.76076e+06,0.00196565,1.69383,0.00928063,5.42216,2.74798
6.76089e+06,0.00195831,1.69382,0.00928423,5.43867,2.74279
6.76102e+06,0.00195049,1.69382,0.00928781,5.45522,2.73756
6.76116e+06,0.00194218,1.69382,0.00929136,5.47181,2.73228
6.7613e+06,0.00193339,1.69382,0.00929488,5.48844,2.72696
6.76145e+06,0.00192413,1.69382,0.00929837,5.50512,2.7216
6.7616e+06,0.00191441,1.69382,0.00930183,5.52185,2.71619
6.76175e+06,0.00190422,1.69382,0.00930526,5.53863,2.71073
6.7619e+06,0.00189359,1.69382,0.00930865,5.55545,2.70522
6.76206e+06,0.00188252,1.69381,0.00931202,5.57232,2.69966
6.76223e+06,0.00187101,1.69381,0.00931534,5.58925,2.69405
6.76239e+06,0.00185907,1.69381,0.00931864,5.60623,2.68839
6.76256e+06,0.00184672,1.69381,0.0093219,5.62326,2.68268
6.76273e+06,0.00183395,1.69381,0.00932512,5.64034,2.67691
6.76291e+06,0.00182078,1.69381,0.00932831,5.65748,2.67108
6.76309e+06,0.00180722,1.6938,0.00933146,5.67468,2.6652
6.76327e+06,0.00179327,1.6938,0.00933457,5.69194,2.65926
6.76345e+06,0.00177894,1.6938,0.00933764,5.70926,2.65325
6.76364e+06,0.00176425,1.6938,0.00934068,5.72664,2.64719
6.76382e+06,0.00174919,1.6938,0.00934367,5.74408,2.64107
6.76401e+06,0.00173379,1.6938,0.00934663,5.76158,2.63488
6.76421e+06,0.00171805,1.69379,0.00934954,5.77915,2.62862
6.7644e+06,0.00170197,1.69379,0.00935242,5.79679,2.6223
6.7646e+06,0.00168557,1.69379,0.00935525,5.81449,2.61591
6.7648e+06,0.00166887,1.69379,0.00935805,5.83227,2.60945
6.765e+06,0.00165185,1.69379,0.0093608,5.85011,2.60292
6.7652e+06,0.00163455,1.69379,0.00936351,5.86803,2.59632
6.76541e+06,0.00161696,1.69378,0.00936617,5.88602,2.58965
6.76561e+06,0.0015991,1.69378,0.00936879,5.90408,2.5829
6.76582e+06,0.00158098,1.69378,0.00937137,5.92222,2.57607
6.76603e+06,0.00156261,1.69378,0.00937391,5.94044,2.56916
6.76624e+06,0.00154399,1.69378,0.0093764,5.95874,2.56218
6.76645e+06,0.00152514,1.69377,0.00937885,5.97712,2.55511
6.76666e+06,0.00150606,1.69377,0.00938125,5.99558,2.54797
6.76688e+06,0.00148677,1.69377,0.00938361,6.01413,2.54073
6.76709e+06,0.00146728,1.69377,0.00938592,6.03276,2.53342
6.76731e+06,0.0014476,1.69377,0.00938819,6.05148,2.52601
6.76752e+06,0.00142774,1.69376,0.00939042,6.07029,2.51852
6.76774e+06,0.0014077,1.69376,0.00939259,6.08919,2.51093
6.76796e+06,0.0013875,1.69376,0.00939473,6.10818,2.50326
6.76817e+06,0.00136715,1.69376,0.00939682,6.12726,2.49549
6.76839e+06,0.00134665,1.69376,0.00939886,6.14644,2.48762
6.76861e+06,0.00132603,1.69375,0.00940086,6.16572,2.47966
6.76882e+06,0.00130528,1.69375,0.00940281,6.18509,2.4716
6.76904e+06,0.00128442,1.69375,0.00940472,6.20457,2.46344
6.76926e+06,0.00126346,1.69375,0.00940658,6.22414,2.45518
6.76947e+06,0.00124241,1.69375,0.00940839,6.24382,2.44682
6.76969e+06,0.00122127,1.69374,0.00941016,6.2636,2.43835
6.7699e+06,0.00120006,1.69374,0.00941189,0.000305071,2.42977
6.77012e+06,0.00117879,1.69374,0.00941357,0.0203011,2.42109
6.77033e+06,0.00115746,1.69374,0.00941521,0.0404062,2.4123
6.77054e+06,0.00113608,1.69374,0.0094168,0.0606216,2.4034
6.77075e+06,0.00111467,1.69373,0.00941835,0.080949,2.39438
6.77096e+06,0.00109323,1.69373,0.00941985,0.10139,2.38526
6.77117e+06,0.00107178,1.69373,0.00942131,0.121945,2.37602
6.77138e+06,0.00105031,1.69373,0.00942273,0.142616,2.36666
6.77159e+06,0.00102884,1.69373,0.00942411,0.163404,2.35719
6.77179e+06,0.00100738,1.69373,0.00942544,0.18431,2.34759
6.77199e+06,0.000985934,1.69372,0.00942673,0.205336,2.33788
6.77219e+06,0.00096451,1.69372,0.00942797,0.226481,2.32805
6.77239e+06,0.000943117,1.69372,0.00942918,0.247749,2.3181
6.77259e+06,0.000921761,1.69372,0.00943034,0.269138,2.30802
6.77279e+06,0.00090045,1.69372,0.00943146,0.290649,2.29782
6.77298e+06,0.000879191,1.69371,0.00943254,0.312285,2.2875
6.77317e+06,0.000857991,1.69371,0.00943359,0.334043,2.27706
6.77336e+06,0.000836856,1.69371,0.00943459,0.355926,2.26649
6.77354e+06,0.000815793,1.69371,0.00943555,0.377933,2.25579
6.77373e+06,0.000794807,1.69371,0.00943648,0.400064,2.24498
6.77391e+06,0.000773905,1.69371,0.00943736,0.422318,2.23404
6.77408e+06,0.000753091,1.6937,0.00943821,0.444696,2.22297
6.77426e+06,0.000732371,1.6937,0.00943903,0.467196,2.21178
6.77443e+06,0.000711749,1.6937,0.0094398,0.489817,2.20048
6.7746e+06,0.000691231,1.6937,0.00944055,0.512558,2.18905
6.77477e+06,0.00067082,1.6937,0.00944125,0.535418,2.1775
6.77493e+06,0.000650519,1.6937,0.00944192,0.558394,2.16584
6.77509e+06,0.000630334,1.69369,0.00944256,0.581483,2.15407
6.77524e+06,0.000610267,1.69369,0.00944317,0.604683,2.14218
6.7754e+06,0.00059032,1.69369,0.00944374,0.62799,2.13019
6.77554e+06,0.000570497,1.69369,0.00944429,0.6514,2.11809
6.77569e+06,0.000550799,1.69369,0.0094448,0.674908,2.10589
6.77583e+06,0.000531228,1.69369,0.00944528,0.698508,2.09361
6.77597e+06,0.000511786,1.69369,0.00944574,0.722194,2.08123
6.7761e+06,0.000492475,1.69369,0.00944616,0.745959,2.06878
6.77623e+06,0.000473294,1.69368,0.00944656,0.769794,2.05626
6.77636e+06,0.000454244,1.69368,0.00944693,0.793689,2.04368
6.77648e+06,0.000435325,1.69368,0.00944727,0.817631,2.03105
6.7766e+06,0.000416537,1.69368,0.00944759,0.841608,2.01839
6.77671e+06,0.000397879,1.69368,0.00944789,0.865603,2.00571
6.77682e+06,0.00037935,1.69368,0.00944816,0.889599,1.99303
6.77693e+06,0.00036095,1.69368,0.00944841,0.913572,1.98037
6.77703e+06,0.000342675,1.69368,0.00944864,0.937496,1.96775
6.77713e+06,0.000324525,1.69368,0.00944885,0.961341,1.95522
6.77722e+06,0.000306496,1.69368,0.00944904,0.985068,1.94281
6.7773e+06,0.000288586,1.69367,0.00944921,1.00863,1.93056
6.77739e+06,0.000270793,1.69367,0.00944936,1.03197,1.91853
6.77747e+06,0.000253113,1.69367,0.0094495,1.05502,1.9068
6.77754e+06,0.000235543,1.69367,0.00944962,1.07768,1.89545
6.77761e+06,0.00021808,1.69367,0.00944972,1.09983,1.88461
6.77768e+06,0.00020072,1.69367,0.00944981,1.12132,1.87444
6.77774e+06,0.000183459,1.69367,0.00944989,1.14193,1.86514
6.77779e+06,0.000166296,1.69367,0.00944996,1.16136,1.85702
6.77784e+06,0.000149226,1.69367,0.00945001,1.17918,1.85052
6.77789e+06,0.00013225,1.69367,0.00945006,1.19473,1.84628
6.77793e+06,0.000115368,1.69367,0.00945009,1.20701,1.84531
6.77796e+06,9.85857e-05,1.69367,0.00945012,1.21432,1.84932
6.778e+06,8.19178e-05,1.69367,0.00945014,1.21362,1.86134
6.77802e+06,6.53996e-05,1.69367,0.00945016,1.19883,1.88743
6.77804e+06,4.91213e-05,1.69367,0.00945017,1.15606,1.94152
6.77806e+06,3.33588e-05,1.69367,0.00945017,1.04586,2.06304
6.77807e+06,1.93037e-05,1.69367,0.00945018,0.717251,2.40296
6.77808e+06,1.37498e-05,1.69367,0.00945018,6.02217,3.39253
6.77808e+06,2.3658e-05,1.69367,0.00945018,5.29058,4.13544
6.77808e+06,3.85109e-05,1.69367,0.00945018,5.07009,4.36724
6.77807e+06,5.43938e-05,1.69367,0.00945018,4.99075,4.4579
6.77806e+06,7.06176e-05,1.69367,0.00945018,4.96012,4.49984
6.77804e+06,8.69993e-05,1.69367,0.00945019,4.95131,4.51996
6.77802e+06,0.000103475,1.69367,0.0094502,4.95404,4.52855
6.77799e+06,0.000120018,1.69367,0.00945022,4.96357,4.53033
6.77796e+06,0.000136619,1.69367,0.00945024,4.97742,4.52779
6.77792e+06,0.000153275,1.69367,0.00945027,4.9942,4.52233
6.77788e+06,0.000169986,1.69367,0.00945031,5.01302,4.51482
6.77783e+06,0.000186755,1.69367,0.00945035,5.03333,4.50583
6.77778e+06,0.000203586,1.69367,0.00945041,5.05473,4.49574
6.77772e+06,0.000220483,1.69367,0.00945048,5.07697,4.48481
6.77766e+06,0.00023745,1.69367,0.00945056,5.09985,4.47324
6.7776e+06,0.000254492,1.69367,0.00945065,5.12323,4.46118
6.77753e+06,0.000271613,1.69367,0.00945076,5.14699,4.44874
6.77745e+06,0.000288818,1.69367,0.00945088,5.17104,4.43599
6.77737e+06,0.000306111,1.69367,0.00945102,5.19533,4.42302
6.77729e+06,0.000323496,1.69367,0.00945118,5.21978,4.40988
6.7772e+06,0.000340978,1.69368,0.00945135,5.24437,4.39661
6.7771e+06,0.000358559,1.69368,0.00945155,5.26905,4.38324
6.77701e+06,0.000376243,1.69368,0.00945176,5.29379,4.36981
6.7769e+06,0.000394034,1.69368,0.00945199,5.31857,4.35635
6.7768e+06,0.000411933,1.69368,0.00945225,5.34336,4.34288
6.77669e+06,0.000429943,1.69368,0.00945253,5.36814,4.32941
6.77657e+06,0.000448066,1.69368,0.00945283,5.3929,4.31596
6.77645e+06,0.000466304,1.69368,0.00945315,5.41762,4.30256
6.77633e+06,0.000484659,1.69368,0.00945351,5.44229,4.2892
6.7762e+06,0.00050313,1.69368,0.00945388,5.4669,4.2759
6.77607e+06,0.000521719,1.69369,0.00945429,5.49144,4.26268
6.77594e+06,0.000540427,1.69369,0.00945472,5.5159,4.24953
6.7758e+06,0.000559252,1.69369,0.00945518,5.54027,4.23647
6.77566e+06,0.000578194,1.69369,0.00945567,5.56455,4.2235
6.77551e+06,0.000597253,1.69369,0.00945618,5.58874,4.21063
6.77536e+06,0.000616428,1.69369,0.00945673,5.61281,4.19787
6.77521e+06,0.000635716,1.69369,0.00945732,5.63678,4.18521
6.77505e+06,0.000655116,1.6937,0.00945793,5.66064,4.17267
6.77489e+06,0.000674625,1.6937,0.00945858,5.68438,4.16024
6.77473e+06,0.000694241,1.6937,0.00945926,5.708,4.14794
6.77456e+06,0.000713961,1.6937,0.00945997,5.7315,4.13575
6.77439e+06,0.000733782,1.6937,0.00946072,5.75488,4.12368
6.77422e+06,0.000753699,1.6937,0.0094615,5.77813,4.11175
6.77405e+06,0.000773709,1.6937,0.00946233,5.80126,4.09993
6.77387e+06,0.000793808,1.69371,0.00946318,5.82426,4.08825
6.77369e+06,0.00081399,1.69371,0.00946408,5.84713,4.07669
6.7735e+06,0.000834252,1.69371,0.00946501,5.86987,4.06527
6.77332e+06,0.000854586,1.69371,0.00946599,5.89248,4.05397
6.77313e+06,0.000874989,1.69371,0.009467,5.91496,4.04281
6.77294e+06,0.000895454,1.69371,0.00946805,5.93731,4.03177
6.77274e+06,0.000915976,1.69372,0.00946914,5.95953,4.02086
6.77255e+06,0.000936546,1.69372,0.00947027,5.98162,4.01009
6.77235e+06,0.000957161,1.69372,0.00947144,6.00358,3.99944
6.77215e+06,0.000977811,1.69372,0.00947266,6.02542,3.98892
6.77195e+06,0.00099849,1.69372,0.00947391,6.04712,3.97853
6.77175e+06,0.00101919,1.69373,0.00947521,6.0687,3.96826
6.77154e+06,0.00103991,1.69373,0.00947655,6.09015,3.95812
6.77133e+06,0.00106063,1.69373,0.00947793,6.11148,3.94811
6.77113e+06,0.00108135,1.69373,0.00947936,6.13269,3.93822
6.77092e+06,0.00110206,1.69373,0.00948083,6.15377,3.92845
6.77071e+06,0.00112275,1.69373,0.00948234,6.17473,3.9188
6.7705e+06,0.00114342,1.69374,0.0094839,6.19557,3.90928
6.77028e+06,0.00116405,1.69374,0.0094855,6.21629,3.89987
6.77007e+06,0.00118464,1.69374,0.00948715,6.2369,3.89058
6.76985e+06,0.00120517,1.69374,0.00948884,6.25739,3.88141
6.76964e+06,0.00122564,1.69374,0.00949058,6.27776,3.87235
6.76942e+06,0.00124604,1.69375,0.00949236,0.0148359,3.8634
6.76921e+06,0.00126636,1.69375,0.00949419,0.0349864,3.85456
6.76899e+06,0.00128659,1.69375,0.00949606,0.0550273,3.84584
6.76877e+06,0.00130672,1.69375,0.00949798,0.0749602,3.83722
6.76856e+06,0.00132674,1.69375,0.00949994,0.0947868,3.82871
6.76834e+06,0.00134664,1.69376,0.00950195,0.114509,3.8203
6.76812e+06,0.00136642,1.69376,0.009504,0.134127,3.812
6.76791e+06,0.00138605,1.69376,0.0095061,0.153645,3.80379
6.76769e+06,0.00140554,1.69376,0.00950824,0.173062,3.79569
6.76747e+06,0.00142486,1.69376,0.00951043,0.192382,3.78769
6.76726e+06,0.00144402,1.69377,0.00951266,0.211605,3.77978
6.76704e+06,0.001463,1.69377,0.00951494,0.230733,3.77197
6.76683e+06,0.00148179,1.69377,0.00951727,0.249769,3.76425
6.76662e+06,0.00150039,1.69377,0.00951964,0.268712,3.75662
6.7664e+06,0.00151877,1.69377,0.00952205,0.287566,3.74908
6.76619e+06,0.00153694,1.69378,0.00952451,0.306332,3.74163
6.76598e+06,0.00155487,1.69378,0.00952701,0.325012,3.73426
6.76577e+06,0.00157257,1.69378,0.00952955,0.343606,3.72698
6.76557e+06,0.00159002,1.69378,0.00953214,0.362117,3.71979
6.76536e+06,0.00160722,1.69378,0.00953478,0.380546,3.71267
6.76516e+06,0.00162414,1.69379,0.00953745,0.398895,3.70564
6.76495e+06,0.00164079,1.69379,0.00954017,0.417166,3.69869
6.76475e+06,0.00165715,1.69379,0.00954293,0.43536,3.69181
6.76456e+06,0.00167321,1.69379,0.00954573,0.453478,3.685
6.76436e+06,0.00168896,1.69379,0.00954857,0.471522,3.67828
6.76416e+06,0.0017044,1.69379,0.00955146,0.489494,3.67162
6.76397e+06,0.00171951,1.6938,0.00955438,0.507395,3.66504
6.76378e+06,0.00173429,1.6938,0.00955735,0.525226,3.65852
6.76359e+06,0.00174872,1.6938,0.00956035,0.54299,3.65207
6.76341e+06,0.00176281,1.6938,0.0095634,0.560686,3.64569
6.76323e+06,0.00177652,1.6938,0.00956648,0.578318,3.63938
6.76305e+06,0.00178987,1.69381,0.0095696,0.595886,3.63312
6.76287e+06,0.00180284,1.69381,0.00957276,0.613392,3.62693
6.76269e+06,0.00181542,1.69381,0.00957595,0.630837,3.62081
6.76252e+06,0.0018276,1.69381,0.00957919,0.648223,3.61474
6.76235e+06,0.00183938,1.69381,0.00958245,0.66555,3.60873
6.76219e+06,0.00185074,1.69381,0.00958575,0.68282,3.60277
6.76203e+06,0.00186169,1.69381,0.00958909,0.700036,3.59687
6.76187e+06,0.0018722,1.69382,0.00959246,0.717196,3.59103
6.76171e+06,0.00188228,1.69382,0.00959586,0.734304,3.58524
6.76156e+06,0.00189192,1.69382,0.0095993,0.751361,3.5795
6.76141e+06,0.00190111,1.69382,0.00960276,0.768367,3.57381
6.76127e+06,0.00190983,1.69382,0.00960626,0.785325,3.56817
6.76113e+06,0.0019181,1.69382,0.00960979,0.802234,3.56258
6.76099e+06,0.00192589,1.69382,0.00961335,0.819097,3.55703
6.76086e+06,0.0019332,1.69383,0.00961693,0.835915,3.55153
6.76073e+06,0.00194003,1.69383,0.00962054,0.852689,3.54607
6.7606e+06,0.00194637,1.69383,0.00962418,0.869419,3.54066
6.76048e+06,0.00195221,1.69383,0.00962785,0.886109,3.53529
6.76036e+06,0.00195756,1.69383,0.00963154,0.902758,3.52996
6.76025e+06,0.00196239,1.69383,0.00963525,0.919368,3.52466
6.76014e+06,0.00196672,1.69383,0.00963899,0.935939,3.51941
6.76004e+06,0.00197053,1.69383,0.00964275,0.952474,3.51419
6.75994e+06,0.00197382,1.69383,0.00964653,0.968973,3.50901
6.75984e+06,0.00197658,1.69383,0.00965034,0.985438,3.50387
6.75975e+06,0.00197881,1.69384,0.00965416,1.00187,3.49875
6.75966e+06,0.00198051,1.69384,0.009658,1.01827,3.49367
6.75958e+06,0.00198167,1.69384,0.00966186,1.03464,3.48862
6.7595e+06,0.00198229,1.69384,0.00966573,1.05098,3.4836
6.75943e+06,0.00198237,1.69384,0.00966963,1.06729,3.47861
6.75936e+06,0.0019819,1.69384,0.00967353,1.08357,3.47365
6.75929e+06,0.00198088,1.69384,0.00967745,1.09983,3.46871
6.75924e+06,0.00197931,1.69384,0.00968139,1.11606,3.4638
6.75918e+06,0.00197719,1.69384,0.00968533,1.13227,3.45891
6.75913e+06,0.00197451,1.69384,0.00968929,1.14845,3.45404
6.75909e+06,0.00197128,1.69384,0.00969326,1.16461,3.4492
6.75905e+06,0.00196748,1.69384,0.00969723,1.18076,3.44437
6.75901e+06,0.00196313,1.69384,0.00970122,1.19688,3.43957
6.75898e+06,0.00195822,1.69384,0.00970521,1.21299,3.43478
6.75895e+06,0.00195275,1.69384,0.0097092,1.22908,3.43001
6.75893e+06,0.00194671,1.69384,0.0097132,1.24515,3.42526
6.75892e+06,0.00194012,1.69384,0.00971721,1.26122,3.42051
6.75891e+06,0.00193297,1.69384,0.00972122,1.27726,3.41579
6.7589e+06,0.00192526,1.69384,0.00972523,1.2933,3.41107
6.7589e+06,0.00191699,1.69384,0.00972924,1.30933,3.40636
6.7589e+06,0.00190816,1.69384,0.00973325,1.32535,3.40166
6.75891e+06,0.00189878,1.69384,0.00973726,1.34136,3.39697
6.75892e+06,0.00188885,1.69384,0.00974127,1.35737,3.39229
6.75894e+06,0.00187836,1.69384,0.00974527,1.37337,3.3876
6.75897e+06,0.00186733,1.69384,0.00974927,1.38937,3.38292
6.75899e+06,0.00185575,1.69384,0.00975326,1.40537,3.37825
6.75903e+06,0.00184362,1.69384,0.00975725,1.42137,3.37357
6.75906e+06,0.00183096,1.69384,0.00976123,1.43737,3.36889
6.75911e+06,0.00181776,1.69384,0.0097652,1.45338,3.3642
6.75915e+06,0.00180402,1.69384,0.00976917,1.46939,3.35951
6.75921e+06,0.00178976,1.69384,0.00977312,1.48541,3.35481
6.75926e+06,0.00177497,1.69384,0.00977706,1.50145,3.3501
6.75933e+06,0.00175967,1.69384,0.00978099,1.51749,3.34538
6.75939e+06,0.00174385,1.69384,0.0097849,1.53355,3.34065
6.75946e+06,0.00172752,1.69384,0.0097888,1.54962,3.3359
6.75954e+06,0.00171068,1.69384,0.00979269,1.56571,3.33113
6.75962e+06,0.00169335,1.69384,0.00979655,1.58182,3.32634
6.7597e+06,0.00167552,1.69384,0.0098004,1.59796,3.32152
6.75979e+06,0.00165721,1.69383,0.00980424,1.61412,3.31668
6.75989e+06,0.00163842,1.69383,0.00980805,1.63032,3.31181
6.75999e+06,0.00161916,1.69383,0.00981184,1.64654,3.30691
6.76009e+06,0.00159943,1.69383,0.00981562,1.6628,3.30198
6.7602e+06,0.00157924,1.69383,0.00981937,1.6791,3.297
6.76031e+06,0.00155861,1.69383,0.00982309,1.69544,3.29198
6.76042e+06,0.00153753,1.69383,0.0098268,1.71183,3.28692
6.76054e+06,0.00151601,1.69383,0.00983048,1.72826,3.28181
6.76067e+06,0.00149407,1.69383,0.00983413,1.74475,3.27664
6.76079e+06,0.00147171,1.69383,0.00983776,1.76131,3.27142
6.76092e+06,0.00144895,1.69382,0.00984136,1.77792,3.26613
6.76106e+06,0.00142578,1.69382,0.00984493,1.7946,3.26077
6.7612e+06,0.00140222,1.69382,0.00984847,1.81136,3.25533
6.76134e+06,0.00137829,1.69382,0.00985198,1.8282,3.24982
6.76149e+06,0.00135398,1.69382,0.00985547,1.84513,3.24422
6.76164e+06,0.00132931,1.69382,0.00985892,1.86215,3.23852
6.76179e+06,0.00130429,1.69382,0.00986234,1.87927,3.23272
6.76195e+06,0.00127893,1.69381,0.00986573,1.89651,3.22682
6.76211e+06,0.00125325,1.69381,0.00986908,1.91386,3.22079
6.76228e+06,0.00122724,1.69381,0.0098724,1.93135,3.21463
6.76244e+06,0.00120094,1.69381,0.00987568,1.94897,3.20833
6.76261e+06,0.00117433,1.69381,0.00987893,1.96675,3.20188
6.76279e+06,0.00114745,1.69381,0.00988215,1.9847,3.19526
6.76296e+06,0.00112029,1.69381,0.00988533,2.00282,3.18846
6.76314e+06,0.00109288,1.6938,0.00988847,2.02114,3.18147
6.76332e+06,0.00106522,1.6938,0.00989157,2.03968,3.17426
6.76351e+06,0.00103733,1.6938,0.00989463,2.05844,3.16682
6.76369e+06,0.00100922,1.6938,0.00989766,2.07747,3.15912
6.76388e+06,0.000980914,1.6938,0.00990064,2.09677,3.15115
6.76408e+06,0.000952413,1.6938,0.00990359,2.11638,3.14286
6.76427e+06,0.000923737,1.69379,0.00990649,2.13633,3.13424
6.76447e+06,0.000894901,1.69379,0.00990936,2.15665,3.12525
6.76467e+06,0.00086592,1.69379,0.00991218,2.17738,3.11585
6.76487e+06,0.000836811,1.69379,0.00991496,2.19857,3.10599
6.76507e+06,0.00080759,1.69379,0.0099177,2.22027,3.09562
6.76527e+06,0.000778275,1.69378,0.0099204,2.24253,3.08469
6.76548e+06,0.000748885,1.69378,0.00992305,2.26542,3.07312
6.76568e+06,0.000719438,1.69378,0.00992566,2.28903,3.06084
6.76589e+06,0.000689956,1.69378,0.00992823,2.31344,3.04776
6.7661e+06,0.00066046,1.69378,0.00993075,2.33876,3.03377
6.76631e+06,0.000630975,1.69377,0.00993323,2.36512,3.01874
6.76653e+06,0.000601525,1.69377,0.00993566,2.39265,3.00254
6.76674e+06,0.00057214,1.69377,0.00993805,2.42155,2.98497
6.76696e+06,0.000542851,1.69377,0.0099404,2.45202,2.96583
6.76717e+06,0.000513693,1.69377,0.0099427,2.48431,2.94487
6.76739e+06,0.000484709,1.69377,0.00994495,2.51875,2.92176
6.7676e+06,0.000455944,1.69376,0.00994716,2.55571,2.89613
6.76782e+06,0.000427456,1.69376,0.00994933,2.59566,2.86751
6.76804e+06,0.000399313,1.69376,0.00995145,2.6392,2.8353
6.76825e+06,0.000371596,1.69376,0.00995352,2.68707,2.79876
6.76847e+06,0.000344411,1.69376,0.00995555,2.74018,2.75698
6.76869e+06,0.000317887,1.69375,0.00995753,2.79973,2.70876
6.76891e+06,0.000292196,1.69375,0.00995947,2.86719,2.65263
6.76912e+06,0.000267559,1.69375,0.00996136,2.94444,2.58672
6.76934e+06,0.000244269,1.69375,0.00996321,3.03375,2.50874
6.76956e+06,0.000222714,1.69375,0.00996501,3.1378,2.41602
6.76977e+06,0.0002034,1.69374,0.00996677,3.25943,2.30572
6.76999e+06,0.000186962,1.69374,0.00996848,3.40101,2.17547
6.7702e+06,0.000174146,1.69374,0.00997015,3.56327,2.02454
6.77042e+06,0.000165708,1.69374,0.00997177,3.74365,1.85549
6.77063e+06,0.000162238,1.69374,0.00997335,3.93518,1.67529
6.77084e+06,0.000163948,1.69373,0.00997488,4.12739,1.49442
6.77105e+06,0.000170574,1.69373,0.00997637,4.30955,1.32359
6.77126e+06,0.000181472,1.69373,0.00997781,4.47418,1.17029
6.77147e+06,0.000195822,1.69373,0.00997921,4.61823,1.03758
6.77168e+06,0.000212824,1.69373,0.00998057,4.74212,0.925024
6.77188e+06,0.000231793,1.69372,0.00998189,4.8481,0.830375
6.77208e+06,0.000252189,1.69372,0.00998316,4.939,0.75081
6.77229e+06,0.000273599,1.69372,0.00998439,5.01752,0.683617
6.77248e+06,0.000295711,1.69372,0.00998558,5.08601,0.62646
6.77268e+06,0.000318293,1.69372,0.00998673,5.14638,0.577425
6.77288e+06,0.000341166,1.69372,0.00998784,5.20015,0.534985
6.77307e+06,0.000364194,1.69371,0.0099889,5.24854,0.497929
6.77326e+06,0.000387271,1.69371,0.00998993,5.29251,0.465299
6.77345e+06,0.000410311,1.69371,0.00999092,5.3328,0.436338
6.77363e+06,0.000433247,1.69371,0.00999187,5.37004,0.410439
6.77382e+06,0.000456023,1.69371,0.00999278,5.40469,0.387119
6.774e+06,0.000478592,1.6937,0.00999365,5.43716,0.365984
6.77417e+06,0.000500914,1.6937,0.00999448,5.46776,0.346714
6.77435e+06,0.000522956,1.6937,0.00999528,5.49676,0.329048
6.77452e+06,0.000544687,1.6937,0.00999605,5.52438,0.312768
6.77469e+06,0.000566083,1.6937,0.00999677,5.55079,0.297693
6.77485e+06,0.000587118,1.6937,0.00999747,5.57614,0.283672
6.77501e+06,0.000607773,1.6937,0.00999812,5.60058,0.270576
6.77517e+06,0.000628028,1.69369,0.00999875,5.62419,0.258298
6.77533e+06,0.000647866,1.69369,0.00999934,5.64708,0.246743
6.77548e+06,0.000667271,1.69369,0.0099999,5.66932,0.235834
6.77563e+06,0.000686228,1.69369,0.0100004,5.69099,0.2255
6.77577e+06,0.000704723,1.69369,0.0100009,5.71215,0.215681
6.77591e+06,0.000722742,1.69369,0.0100014,5.73284,0.206326
6.77605e+06,0.000740275,1.69369,0.0100018,5.75311,0.19739
6.77618e+06,0.000757308,1.69368,0.0100023,5.773,0.188831
6.77631e+06,0.000773832,1.69368,0.0100026,5.79255,0.180614
6.77643e+06,0.000789835,1.69368,0.010003,5.81179,0.172709
6.77655e+06,0.000805308,1.69368,0.0100033,5.83075,0.165086
6.77667e+06,0.000820243,1.69368,0.0100036,5.84945,0.15772
6.77678e+06,0.000834629,1.69368,0.0100039,5.86792,0.15059
6.77689e+06,0.000848459,1.69368,0.0100042,5.88617,0.143675
6.77699e+06,0.000861724,1.69368,0.0100044,5.90423,0.136957
6.77709e+06,0.000874418,1.69368,0.0100047,5.9221,0.130418
6.77719e+06,0.000886533,1.69368,0.0100049,5.93981,0.124045
6.77728e+06,0.000898062,1.69367,0.010005,5.95737,0.117823
6.77737e+06,0.000908999,1.69367,0.0100052,5.97479,0.111739
6.77745e+06,0.000919339,1.69367,0.0100053,5.99208,0.105783
6.77752e+06,0.000929074,1.69367,0.0100055,6.00926,0.0999423
6.7776e+06,0.000938201,1.69367,0.0100056,6.02633,0.0942084
6.77766e+06,0.000946714,1.69367,0.0100057,6.0433,0.0885718
6.77773e+06,0.000954608,1.69367,0.0100058,6.06018,0.0830237
6.77778e+06,0.00096188,1.69367,0.0100058,6.07699,0.0775563
6.77784e+06,0.000968525,1.69367,0.0100059,6.09372,0.0721621
6.77788e+06,0.000974539,1.69367,0.0100059,6.11038,0.0668338
6.77793e+06,0.000979921,1.69367,0.010006,6.12699,0.0615648
6.77797e+06,0.000984666,1.69367,0.010006,6.14354,0.0563487
6.778e+06,0.000988772,1.69367,0.010006,6.16005,0.0511793
6.77803e+06,0.000992238,1.69367,0.0100061,6.17651,0.0460509
6.77805e+06,0.00099506,1.69367,0.0100061,6.19294,0.0409578
6.77807e+06,0.000997237,1.69367,0.0100061,6.20934,0.0358945
6.77809e+06,0.000998769,1.69367,0.0100061,6.22572,0.0308556
6.7781e+06,0.000999653,1.69367,0.0100061,6.24207,0.025836
6.7781e+06,0.000999891,1.69367,0.0100061,6.25841,0.0208305
6.7781e+06,0.00099948,1.69367,0.0100061,6.27475,0.0158341
6.77809e+06,0.000998422,1.69367,0.0100061,0.00788944,0.0108416
6.77808e+06,0.000996716,1.69367,0.0100061,0.0242194,0.00584812
6.77807e+06,0.000994364,1.69367,0.0100061,0.0405554,0.000848448
6.77805e+06,0.000991366,1.69367,0.0100061,0.0569027,6.27902
6.77802e+06,0.000987724,1.69367,0.0100061,0.0732665,6.274
6.77799e+06,0.000983439,1.69367,0.0100061,0.0896522,6.26895
6.77796e+06,0.000978514,1.69367,0.0100062,0.106065,6.26387
6.77792e+06,0.00097295,1.69367,0.0100062,0.122511,6.25876
6.77787e+06,0.000966751,1.69367,0.0100062,0.138996,6.25361
6.77782e+06,0.000959918,1.69367,0.0100063,0.155526,6.24842
6.77777e+06,0.000952456,1.69367,0.0100063,0.172107,6.24317
6.77771e+06,0.000944369,1.69367,0.0100064,0.188747,6.23787
6.77764e+06,0.000935659,1.69367,0.0100065,0.205452,6.2325
6.77757e+06,0.000926332,1.69367,0.0100066,0.222231,6.22706
6.7775e+06,0.000916391,1.69367,0.0100067,0.23909,6.22153
6.77742e+06,0.000905843,1.69367,0.0100069,0.25604,6.21592
6.77734e+06,0.000894691,1.69367,0.010007,0.273089,6.21021
6.77725e+06,0.000882942,1.69368,0.0100072,0.290249,6.20438
6.77716e+06,0.000870602,1.69368,0.0100074,0.307529,6.19844
6.77706e+06,0.000857677,1.69368,0.0100076,0.324942,6.19236
6.77696e+06,0.000844174,1.69368,0.0100078,0.342501,6.18614
6.77686e+06,0.000830099,1.69368,0.010008,0.360221,6.17975
6.77675e+06,0.00081546,1.69368,0.0100083,0.378118,6.17319
6.77664e+06,0.000800265,1.69368,0.0100086,0.39621,6.16644
6.77652e+06,0.000784522,1.69368,0.0100089,0.414516,6.15947
6.7764e+06,0.000768239,1.69368,0.0100093,0.433058,6.15226
6.77627e+06,0.000751426,1.69368,0.0100096,0.451862,6.14479
6.77614e+06,0.000734092,1.69369,0.01001,0.470954,6.13703
6.77601e+06,0.000716248,1.69369,0.0100104,0.490367,6.12896
6.77587e+06,0.000697903,1.69369,0.0100109,0.510135,6.12052
6.77573e+06,0.000679068,1.69369,0.0100114,0.5303,6.11169
6.77558e+06,0.000659756,1.69369,0.0100119,0.550908,6.10242
6.77543e+06,0.000639979,1.69369,0.0100124,0.572013,6.09265
6.77528e+06,0.000619751,1.69369,0.010013,0.593676,6.08232
6.77512e+06,0.000599084,1.69369,0.0100136,0.61597,6.07136
6.77496e+06,0.000577996,1.6937,0.0100142,0.638978,6.05969
6.7748e+06,0.000556502,1.6937,0.0100149,0.662802,6.0472
6.77464e+06,0.000534621,1.6937,0.0100156,0.687559,6.03378
6.77447e+06,0.000512372,1.6937,0.0100163,0.713389,6.01928
6.77429e+06,0.000489777,1.6937,0.0100171,0.740464,6.00354
6.77412e+06,0.000466863,1.6937,0.0100179,0.768989,5.98635
6.77394e+06,0.000443657,1.69371,0.0100188,0.799217,5.96745
6.77376e+06,0.000420193,1.69371,0.0100197,0.83146,5.94654
6.77358e+06,0.00039651,1.69371,0.0100206,0.866109,5.92323
6.77339e+06,0.000372655,1.69371,0.0100215,0.903657,5.89701
6.7732e+06,0.000348686,1.69371,0.0100225,0.94473,5.86727
6.77301e+06,0.000324677,1.69371,0.0100236,0.990141,5.8332
6.77282e+06,0.00030072,1.69372,0.0100247,1.04095,5.79373
6.77262e+06,0.000276937,1.69372,0.0100258,1.09854,5.74747
6.77242e+06,0.000253494,1.69372,0.0100269,1.16477,5.69256
6.77222e+06,0.000230618,1.69372,0.0100281,1.24211,5.62656
6.77202e+06,0.000208624,1.69372,0.0100294,1.33382,5.54618
6.77182e+06,0.000187963,1.69372,0.0100307,1.44407,5.44727
6.77161e+06,0.000169273,1.69373,0.010032,1.57782,5.32485
6.77141e+06,0.000153432,1.69373,0.0100334,1.73993,5.17407
6.7712e+06,0.00014156,1.69373,0.0100348,1.93277,4.99257
6.77099e+06,0.00013487,1.69373,0.0100362,2.15213,4.78453
6.77078e+06,0.00013429,1.69373,0.0100377,2.38441,4.56358
6.77057e+06,0.000140028,1.69374,0.0100393,2.61005,4.34928
6.77035e+06,0.000151483,1.69374,0.0100409,2.81264,4.15802
6.77014e+06,0.00016758,1.69374,0.0100425,2.98496,3.99703
6.76992e+06,0.000187201,1.69374,0.0100442,3.12769,3.86563
6.76971e+06,0.00020942,1.69374,0.0100459,3.2452,3.75946
6.76949e+06,0.000233545,1.69375,0.0100477,3.34258,3.67341
6.76928e+06,0.000259082,1.69375,0.0100495,3.4243,3.60301
6.76906e+06,0.000285681,1.69375,0.0100514,3.49393,3.54472
6.76884e+06,0.000313092,1.69375,0.0100533,3.55417,3.4958
6.76862e+06,0.000341135,1.69375,0.0100552,3.60707,3.45424
6.76841e+06,0.000369675,1.69376,0.0100572,3.65415,3.41849
6.76819e+06,0.000398609,1.69376,0.0100593,3.69656,3.3874
6.76797e+06,0.000427857,1.69376,0.0100613,3.73521,3.36009
6.76775e+06,0.000457356,1.69376,0.0100635,3.77076,3.33587
6.76754e+06,0.000487054,1.69376,0.0100657,3.80376,3.3142
6.76732e+06,0.000516906,1.69377,0.0100679,3.83462,3.29467
6.76711e+06,0.000546875,1.69377,0.0100701,3.86367,3.27694
6.76689e+06,0.000576929,1.69377,0.0100725,3.8912,3.26075
6.76668e+06,0.000607039,1.69377,0.0100748,3.91742,3.24586
6.76646e+06,0.000637179,1.69377,0.0100772,3.94251,3.2321
6.76625e+06,0.000667326,1.69378,0.0100797,3.96662,3.21931
6.76604e+06,0.000697456,1.69378,0.0100822,3.98988,3.20739
6.76583e+06,0.000727551,1.69378,0.0100847,4.01238,3.19621
6.76562e+06,0.00075759,1.69378,0.0100873,4.03423,3.18569
6.76542e+06,0.000787555,1.69378,0.0100899,4.0555,3.17575
6.76521e+06,0.00081743,1.69379,0.0100926,4.07624,3.16633
6.76501e+06,0.000847197,1.69379,0.0100953,4.09652,3.15738
6.76481e+06,0.00087684,1.69379,0.010098,4.11639,3.14884
6.76461e+06,0.000906344,1.69379,0.0101008,4.13588,3.14068
6.76441e+06,0.000935693,1.69379,0.0101037,4.15504,3.13285
6.76421e+06,0.000964874,1.69379,0.0101065,4.17389,3.12532
6.76402e+06,0.000993871,1.6938,0.0101095,4.19247,3.11807
6.76383e+06,0.00102267,1.6938,0.0101124,4.2108,3.11106
6.76364e+06,0.00105126,1.6938,0.0101154,4.22891,3.10429
6.76345e+06,0.00107963,1.6938,0.0101184,4.2468,3.09772
6.76327e+06,0.00110775,1.6938,0.0101215,4.2645,3.09134
6.76309e+06,0.00113563,1.6938,0.0101246,4.28204,3.08514
6.76291e+06,0.00116325,1.69381,0.0101278,4.29941,3.07909
6.76273e+06,0.00119059,1.69381,0.010131,4.31664,3.07319
6.76256e+06,0.00121764,1.69381,0.0101342,4.33373,3.06742
6.76239e+06,0.0012444,1.69381,0.0101375,4.3507,3.06178
6.76223e+06,0.00127084,1.69381,0.0101408,4.36755,3.05625
6.76206e+06,0.00129697,1.69381,0.0101441,4.3843,3.05082
6.7619e+06,0.00132276,1.69382,0.0101474,4.40096,3.0455
6.76175e+06,0.00134821,1.69382,0.0101508,4.41752,3.04026
6.7616e+06,0.0013733,1.69382,0.0101543,4.434,3.0351
6.76145e+06,0.00139803,1.69382,0.0101577,4.45041,3.03002
6.7613e+06,0.00142238,1.69382,0.0101612,4.46675,3.025
6.76116e+06,0.00144636,1.69382,0.0101647,4.48302,3.02006
6.76102e+06,0.00146993,1.69382,0.0101683,4.49923,3.01517
6.76089e+06,0.00149311,1.69382,0.0101719,4.51539,3.01034
6.76076e+06,0.00151587,1.69383,0.0101755,4.53149,3.00555
6.76063e+06,0.00153821,1.69383,0.0101791,4.54755,3.00082
6.76051e+06,0.00156011,1.69383,0.0101828,4.56357,2.99612
6.76039e+06,0.00158158,1.69383,0.0101865,4.57955,2.99147
6.76027e+06,0.00160261,1.69383,0.0101902,4.59549,2.98685
6.76016e+06,0.00162317,1.69383,0.0101939,4.6114,2.98226
6.76006e+06,0.00164328,1.69383,0.0101977,4.62728,2.97771
6.75996e+06,0.00166291,1.69383,0.0102014,4.64313,2.97318
6.75986e+06,0.00168207,1.69383,0.0102052,4.65896,2.96867
6.75977e+06,0.00170074,1.69383,0.0102091,4.67476,2.96419
6.75968e+06,0.00171893,1.69384,0.0102129,4.69055,2.95972
6.7596e+06,0.00173661,1.69384,0.0102168,4.70632,2.95528
6.75952e+06,0.00175379,1.69384,0.0102206,4.72207,2.95085
6.75944e+06,0.00177046,1.69384,0.0102245,4.73781,2.94643
6.75937e+06,0.00178662,1.69384,0.0102284,4.75354,2.94202
6.75931e+06,0.00180225,1.69384,0.0102323,4.76926,2.93762
6.75925e+06,0.00181736,1.69384,0.0102363,4.78497,2.93323
6.75919e+06,0.00183194,1.69384,0.0102402,4.80068,2.92885
6.75914e+06,0.00184599,1.69384,0.0102442,4.81638,2.92447
6.7591e+06,0.00185949,1.69384,0.0102481,4.83208,2.92009
6.75905e+06,0.00187245,1.69384,0.0102521,4.84778,2.91571
6.75902e+06,0.00188487,1.69384,0.0102561,4.86348,2.91133
6.75899e+06,0.00189673,1.69384,0.0102601,4.87918,2.90695
6.75896e+06,0.00190804,1.69384,0.0102641,4.89488,2.90257
6.75894e+06,0.00191879,1.69384,0.0102681,4.91059,2.89818
6.75892e+06,0.00192899,1.69384,0.0102721,4.92631,2.89379
6.75891e+06,0.00193862,1.69384,0.0102761,4.94203,2.88938
6.7589e+06,0.00194769,1.69384,0.0102801,4.95776,2.88497
6.7589e+06,0.0019562,1.69384,0.0102841,4.9735,2.88056
6.7589e+06,0.00196414,1.69384,0.0102881,4.98925,2.87612
6.75891e+06,0.00197151,1.69384,0.0102921,5.00501,2.87168
6.75892e+06,0.00197831,1.69384,0.0102961,5.02078,2.86723
6.75894e+06,0.00198455,1.69384,0.0103001,5.03657,2.86275
6.75896e+06,0.00199021,1.69384,0.0103041,5.05238,2.85827
6.75899e+06,0.00199531,1.69384,0.0103081,5.0682,2.85377
6.75902e+06,0.00199983,1.69384,0.0103121,5.08404,2.84924
6.75906e+06,0.00200379,1.69384,0.0103161,5.0999,2.84471
6.7591e+06,0.00200718,1.69384,0.0103201,5.11578,2.84015
6.75915e+06,0.00201,1.69384,0.010324,5.13168,2.83557
6.7592e+06,0.00201226,1.69384,0.010328,5.1476,2.83096
6.75925e+06,0.00201395,1.69384,0.0103319,5.16354,2.82634
6.75931e+06,0.00201508,1.69384,0.0103359,5.17951,2.82169
6.75938e+06,0.00201565,1.69384,0.0103398,5.1955,2.81701
6.75945e+06,0.00201567,1.69384,0.0103437,5.21152,2.81231
6.75952e+06,0.00201513,1.69384,0.0103476,5.22757,2.80758
6.7596e+06,0.00201403,1.69384,0.0103514,5.24364,2.80283
6.75969e+06,0.00201239,1.69384,0.0103553,5.25974,2.79804
6.75978e+06,0.0020102,1.69383,0.0103591,5.27588,2.79322
6.75987e+06,0.00200747,1.69383,0.0103629,5.29204,2.78838
6.75997e+06,0.00200421,1.69383,0.0103667,5.30824,2.7835
6.76007e+06,0.00200041,1.69383,0.0103705,5.32447,2.77858
6.76017e+06,0.00199608,1.69383,0.0103743,5.34074,2.77363
6.76028e+06,0.00199123,1.69383,0.010378,5.35704,2.76865
6.7604e+06,0.00198586,1.69383,0.0103817,5.37337,2.76363
6.76052e+06,0.00197997,1.69383,0.0103854,5.38975,2.75857
6.76064e+06,0.00197358,1.69383,0.010389,5.40616,2.75348
6.76077e+06,0.00196668,1.69383,0.0103927,5.42262,2.74834
6.7609e+06,0.00195929,1.69382,0.0103963,5.43911,2.74316
6.76103e+06,0.0019514,1.69382,0.0103999,5.45564,2.73794
6.76117e+06,0.00194303,1.69382,0.0104034,5.47222,2.73268
6.76131e+06,0.00193419,1.69382,0.0104069,5.48885,2.72738
6.76146e+06,0.00192487,1.69382,0.0104104,5.50551,2.72202
6.76161e+06,0.00191509,1.69382,0.0104139,5.52223,2.71663
6.76176e+06,0.00190484,1.69382,0.0104173,5.53899,2.71118
6.76192e+06,0.00189415,1.69382,0.0104207,5.5558,2.70569
6.76208e+06,0.00188302,1.69381,0.010424,5.57266,2.70014
6.76224e+06,0.00187145,1.69381,0.0104274,5.58957,2.69455
6.7624e+06,0.00185946,1.69381,0.0104307,5.60654,2.6889
6.76257e+06,0.00184704,1.69381,0.0104339,5.62355,2.6832
6.76275e+06,0.00183422,1.69381,0.0104371,5.64062,2.67744
6.76292e+06,0.00182099,1.69381,0.0104403,5.65775,2.67163
6.7631e+06,0.00180737,1.6938,0.0104435,5.67494,2.66576
6.76328e+06,0.00179336,1.6938,0.0104466,5.69218,2.65983
6.76346e+06,0.00177897,1.6938,0.0104496,5.70948,2.65384
6.76365e+06,0.00176422,1.6938,0.0104527,5.72685,2.6478
6.76384e+06,0.00174911,1.6938,0.0104557,5.74427,2.64169
6.76403e+06,0.00173365,1.6938,0.0104586,5.76176,2.63551
6.76422e+06,0.00171785,1.69379,0.0104615,5.77932,2.62927
6.76442e+06,0.00170172,1.69379,0.0104644,5.79694,2.62297
6.76461e+06,0.00168526,1.69379,0.0104672,5.81462,2.61659
6.76481e+06,0.0016685,1.69379,0.01047,5.83238,2.61015
6.76501e+06,0.00165143,1.69379,0.0104728,5.85021,2.60364
6.76522e+06,0.00163407,1.69379,0.0104755,5.86811,2.59705
6.76542e+06,0.00161643,1.69378,0.0104781,5.88608,2.59039
6.76563e+06,0.00159852,1.69378,0.0104808,5.90413,2.58366
6.76584e+06,0.00158034,1.69378,0.0104833,5.92226,2.57685
6.76605e+06,0.00156191,1.69378,0.0104859,5.94046,2.56996
6.76626e+06,0.00154324,1.69378,0.0104884,5.95874,2.56299
6.76647e+06,0.00152433,1.69377,0.0104908,5.9771,2.55594
6.76668e+06,0.0015052,1.69377,0.0104932,5.99555,2.54881
6.76689e+06,0.00148586,1.69377,0.0104956,6.01408,2.5416
6.76711e+06,0.00146632,1.69377,0.0104979,6.03269,2.5343
6.76732e+06,0.00144658,1.69377,0.0105001,6.05139,2.52691
6.76754e+06,0.00142667,1.69376,0.0105024,6.07018,2.51944
6.76775e+06,0.00140658,1.69376,0.0105045,6.08906,2.51187
6.76797e+06,0.00138633,1.69376,0.0105067,6.10803,2.50422
6.76819e+06,0.00136593,1.69376,0.0105087,6.1271,2.49647
6.7684e+06,0.00134538,1.69376,0.0105108,6.14626,2.48862
6.76862e+06,0.00132471,1.69375,0.0105128,6.16551,2.48068
6.76884e+06,0.00130391,1.69375,0.0105147,6.18487,2.47264
6.76905e+06,0.001283,1.69375,0.0105166,6.20432,2.4645
6.76927e+06,0.00126199,1.69375,0.0105185,6.22387,2.45626
6.76949e+06,0.00124089,1.69375,0.0105203,6.24353,2.44792
6.7697e+06,0.00121971,1.69374,0.0105221,6.26329,2.43947
6.76992e+06,0.00119845,1.69374,0.0105238,6.28316,2.43092
6.77013e+06,0.00117713,1.69374,0.0105255,0.0199436,2.42226
6.77035e+06,0.00115576,1.69374,0.0105271,0.0400257,2.41349
6.77056e+06,0.00113434,1.69374,0.0105287,0.0602179,2.40461
6.77077e+06,0.00111288,1.69373,0.0105302,0.0805217,2.39562
6.77098e+06,0.0010914,1.69373,0.0105317,0.100938,2.38652
6.77119e+06,0.0010699,1.69373,0.0105332,0.121469,2.3773
6.7714e+06,0.00104839,1.69373,0.0105346,0.142115,2.36797
6.7716e+06,0.00102688,1.69373,0.010536,0.162878,2.35852
6.77181e+06,0.00100537,1.69372,0.0105373,0.183759,2.34896
6.77201e+06,0.000983883,1.69372,0.0105386,0.204759,2.33927
6.77221e+06,0.000962418,1.69372,0.0105398,0.225878,2.32946
6.77241e+06,0.000940983,1.69372,0.010541,0.247119,2.31954
6.77261e+06,0.000919587,1.69372,0.0105422,0.268481,2.30949
6.7728e+06,0.000898236,1.69372,0.0105433,0.289965,2.29932
6.77299e+06,0.000876938,1.69371,0.0105444,0.311572,2.28903
6.77318e+06,0.0008557,1.69371,0.0105454,0.333303,2.27861
6.77337e+06,0.000834527,1.69371,0.0105464,0.355156,2.26807
6.77356e+06,0.000813426,1.69371,0.0105474,0.377134,2.2574
6.77374e+06,0.000792404,1.69371,0.0105483,0.399235,2.24662
6.77392e+06,0.000771465,1.69371,0.0105492,0.421459,2.23571
6.7741e+06,0.000750616,1.6937,0.0105501,0.443806,2.22467
6.77427e+06,0.00072986,1.6937,0.0105509,0.466274,2.21352
6.77444e+06,0.000709204,1.6937,0.0105516,0.488864,2.20224
6.77461e+06,0.000688652,1.6937,0.0105524,0.511573,2.19085
6.77478e+06,0.000668208,1.6937,0.0105531,0.534399,2.17933
6.77494e+06,0.000647875,1.6937,0.0105538,0.557341,2.16771
6.7751e+06,0.000627658,1.69369,0.0105544,0.580396,2.15596
6.77525e+06,0.00060756,1.69369,0.010555,0.60356,2.14411
6.77541e+06,0.000587582,1.69369,0.0105556,0.626831,2.13216
6.77555e+06,0.000567729,1.69369,0.0105561,0.650204,2.1201
6.7757e+06,0.000548003,1.69369,0.0105566,0.673674,2.10794
6.77584e+06,0.000528404,1.69369,0.0105571,0.697235,2.09569
6.77598e+06,0.000508935,1.69369,0.0105576,0.720881,2.08336
6.77611e+06,0.000489596,1.69369,0.010558,0.744604,2.07095
6.77624e+06,0.000470389,1.69368,0.0105584,0.768395,2.05847
6.77637e+06,0.000451314,1.69368,0.0105587,0.792244,2.04594
6.77649e+06,0.000432371,1.69368,0.0105591,0.816139,2.03336
6.77661e+06,0.00041356,1.69368,0.0105594,0.840065,2.02074
6.77672e+06,0.000394879,1.69368,0.0105597,0.864007,2.00811
6.77683e+06,0.000376329,1.69368,0.01056,0.887946,1.99549
6.77693e+06,0.000357907,1.69368,0.0105602,0.911857,1.98289
6.77704e+06,0.000339613,1.69368,0.0105604,0.935715,1.97035
6.77713e+06,0.000321443,1.69368,0.0105607,0.959487,1.95789
6.77722e+06,0.000303396,1.69368,0.0105608,0.983133,1.94556
6.77731e+06,0.00028547,1.69367,0.010561,1.0066,1.9334
6.77739e+06,0.000267661,1.69367,0.0105612,1.02984,1.92148
6.77747e+06,0.000249966,1.69367,0.0105613,1.05277,1.90986
6.77755e+06,0.000232382,1.69367,0.0105614,1.07528,1.89866
6.77762e+06,0.000214906,1.69367,0.0105615,1.09727,1.88799
6.77768e+06,0.000197535,1.69367,0.0105616,1.11855,1.87802
6.77774e+06,0.000180264,1.69367,0.0105617,1.1389,1.86898
6.77779e+06,0.000163092,1.69367,0.0105617,1.15799,1.86121
6.77784e+06,0.000146016,1.69367,0.0105618,1.17536,1.85515
6.77789e+06,0.000129036,1.69367,0.0105618,1.1903,1.85152
6.77793e+06,0.000112153,1.69367,0.0105619,1.20169,1.85145
6.77797e+06,9.53736e-05,1.69367,0.0105619,1.20762,1.85683
6.778e+06,7.87165e-05,1.69367,0.0105619,1.20465,1.87111
6.77802e+06,6.22236e-05,1.69367,0.0105619,1.1857,1.90137
6.77804e+06,4.60061e-05,1.69367,0.010562,1.134,1.96439
6.77806e+06,3.04219e-05,1.69367,0.010562,0.999411,2.11029
6.77807e+06,1.71548e-05,1.69367,0.010562,0.580305,2.54071
6.77808e+06,1.48182e-05,1.69367,0.010562,5.80384,3.61168
6.77808e+06,2.6437e-05,1.69367,0.010562,5.22034,4.20649
6.77808e+06,4.16024e-05,1.69367,0.010562,5.04231,4.39583
6.77807e+06,5.75717e-05,1.69367,0.010562,4.97608,4.47338
6.77806e+06,7.38272e-05,1.69367,0.010562,4.95087,4.5099
6.77804e+06,9.02211e-05,1.69367,0.010562,4.94477,4.52731
6.77801e+06,0.0001067,1.69367,0.010562,4.94904,4.53436
6.77799e+06,0.000123241,1.69367,0.010562,4.95952,4.53519
6.77795e+06,0.000139837,1.69367,0.010562,4.974,4.53202
6.77792e+06,0.000156486,1.69367,0.0105621,4.99121,4.52613
6.77787e+06,0.000173188,1.69367,0.0105621,5.01035,4.5183
6.77783e+06,0.000189947,1.69367,0.0105621,5.03089,4.50907
6.77777e+06,0.000206766,1.69367,0.0105622,5.05248,4.4988
6.77772e+06,0.00022365,1.69367,0.0105623,5.07487,4.48773
6.77766e+06,0.000240603,1.69367,0.0105624,5.09787,4.47604
6.77759e+06,0.000257629,1.69367,0.0105624,5.12134,4.46388
6.77752e+06,0.000274733,1.69367,0.0105626,5.14518,4.45136
6.77744e+06,0.000291921,1.69367,0.0105627,5.1693,4.43854
6.77736e+06,0.000309195,1.69367,0.0105628,5.19365,4.42551
6.77728e+06,0.000326561,1.69367,0.010563,5.21817,4.41231
6.77719e+06,0.000344022,1.69368,0.0105632,5.2428,4.39898
6.7771e+06,0.000361582,1.69368,0.0105633,5.26753,4.38557
6.777e+06,0.000379244,1.69368,0.0105636,5.29231,4.3721
6.7769e+06,0.000397011,1.69368,0.0105638,5.31713,4.3586
6.77679e+06,0.000414885,1.69368,0.0105641,5.34196,4.34509
6.77668e+06,0.00043287,1.69368,0.0105643,5.36678,4.33158
6.77656e+06,0.000450968,1.69368,0.0105646,5.39157,4.3181
6.77645e+06,0.000469179,1.69368,0.010565,5.41633,4.30466
6.77632e+06,0.000487506,1.69368,0.0105653,5.44103,4.29127
6.7762e+06,0.000505949,1.69368,0.0105657,5.46567,4.27794
6.77606e+06,0.00052451,1.69369,0.0105661,5.49024,4.26468
6.77593e+06,0.000543187,1.69369,0.0105665,5.51474,4.2515
6.77579e+06,0.000561982,1.69369,0.010567,5.53914,4.23841
6.77565e+06,0.000580893,1.69369,0.0105675,5.56345,4.22542
6.7755e+06,0.00059992,1.69369,0.010568,5.58766,4.21252
6.77535e+06,0.000619062,1.69369,0.0105686,5.61177,4.19972
6.7752e+06,0.000638317,1.69369,0.0105691,5.63577,4.18704
6.77504e+06,0.000657683,1.6937,0.0105698,5.65966,4.17447
6.77488e+06,0.000677158,1.6937,0.0105704,5.68343,4.16201
6.77472e+06,0.000696739,1.6937,0.0105711,5.70708,4.14967
6.77455e+06,0.000716423,1.6937,0.0105718,5.73061,4.13746
6.77438e+06,0.000736207,1.6937,0.0105726,5.75401,4.12537
6.77421e+06,0.000756088,1.6937,0.0105733,5.77729,4.1134
6.77403e+06,0.00077606,1.6937,0.0105742,5.80045,4.10156
6.77385e+06,0.000796121,1.69371,0.010575,5.82347,4.08985
6.77367e+06,0.000816265,1.69371,0.0105759,5.84637,4.07827
6.77349e+06,0.000836487,1.69371,0.0105769,5.86913,4.06681
6.7733e+06,0.000856782,1.69371,0.0105778,5.89177,4.05549
6.77311e+06,0.000877144,1.69371,0.0105789,5.91428,4.0443
6.77292e+06,0.000897569,1.69371,0.0105799,5.93666,4.03323
6.77273e+06,0.000918049,1.69372,0.010581,5.9589,4.0223
6.77253e+06,0.000938578,1.69372,0.0105821,5.98102,4.0115
6.77234e+06,0.00095915,1.69372,0.0105833,6.00301,4.00083
6.77214e+06,0.000979758,1.69372,0.0105845,6.02487,3.99028
6.77193e+06,0.00100039,1.69372,0.0105858,6.0466,3.97986
6.77173e+06,0.00102105,1.69373,0.0105871,6.0682,3.96957
6.77153e+06,0.00104172,1.69373,0.0105884,6.08968,3.95941
6.77132e+06,0.0010624,1.69373,0.0105898,6.11103,3.94937
6.77111e+06,0.00108308,1.69373,0.0105912,6.13226,3.93946
6.7709e+06,0.00110374,1.69373,0.0105927,6.15337,3.92967
6.77069e+06,0.00112439,1.69374,0.0105942,6.17435,3.92
6.77048e+06,0.00114501,1.69374,0.0105958,6.19521,3.91045
6.77027e+06,0.00116559,1.69374,0.0105974,6.21596,3.90102
6.77005e+06,0.00118613,1.69374,0.0105991,6.23658,3.89171
6.76984e+06,0.00120662,1.69374,0.0106008,6.2571,3.88251
6.76962e+06,0.00122704,1.69374,0.0106025,6.27749,3.87343
6.76941e+06,0.00124739,1.69375,0.0106043,0.0145904,3.86446
6.76919e+06,0.00126767,1.69375,0.0106061,0.0347623,3.8556
6.76898e+06,0.00128785,1.69375,0.010608,0.0548245,3.84685
6.76876e+06,0.00130793,1.69375,0.0106099,0.0747783,3.83821
6.76854e+06,0.0013279,1.69375,0.0106119,0.0946255,3.82968
6.76833e+06,0.00134775,1.69376,0.0106139,0.114368,3.82125
6.76811e+06,0.00136747,1.69376,0.0106159,0.134007,3.81293
6.76789e+06,0.00138705,1.69376,0.010618,0.153544,3.80471
6.76768e+06,0.00140649,1.69376,0.0106202,0.172981,3.79659
6.76746e+06,0.00142576,1.69376,0.0106224,0.19232,3.78856
6.76724e+06,0.00144487,1.69377,0.0106246,0.211562,3.78063
6.76703e+06,0.0014638,1.69377,0.0106269,0.230709,3.7728
6.76681e+06,0.00148254,1.69377,0.0106292,0.249763,3.76506
6.7666e+06,0.00150108,1.69377,0.0106316,0.268725,3.75742
6.76639e+06,0.00151941,1.69377,0.010634,0.287598,3.74986
6.76618e+06,0.00153752,1.69378,0.0106365,0.306381,3.74239
6.76597e+06,0.0015554,1.69378,0.010639,0.325078,3.73501
6.76576e+06,0.00157305,1.69378,0.0106415,0.34369,3.72771
6.76555e+06,0.00159044,1.69378,0.0106441,0.362218,3.7205
6.76535e+06,0.00160758,1.69378,0.0106468,0.380665,3.71337
6.76514e+06,0.00162445,1.69379,0.0106494,0.399031,3.70632
6.76494e+06,0.00164104,1.69379,0.0106522,0.417318,3.69935
6.76474e+06,0.00165735,1.69379,0.0106549,0.435528,3.69245
6.76454e+06,0.00167335,1.69379,0.0106577,0.453663,3.68563
6.76434e+06,0.00168905,1.69379,0.0106606,0.471723,3.67889
6.76415e+06,0.00170443,1.69379,0.0106635,0.489711,3.67222
6.76396e+06,0.00171949,1.6938,0.0106664,0.507627,3.66562
6.76377e+06,0.00173421,1.6938,0.0106693,0.525474,3.65909
6.76358e+06,0.00174859,1.6938,0.0106724,0.543253,3.65262
6.76339e+06,0.00176261,1.6938,0.0106754,0.560965,3.64623
6.76321e+06,0.00177627,1.6938,0.0106785,0.578612,3.6399
6.76303e+06,0.00178956,1.69381,0.0106816,0.596195,3.63363
6.76286e+06,0.00180247,1.69381,0.0106848,0.613716,3.62742
6.76268e+06,0.001815,1.69381,0.010688,0.631176,3.62128
6.76251e+06,0.00182712,1.69381,0.0106912,0.648576,3.6152
6.76234e+06,0.00183884,1.69381,0.0106945,0.665918,3.60917
6.76218e+06,0.00185015,1.69381,0.0106978,0.683202,3.6032
6.76202e+06,0.00186104,1.69381,0.0107011,0.700432,3.59729
6.76186e+06,0.0018715,1.69382,0.0107045,0.717607,3.59143
6.7617e+06,0.00188152,1.69382,0.0107079,0.734729,3.58563
6.76155e+06,0.0018911,1.69382,0.0107113,0.751799,3.57987
6.7614e+06,0.00190022,1.69382,0.0107148,0.76882,3.57417
6.76126e+06,0.00190889,1.69382,0.0107183,0.785791,3.56852
6.76112e+06,0.0019171,1.69382,0.0107218,0.802714,3.56291
6.76098e+06,0.00192483,1.69382,0.0107254,0.819591,3.55735
6.76085e+06,0.00193209,1.69383,0.010729,0.836422,3.55184
6.76072e+06,0.00193886,1.69383,0.0107326,0.853209,3.54637
6.76059e+06,0.00194514,1.69383,0.0107362,0.869954,3.54094
6.76047e+06,0.00195093,1.69383,0.0107399,0.886657,3.53556
6.76035e+06,0.00195621,1.69383,0.0107436,0.903319,3.53021
6.76024e+06,0.00196099,1.69383,0.0107473,0.919942,3.52491
6.76013e+06,0.00196526,1.69383,0.010751,0.936528,3.51964
6.76003e+06,0.00196901,1.69383,0.0107548,0.953076,3.51441
6.75993e+06,0.00197224,1.69383,0.0107586,0.969589,3.50921
6.75983e+06,0.00197495,1.69383,0.0107624,0.986067,3.50405
6.75974e+06,0.00197713,1.69384,0.0107662,1.00251,3.49893
6.75966e+06,0.00197877,1.69384,0.0107701,1.01893,3.49383
6.75957e+06,0.00197988,1.69384,0.0107739,1.03531,3.48877
6.7595e+06,0.00198044,1.69384,0.0107778,1.05166,3.48373
6.75942e+06,0.00198046,1.69384,0.0107817,1.06798,3.47873
6.75935e+06,0.00197994,1.69384,0.0107856,1.08428,3.47375
6.75929e+06,0.00197887,1.69384,0.0107895,1.10055,3.4688
6.75923e+06,0.00197724,1.69384,0.0107935,1.1168,3.46387
6.75918e+06,0.00197507,1.69384,0.0107974,1.13302,3.45897
6.75913e+06,0.00197234,1.69384,0.0108014,1.14922,3.45409
6.75908e+06,0.00196905,1.69384,0.0108053,1.16539,3.44923
6.75904e+06,0.0019652,1.69384,0.0108093,1.18155,3.4444
6.75901e+06,0.0019608,1.69384,0.0108133,1.19769,3.43958
6.75898e+06,0.00195584,1.69384,0.0108173,1.21381,3.43477
6.75895e+06,0.00195031,1.69384,0.0108213,1.22992,3.42999
6.75893e+06,0.00194423,1.69384,0.0108253,1.24601,3.42522
6.75892e+06,0.00193759,1.69384,0.0108293,1.26208,3.42046
6.7589e+06,0.00193039,1.69384,0.0108333,1.27815,3.41572
6.7589e+06,0.00192263,1.69384,0.0108373,1.2942,3.41099
6.7589e+06,0.00191431,1.69384,0.0108413,1.31024,3.40626
6.7589e+06,0.00190544,1.69384,0.0108453,1.32628,3.40155
6.75891e+06,0.00189601,1.69384,0.0108493,1.34231,3.39684
6.75892e+06,0.00188603,1.69384,0.0108533,1.35833,3.39214
6.75894e+06,0.0018755,1.69384,0.0108573,1.37435,3.38744
6.75897e+06,0.00186442,1.69384,0.0108613,1.39037,3.38275
6.759e+06,0.00185279,1.69384,0.0108653,1.40638,3.37805
6.75903e+06,0.00184062,1.69384,0.0108693,1.4224,3.37335
6.75907e+06,0.00182792,1.69384,0.0108733,1.43842,3.36866
6.75911e+06,0.00181468,1.69384,0.0108773,1.45445,3.36395
6.75916e+06,0.0018009,1.69384,0.0108812,1.47048,3.35924
6.75921e+06,0.0017866,1.69384,0.0108852,1.48652,3.35452
6.75927e+06,0.00177177,1.69384,0.0108891,1.50257,3.3498
6.75933e+06,0.00175643,1.69384,0.0108931,1.51863,3.34506
6.7594e+06,0.00174057,1.69384,0.010897,1.53471,3.3403
6.75947e+06,0.0017242,1.69384,0.0109009,1.5508,3.33553
6.75954e+06,0.00170733,1.69384,0.0109048,1.56692,3.33074
6.75963e+06,0.00168997,1.69384,0.0109086,1.58305,3.32592
6.75971e+06,0.00167211,1.69384,0.0109125,1.59921,3.32109
6.7598e+06,0.00165377,1.69383,0.0109163,1.6154,3.31622
6.75989e+06,0.00163494,1.69383,0.0109201,1.63162,3.31133
6.75999e+06,0.00161565,1.69383,0.0109239,1.64787,3.3064
6.7601e+06,0.00159589,1.69383,0.0109277,1.66415,3.30144
6.7602e+06,0.00157568,1.69383,0.0109314,1.68048,3.29644
6.76032e+06,0.00155501,1.69383,0.0109351,1.69685,3.2914
6.76043e+06,0.00153391,1.69383,0.0109388,1.71326,3.2863
6.76055e+06,0.00151237,1.69383,0.0109425,1.72973,3.28116
6.76067e+06,0.00149041,1.69383,0.0109462,1.74625,3.27596
6.7608e+06,0.00146802,1.69383,0.0109498,1.76283,3.27071
6.76093e+06,0.00144524,1.69382,0.0109534,1.77948,3.26538
6.76107e+06,0.00142205,1.69382,0.010957,1.7962,3.25999
6.76121e+06,0.00139847,1.69382,0.0109605,1.813,3.25452
6.76135e+06,0.00137452,1.69382,0.010964,1.82987,3.24897
6.7615e+06,0.0013502,1.69382,0.0109675,1.84684,3.24332
6.76165e+06,0.00132551,1.69382,0.010971,1.8639,3.23759
6.7618e+06,0.00130048,1.69382,0.0109744,1.88107,3.23174
6.76196e+06,0.00127511,1.69381,0.0109778,1.89835,3.22579
6.76212e+06,0.00124942,1.69381,0.0109811,1.91576,3.21971
6.76229e+06,0.00122341,1.69381,0.0109844,1.93329,3.2135
6.76245e+06,0.00119709,1.69381,0.0109877,1.95097,3.20715
6.76263e+06,0.00117048,1.69381,0.010991,1.96881,3.20064
6.7628e+06,0.00114359,1.69381,0.0109942,1.98681,3.19396
6.76298e+06,0.00111644,1.69381,0.0109973,2.005,3.1871
6.76315e+06,0.00108902,1.6938,0.0110005,2.02339,3.18003
6.76334e+06,0.00106137,1.6938,0.0110036,2.042,3.17275
6.76352e+06,0.00103348,1.6938,0.0110066,2.06085,3.16524
6.76371e+06,0.00100538,1.6938,0.0110097,2.07995,3.15746
6.7639e+06,0.000977076,1.6938,0.0110126,2.09934,3.14939
6.76409e+06,0.000948585,1.6938,0.0110156,2.11905,3.14101
6.76428e+06,0.00091992,1.69379,0.0110185,2.1391,3.13229
6.76448e+06,0.000891098,1.69379,0.0110213,2.15953,3.12319
6.76468e+06,0.000862133,1.69379,0.0110242,2.18038,3.11367
6.76488e+06,0.000833043,1.69379,0.0110269,2.2017,3.10368
6.76508e+06,0.000803844,1.69379,0.0110297,2.22354,3.09317
6.76529e+06,0.000774553,1.69378,0.0110324,2.24595,3.08208
6.76549e+06,0.00074519,1.69378,0.011035,2.26902,3.07034
6.7657e+06,0.000715774,1.69378,0.0110376,2.29281,3.05788
6.76591e+06,0.000686327,1.69378,0.0110402,2.31742,3.0446
6.76612e+06,0.000656869,1.69378,0.0110427,2.34297,3.03038
6.76633e+06,0.000627426,1.69377,0.0110452,2.36957,3.01511
6.76654e+06,0.000598024,1.69377,0.0110476,2.39739,2.99862
6.76676e+06,0.000568692,1.69377,0.01105,2.4266,2.98074
6.76697e+06,0.000539463,1.69377,0.0110524,2.45742,2.96124
6.76719e+06,0.000510372,1.69377,0.0110546,2.49012,2.93988
6.7674e+06,0.000481462,1.69377,0.0110569,2.52502,2.91631
6.76762e+06,0.000452783,1.69376,0.0110591,2.5625,2.89016
6.76784e+06,0.000424391,1.69376,0.0110613,2.60306,2.86093
6.76805e+06,0.000396358,1.69376,0.0110634,2.64731,2.82801
6.76827e+06,0.00036877,1.69376,0.0110655,2.69599,2.79066
6.76849e+06,0.000341733,1.69376,0.0110675,2.75007,2.74791
6.76871e+06,0.000315385,1.69375,0.0110695,2.81075,2.69856
6.76892e+06,0.000289901,1.69375,0.0110714,2.87955,2.64109
6.76914e+06,0.000265514,1.69375,0.0110733,2.95836,2.57362
6.76936e+06,0.000242527,1.69375,0.0110751,3.04947,2.49383
6.76957e+06,0.000221339,1.69375,0.0110769,3.15555,2.39909
6.76979e+06,0.00020247,1.69374,0.0110787,3.27931,2.28666
6.77001e+06,0.000186563,1.69374,0.0110804,3.42289,2.15442
6.77022e+06,0.000174359,1.69374,0.0110821,3.58659,2.00204
6.77043e+06,0.000166587,1.69374,0.0110837,3.76734,1.83262
6.77065e+06,0.000163785,1.69374,0.0110852,3.95778,1.65352
6.77086e+06,0.0001661,1.69373,0.0110868,4.14749,1.47514
6.77107e+06,0.000173223,1.69373,0.0110883,4.32632,1.30765
6.77128e+06,0.000184489,1.69373,0.0110897,4.48745,1.15785
6.77149e+06,0.000199092,1.69373,0.0110911,4.62833,1.0283
6.77169e+06,0.000216253,1.69373,0.0110925,4.74959,0.918369
6.7719e+06,0.000235313,1.69372,0.0110938,4.85351,0.825782
6.7721e+06,0.000255752,1.69372,0.011095,4.94283,0.747795
6.7723e+06,0.000277172,1.69372,0.0110963,5.02017,0.681795
6.7725e+06,0.000299272,1.69372,0.0110975,5.08776,0.625536
6.7727e+06,0.000321826,1.69372,0.0110986,5.14745,0.57718
6.77289e+06,0.00034466,1.69371,0.0110997,5.20071,0.535253
6.77308e+06,0.000367641,1.69371,0.0111008,5.24871,0.498587
6.77327e+06,0.000390665,1.69371,0.0111018,5.29237,0.466256
6.77346e+06,0.00041365,1.69371,0.0111028,5.33244,0.437523
6.77365e+06,0.000436527,1.69371,0.0111037,5.3695,0.4118
6.77383e+06,0.000459241,1.69371,0.0111046,5.40402,0.388615
6.77401e+06,0.000481747,1.6937,0.0111055,5.43638,0.367585
6.77419e+06,0.000504004,1.6937,0.0111063,5.4669,0.348395
6.77436e+06,0.00052598,1.6937,0.0111071,5.49584,0.330791
6.77453e+06,0.000547645,1.6937,0.0111079,5.52341,0.314557
6.7747e+06,0.000568972,1.6937,0.0111086,5.54979,0.299517
6.77486e+06,0.000589939,1.6937,0.0111093,5.57512,0.285522
6.77502e+06,0.000610525,1.6937,0.01111,5.59953,0.272445
6.77518e+06,0.00063071,1.69369,0.0111106,5.62313,0.26018
6.77534e+06,0.000650477,1.69369,0.0111112,5.64601,0.248634
6.77549e+06,0.000669811,1.69369,0.0111117,5.66825,0.237729
6.77564e+06,0.000688696,1.69369,0.0111123,5.68992,0.227396
6.77578e+06,0.000707118,1.69369,0.0111128,5.71107,0.217577
6.77592e+06,0.000725065,1.69369,0.0111132,5.73176,0.20822
6.77606e+06,0.000742524,1.69369,0.0111137,5.75204,0.19928
6.77619e+06,0.000759483,1.69368,0.0111141,5.77194,0.190716
6.77632e+06,0.000775932,1.69368,0.0111145,5.7915,0.182494
6.77644e+06,0.000791861,1.69368,0.0111148,5.81074,0.174582
6.77656e+06,0.000807259,1.69368,0.0111151,5.82971,0.166952
6.77668e+06,0.000822117,1.69368,0.0111155,5.84842,0.15958
6.77679e+06,0.000836427,1.69368,0.0111157,5.86689,0.152443
6.7769e+06,0.00085018,1.69368,0.011116,5.88515,0.145521
6.777e+06,0.000863369,1.69368,0.0111162,5.90321,0.138795
6.7771e+06,0.000875985,1.69368,0.0111165,5.92109,0.13225
6.7772e+06,0.000888022,1.69368,0.0111167,5.93881,0.12587
6.77729e+06,0.000899473,1.69367,0.0111168,5.95637,0.119641
6.77737e+06,0.000910331,1.69367,0.011117,5.9738,0.113551
6.77745e+06,0.000920592,1.69367,0.0111171,5.9911,0.107588
6.77753e+06,0.000930248,1.69367,0.0111173,6.00828,0.101742
6.7776e+06,0.000939295,1.69367,0.0111174,6.02535,0.0960029
6.77767e+06,0.000947728,1.69367,0.0111175,6.04233,0.0903611
6.77773e+06,0.000955542,1.69367,0.0111176,6.05922,0.0848083
6.77779e+06,0.000962733,1.69367,0.0111176,6.07603,0.0793365
6.77784e+06,0.000969298,1.69367,0.0111177,6.09276,0.0739383
6.77789e+06,0.000975232,1.69367,0.0111177,6.10943,0.0686064
6.77793e+06,0.000980532,1.69367,0.0111178,6.12604,0.0633342
6.77797e+06,0.000985196,1.69367,0.0111178,6.1426,0.0581153
6.778e+06,0.000989221,1.69367,0.0111178,6.1591,0.0529436
6.77803e+06,0.000992605,1.69367,0.0111178,6.17557,0.0478133
6.77805e+06,0.000995346,1.69367,0.0111179,6.192,0.0427186
6.77807e+06,0.000997442,1.69367,0.0111179,6.2084,0.0376542
6.77809e+06,0.000998892,1.69367,0.0111179,6.22478,0.0326147
6.7781e+06,0.000999695,1.69367,0.0111179,6.24113,0.0275949
6.7781e+06,0.00099985,1.69367,0.0111179,6.25748,0.0225896
6.7781e+06,0.000999358,1.69367,0.0111179,6.27381,0.0175938
6.77809e+06,0.000998219,1.69367,0.0111179,0.00695026,0.0126025
6.77808e+06,0.000996432,1.69367,0.0111179,0.0232786,0.00761048
6.77807e+06,0.000993998,1.69367,0.0111179,0.0396127,0.00261281
6.77804e+06,0.000990919,1.69367,0.0111179,0.0559575,6.28079
6.77802e+06,0.000987195,1.69367,0.0111179,0.0723184,6.27577
6.77799e+06,0.00098283,1.69367,0.0111179,0.0887007,6.27072
6.77795e+06,0.000977823,1.69367,0.0111179,0.10511,6.26565
6.77791e+06,0.000972179,1.69367,0.011118,0.121552,6.26054
6.77787e+06,0.000965899,1.69367,0.011118,0.138032,6.2554
6.77782e+06,0.000958986,1.69367,0.0111181,0.154556,6.25021
6.77776e+06,0.000951445,1.69367,0.0111181,0.171132,6.24497
6.7777e+06,0.000943277,1.69367,0.0111182,0.187766,6.23967
6.77764e+06,0.000934488,1.69367,0.0111183,0.204464,6.23431
6.77757e+06,0.000925082,1.69367,0.0111184,0.221235,6.22887
6.77749e+06,0.000915063,1.69367,0.0111185,0.238088,6.22336
6.77742e+06,0.000904436,1.69367,0.0111187,0.255029,6.21775
6.77733e+06,0.000893206,1.69367,0.0111188,0.27207,6.21205
6.77725e+06,0.00088138,1.69368,0.011119,0.289221,6.20623
6.77715e+06,0.000868963,1.69368,0.0111192,0.306491,6.2003
6.77706e+06,0.000855961,1.69368,0.0111194,0.323895,6.19423
6.77696e+06,0.000842381,1.69368,0.0111196,0.341444,6.18802
6.77685e+06,0.00082823,1.69368,0.0111199,0.359154,6.18164
6.77674e+06,0.000813516,1.69368,0.0111201,0.37704,6.17509
6.77663e+06,0.000798246,1.69368,0.0111204,0.395121,6.16835
6.77651e+06,0.000782429,1.69368,0.0111207,0.413416,6.16139
6.77639e+06,0.000766072,1.69368,0.0111211,0.431948,6.15419
6.77626e+06,0.000749186,1.69368,0.0111214,0.45074,6.14673
6.77613e+06,0.000731779,1.69369,0.0111218,0.469822,6.13899
6.776e+06,0.000713862,1.69369,0.0111223,0.489225,6.13092
6.77586e+06,0.000695446,1.69369,0.0111227,0.508984,6.12249
6.77572e+06,0.00067654,1.69369,0.0111232,0.52914,6.11367
6.77557e+06,0.000657157,1.69369,0.0111237,0.549741,6.10441
6.77542e+06,0.00063731,1.69369,0.0111243,0.570841,6.09464
6.77527e+06,0.000617012,1.69369,0.0111248,0.592501,6.08432
6.77511e+06,0.000596277,1.69369,0.0111254,0.614795,6.07336
6.77495e+06,0.00057512,1.6937,0.0111261,0.637808,6.06168
6.77479e+06,0.000553559,1.6937,0.0111267,0.661642,6.04918
6.77462e+06,0.00053161,1.6937,0.0111274,0.686416,6.03574
6.77445e+06,0.000509295,1.6937,0.0111282,0.712273,6.02122
6.77428e+06,0.000486636,1.6937,0.011129,0.739386,6.00544
6.77411e+06,0.000463657,1.6937,0.0111298,0.767965,5.98819
6.77393e+06,0.000440387,1.69371,0.0111306,0.798269,5.96922
6.77375e+06,0.000416861,1.69371,0.0111315,0.830616,5.94821
6.77356e+06,0.000393117,1.69371,0.0111324,0.865406,5.92475
6.77338e+06,0.000369204,1.69371,0.0111334,0.903144,5.89835
6.77319e+06,0.00034518,1.69371,0.0111344,0.944477,5.86835
6.773e+06,0.000321119,1.69371,0.0111354,0.990241,5.83392
6.7728e+06,0.000297117,1.69372,0.0111365,1.04153,5.79396
6.77261e+06,0.000273298,1.69372,0.0111376,1.0998,5.74703
6.77241e+06,0.000249833,1.69372,0.0111388,1.16696,5.69119
6.77221e+06,0.000226956,1.69372,0.01114,1.24562,5.62387
6.77201e+06,0.000204995,1.69372,0.0111413,1.33917,5.54166
6.7718e+06,0.000184421,1.69372,0.0111425,1.452,5.44016
6.7716e+06,0.000165901,1.69373,0.0111439,1.58928,5.31421
6.77139e+06,0.000150356,1.69373,0.0111453,1.75596,5.15886
6.77118e+06,0.000138951,1.69373,0.0111467,1.95403,4.97212
6.77097e+06,0.000132918,1.69373,0.0111481,2.17822,4.75926
6.77076e+06,0.000133138,1.69373,0.0111496,2.41338,4.53544
6.77055e+06,0.000139717,1.69374,0.0111512,2.63911,4.32104
6.77034e+06,0.000151942,1.69374,0.0111528,2.83958,4.1319
6.77012e+06,0.000168682,1.69374,0.0111544,3.00874,3.97407
6.76991e+06,0.000188817,1.69374,0.0111561,3.1482,3.84594
6.76969e+06,0.000211437,1.69374,0.0111578,3.26278,3.7427
6.76948e+06,0.000235877,1.69375,0.0111596,3.35768,3.65912
6.76926e+06,0.000261664,1.69375,0.0111614,3.43738,3.59075
6.76904e+06,0.000288464,1.69375,0.0111633,3.50536,3.53411
6.76883e+06,0.00031604,1.69375,0.0111652,3.56425,3.48655
6.76861e+06,0.000344221,1.69375,0.0111671,3.61603,3.44609
6.76839e+06,0.000372877,1.69376,0.0111691,3.66219,3.41127
6.76817e+06,0.00040191,1.69376,0.0111712,3.70384,3.38095
6.76796e+06,0.000431244,1.69376,0.0111733,3.74183,3.35429
6.76774e+06,0.000460818,1.69376,0.0111754,3.77683,3.33062
6.76752e+06,0.000490581,1.69376,0.0111776,3.80935,3.30943
6.76731e+06,0.000520492,1.69377,0.0111798,3.8398,3.29031
6.76709e+06,0.000550513,1.69377,0.0111821,3.86849,3.27294
6.76688e+06,0.000580613,1.69377,0.0111844,3.89571,3.25706
6.76666e+06,0.000610764,1.69377,0.0111868,3.92164,3.24245
6.76645e+06,0.000640941,1.69377,0.0111892,3.94649,3.22894
6.76624e+06,0.00067112,1.69378,0.0111916,3.97037,3.21638
6.76603e+06,0.000701279,1.69378,0.0111941,3.99343,3.20465
6.76582e+06,0.0007314,1.69378,0.0111967,4.01576,3.19365
6.76561e+06,0.000761461,1.69378,0.0111993,4.03744,3.18329
6.7654e+06,0.000791447,1.69378,0.0112019,4.05856,3.17351
6.7652e+06,0.000821339,1.69379,0.0112046,4.07917,3.16423
6.76499e+06,0.000851121,1.69379,0.0112073,4.09933,3.1554
6.76479e+06,0.000880777,1.69379,0.01121,4.11908,3.14697
6.76459e+06,0.000910291,1.69379,0.0112128,4.13847,3.13891
6.76439e+06,0.000939649,1.69379,0.0112157,4.15753,3.13118
6.7642e+06,0.000968836,1.69379,0.0112185,4.17629,3.12374
6.76401e+06,0.000997838,1.6938,0.0112215,4.19479,3.11657
6.76381e+06,0.00102664,1.6938,0.0112244,4.21304,3.10965
6.76363e+06,0.00105523,1.6938,0.0112274,4.23107,3.10295
6.76344e+06,0.00108359,1.6938,0.0112305,4.24889,3.09645
6.76326e+06,0.00111172,1.6938,0.0112335,4.26653,3.09013
6.76308e+06,0.00113959,1.6938,0.0112366,4.284,3.08399
6.7629e+06,0.0011672,1.69381,0.0112398,4.30132,3.078
6.76272e+06,0.00119454,1.69381,0.011243,4.31849,3.07215
6.76255e+06,0.00122158,1.69381,0.0112462,4.33553,3.06644
6.76238e+06,0.00124833,1.69381,0.0112495,4.35245,3.06084
6.76222e+06,0.00127476,1.69381,0.0112528,4.36926,3.05536
6.76205e+06,0.00130087,1.69381,0.0112561,4.38597,3.04997
6.76189e+06,0.00132664,1.69382,0.0112595,4.40258,3.04469
6.76174e+06,0.00135208,1.69382,0.0112629,4.41911,3.03949
6.76158e+06,0.00137715,1.69382,0.0112663,4.43555,3.03437
6.76144e+06,0.00140186,1.69382,0.0112698,4.45192,3.02932
6.76129e+06,0.0014262,1.69382,0.0112733,4.46823,3.02434
6.76115e+06,0.00145015,1.69382,0.0112768,4.48446,3.01943
6.76101e+06,0.0014737,1.69382,0.0112803,4.50064,3.01457
6.76088e+06,0.00149685,1.69382,0.0112839,4.51677,3.00977
6.76075e+06,0.00151959,1.69383,0.0112875,4.53285,3.00501
6.76062e+06,0.0015419,1.69383,0.0112912,4.54888,3.00031
6.7605e+06,0.00156378,1.69383,0.0112948,4.56487,2.99564
6.76038e+06,0.00158522,1.69383,0.0112985,4.58082,2.99101
6.76027e+06,0.00160621,1.69383,0.0113022,4.59674,2.98642
6.76016e+06,0.00162675,1.69383,0.011306,4.61262,2.98186
6.76005e+06,0.00164682,1.69383,0.0113097,4.62848,2.97732
6.75995e+06,0.00166643,1.69383,0.0113135,4.64431,2.97282
6.75985e+06,0.00168555,1.69383,0.0113173,4.66012,2.96833
6.75976e+06,0.00170419,1.69384,0.0113211,4.6759,2.96387
6.75967e+06,0.00172233,1.69384,0.011325,4.69167,2.95943
6.75959e+06,0.00173998,1.69384,0.0113288,4.70741,2.955
6.75951e+06,0.00175712,1.69384,0.0113327,4.72315,2.95059
6.75944e+06,0.00177375,1.69384,0.0113366,4.73887,2.94619
6.75937e+06,0.00178987,1.69384,0.0113405,4.75458,2.9418
6.7593e+06,0.00180546,1.69384,0.0113444,4.77028,2.93742
6.75924e+06,0.00182053,1.69384,0.0113483,4.78598,2.93305
6.75919e+06,0.00183507,1.69384,0.0113523,4.80166,2.92868
6.75914e+06,0.00184907,1.69384,0.0113562,4.81735,2.92432
6.75909e+06,0.00186253,1.69384,0.0113602,4.83303,2.91995
6.75905e+06,0.00187544,1.69384,0.0113642,4.84871,2.91559
6.75902e+06,0.00188781,1.69384,0.0113682,4.8644,2.91123
6.75898e+06,0.00189963,1.69384,0.0113722,4.88008,2.90687
6.75896e+06,0.00191089,1.69384,0.0113761,4.89577,2.9025
6.75894e+06,0.0019216,1.69384,0.0113801,4.91146,2.89812
6.75892e+06,0.00193175,1.69384,0.0113842,4.92716,2.89375
6.75891e+06,0.00194133,1.69384,0.0113882,4.94287,2.88936
6.7589e+06,0.00195035,1.69384,0.0113922,4.95858,2.88496
6.7589e+06,0.00195881,1.69384,0.0113962,4.97431,2.88056
6.7589e+06,0.0019667,1.69384,0.0114002,4.99005,2.87614
6.75891e+06,0.00197402,1.69384,0.0114042,5.00579,2.87171
6.75892e+06,0.00198077,1.69384,0.0114082,5.02156,2.86727
6.75894e+06,0.00198695,1.69384,0.0114122,5.03733,2.86281
6.75896e+06,0.00199256,1.69384,0.0114162,5.05312,2.85834
6.75899e+06,0.0019976,1.69384,0.0114202,5.06893,2.85385
6.75902e+06,0.00200207,1.69384,0.0114242,5.08476,2.84934
6.75906e+06,0.00200597,1.69384,0.0114282,5.1006,2.84482
6.7591e+06,0.00200931,1.69384,0.0114321,5.11647,2.84027
6.75915e+06,0.00201208,1.69384,0.0114361,5.13235,2.8357
6.7592e+06,0.00201428,1.69384,0.0114401,5.14826,2.83111
6.75926e+06,0.00201591,1.69384,0.011444,5.16419,2.8265
6.75932e+06,0.00201699,1.69384,0.0114479,5.18015,2.82186
6.75938e+06,0.0020175,1.69384,0.0114518,5.19613,2.8172
6.75946e+06,0.00201746,1.69384,0.0114557,5.21214,2.81251
6.75953e+06,0.00201686,1.69384,0.0114596,5.22817,2.8078
6.75961e+06,0.00201571,1.69384,0.0114635,5.24423,2.80305
6.75969e+06,0.00201401,1.69384,0.0114674,5.26032,2.79828
6.75978e+06,0.00201176,1.69383,0.0114712,5.27644,2.79348
6.75988e+06,0.00200897,1.69383,0.011475,5.2926,2.78864
6.75997e+06,0.00200565,1.69383,0.0114788,5.30878,2.78377
6.76008e+06,0.00200179,1.69383,0.0114826,5.325,2.77887
6.76018e+06,0.0019974,1.69383,0.0114863,5.34125,2.77394
6.76029e+06,0.00199249,1.69383,0.01149,5.35754,2.76896
6.76041e+06,0.00198706,1.69383,0.0114938,5.37386,2.76396
6.76053e+06,0.00198112,1.69383,0.0114974,5.39022,2.75891
6.76065e+06,0.00197466,1.69383,0.0115011,5.40663,2.75383
6.76078e+06,0.00196771,1.69383,0.0115047,5.42307,2.7487
6.76091e+06,0.00196026,1.69382,0.0115083,5.43955,2.74354
6.76104e+06,0.00195231,1.69382,0.0115119,5.45607,2.73833
6.76118e+06,0.00194388,1.69382,0.0115154,5.47263,2.73308
6.76132e+06,0.00193498,1.69382,0.011519,5.48924,2.72779
6.76147e+06,0.0019256,1.69382,0.0115224,5.5059,2.72245
6.76162e+06,0.00191575,1.69382,0.0115259,5.5226,2.71707
6.76177e+06,0.00190545,1.69382,0.0115293,5.53935,2.71164
6.76193e+06,0.0018947,1.69382,0.0115327,5.55615,2.70615
6.76209e+06,0.00188351,1.69381,0.0115361,5.57299,2.70062
6.76225e+06,0.00187188,1.69381,0.0115394,5.58989,2.69504
6.76242e+06,0.00185983,1.69381,0.0115427,5.60684,2.68941
6.76259e+06,0.00184736,1.69381,0.0115459,5.62384,2.68372
6.76276e+06,0.00183447,1.69381,0.0115492,5.6409,2.67798
6.76293e+06,0.00182118,1.69381,0.0115523,5.65801,2.67218
6.76311e+06,0.0018075,1.6938,0.0115555,5.67518,2.66632
6.76329e+06,0.00179344,1.6938,0.0115586,5.69241,2.66041
6.76348e+06,0.001779,1.6938,0.0115617,5.7097,2.65444
6.76366e+06,0.00176419,1.6938,0.0115647,5.72705,2.6484
6.76385e+06,0.00174902,1.6938,0.0115677,5.74446,2.64231
6.76404e+06,0.0017335,1.6938,0.0115706,5.76194,2.63615
6.76424e+06,0.00171764,1.69379,0.0115735,5.77948,2.62993
6.76443e+06,0.00170145,1.69379,0.0115764,5.79708,2.62363
6.76463e+06,0.00168494,1.69379,0.0115792,5.81475,2.61728
6.76483e+06,0.00166812,1.69379,0.011582,5.8325,2.61085
6.76503e+06,0.001651,1.69379,0.0115848,5.85031,2.60435
6.76523e+06,0.00163358,1.69378,0.0115875,5.86819,2.59778
6.76544e+06,0.00161589,1.69378,0.0115901,5.88615,2.59114
6.76564e+06,0.00159792,1.69378,0.0115927,5.90418,2.58442
6.76585e+06,0.00157968,1.69378,0.0115953,5.92229,2.57763
6.76606e+06,0.0015612,1.69378,0.0115978,5.94047,2.57076
6.76627e+06,0.00154247,1.69378,0.0116003,5.95874,2.56381
6.76648e+06,0.00152351,1.69377,0.0116028,5.97708,2.55678
6.7667e+06,0.00150433,1.69377,0.0116052,5.99551,2.54967
6.76691e+06,0.00148494,1.69377,0.0116075,6.01402,2.54247
6.76712e+06,0.00146534,1.69377,0.0116098,6.03262,2.53519
6.76734e+06,0.00144556,1.69377,0.0116121,6.0513,2.52782
6.76755e+06,0.00142559,1.69376,0.0116143,6.07007,2.52036
6.76777e+06,0.00140545,1.69376,0.0116165,6.08893,2.51282
6.76799e+06,0.00138515,1.69376,0.0116186,6.10788,2.50518
6.7682e+06,0.00136469,1.69376,0.0116207,6.12693,2.49745
6.76842e+06,0.0013441,1.69376,0.0116227,6.14607,2.48962
6.76864e+06,0.00132338,1.69375,0.0116247,6.1653,2.4817
6.76885e+06,0.00130253,1.69375,0.0116267,6.18463,2.47368
6.76907e+06,0.00128157,1.69375,0.0116286,6.20407,2.46557
6.76929e+06,0.00126052,1.69375,0.0116304,6.2236,2.45735
6.7695e+06,0.00123937,1.69375,0.0116322,6.24323,2.44903
6.76972e+06,0.00121813,1.69374,0.011634,6.26297,2.4406
6.76993e+06,0.00119683,1.69374,0.0116357,6.28282,2.43207
6.77015e+06,0.00117546,1.69374,0.0116374,0.0195822,2.42343
6.77036e+06,0.00115404,1.69374,0.011639,0.0396414,2.41469
6.77057e+06,0.00113258,1.69374,0.0116406,0.0598104,2.40583
6.77078e+06,0.00111108,1.69373,0.0116421,0.0800904,2.39687
6.77099e+06,0.00108955,1.69373,0.0116436,0.100483,2.38779
6.7712e+06,0.00106801,1.69373,0.0116451,0.120989,2.3786
6.77141e+06,0.00104645,1.69373,0.0116465,0.141611,2.36929
6.77162e+06,0.0010249,1.69373,0.0116479,0.162349,2.35986
6.77182e+06,0.00100335,1.69372,0.0116492,0.183204,2.35032
6.77202e+06,0.000981821,1.69372,0.0116505,0.204178,2.34066
6.77222e+06,0.000960315,1.69372,0.0116517,0.225271,2.33088
6.77242e+06,0.00093884,1.69372,0.0116529,0.246484,2.32098
6.77262e+06,0.000917403,1.69372,0.0116541,0.267819,2.31096
6.77281e+06,0.000896013,1.69372,0.0116552,0.289276,2.30082
6.77301e+06,0.000874676,1.69371,0.0116563,0.310855,2.29055
6.7732e+06,0.000853399,1.69371,0.0116573,0.332557,2.28017
6.77338e+06,0.000832188,1.69371,0.0116583,0.354381,2.26965
6.77357e+06,0.00081105,1.69371,0.0116593,0.376329,2.25902
6.77375e+06,0.000789991,1.69371,0.0116602,0.3984,2.24826
6.77393e+06,0.000769016,1.69371,0.0116611,0.420594,2.23738
6.77411e+06,0.000748131,1.6937,0.0116619,0.44291,2.22638
6.77428e+06,0.000727341,1.6937,0.0116627,0.465347,2.21526
6.77446e+06,0.000706651,1.6937,0.0116635,0.487904,2.20401
6.77462e+06,0.000686065,1.6937,0.0116642,0.51058,2.19265
6.77479e+06,0.000665588,1.6937,0.0116649,0.533373,2.18117
6.77495e+06,0.000645223,1.6937,0.0116656,0.55628,2.16958
6.77511e+06,0.000624975,1.69369,0.0116662,0.5793,2.15787
6.77527e+06,0.000604845,1.69369,0.0116668,0.602429,2.14606
6.77542e+06,0.000584838,1.69369,0.0116674,0.625663,2.13414
6.77557e+06,0.000564955,1.69369,0.0116679,0.648999,2.12211
6.77571e+06,0.0005452,1.69369,0.0116684,0.67243,2.11
6.77585e+06,0.000525573,1.69369,0.0116689,0.695951,2.09779
6.77599e+06,0.000506077,1.69369,0.0116694,0.719556,2.0855
6.77612e+06,0.000486712,1.69369,0.0116698,0.743236,2.07313
6.77625e+06,0.000467479,1.69368,0.0116702,0.766983,2.0607
6.77638e+06,0.000448379,1.69368,0.0116706,0.790785,2.04821
6.7765e+06,0.000429412,1.69368,0.0116709,0.814631,2.03568
6.77662e+06,0.000410577,1.69368,0.0116712,0.838506,2.02311
6.77673e+06,0.000391874,1.69368,0.0116715,0.862393,2.01054
6.77684e+06,0.000373303,1.69368,0.0116718,0.886273,1.99797
6.77694e+06,0.00035486,1.69368,0.011672,0.910121,1.98544
6.77704e+06,0.000336546,1.69368,0.0116722,0.93391,1.97296
6.77714e+06,0.000318358,1.69368,0.0116725,0.957606,1.96058
6.77723e+06,0.000300293,1.69368,0.0116726,0.981167,1.94833
6.77732e+06,0.00028235,1.69367,0.0116728,1.00454,1.93627
6.7774e+06,0.000264525,1.69367,0.011673,1.02767,1.92446
6.77748e+06,0.000246816,1.69367,0.0116731,1.05047,1.91297
6.77755e+06,0.000229219,1.69367,0.0116732,1.07284,1.90191
6.77762e+06,0.00021173,1.69367,0.0116733,1.09464,1.89142
6.77768e+06,0.000194348,1.69367,0.0116734,1.11571,1.88168
6.77774e+06,0.000177068,1.69367,0.0116735,1.13578,1.87292
6.7778e+06,0.000159888,1.69367,0.0116735,1.15451,1.8655
6.77785e+06,0.000142806,1.69367,0.0116736,1.1714,1.85992
6.77789e+06,0.000125822,1.69367,0.0116736,1.18567,1.85697
6.77793e+06,0.000108938,1.69367,0.0116737,1.19608,1.85787
6.77797e+06,9.21639e-05,1.69367,0.0116737,1.2005,1.86476
6.778e+06,7.55198e-05,1.69367,0.0116737,1.19498,1.8816
6.77802e+06,5.90573e-05,1.69367,0.0116737,1.17123,1.91666
6.77805e+06,4.29145e-05,1.69367,0.0116737,1.10883,1.99037
6.77806e+06,2.7562e-05,1.69367,0.0116737,0.943314,2.1672
6.77807e+06,1.54098e-05,1.69367,0.0116737,0.408603,2.71323
6.77808e+06,1.6481e-05,1.69367,0.0116737,5.62202,3.79431
6.77808e+06,2.93193e-05,1.69367,0.0116737,5.16356,4.26409
6.77808e+06,4.47198e-05,1.69367,0.0116737,5.01831,4.42065
6.77807e+06,6.0759e-05,1.69367,0.0116738,4.96288,4.48739
6.77805e+06,7.70407e-05,1.69367,0.0116738,4.94235,4.51924
6.77804e+06,9.34444e-05,1.69367,0.0116738,4.93865,4.53425
6.77801e+06,0.000109925,1.69367,0.0116738,4.9443,4.53991
6.77798e+06,0.000126464,1.69367,0.0116738,4.95564,4.53988
6.77795e+06,0.000143055,1.69367,0.0116738,4.97071,4.53613
6.77791e+06,0.000159696,1.69367,0.0116738,4.98832,4.52983
6.77787e+06,0.000176389,1.69367,0.0116739,5.00776,4.52171
6.77782e+06,0.000193137,1.69367,0.0116739,5.02852,4.51226
6.77777e+06,0.000209944,1.69367,0.011674,5.05028,4.50181
6.77771e+06,0.000226814,1.69367,0.0116741,5.0728,4.4906
6.77765e+06,0.000243752,1.69367,0.0116741,5.09591,4.47881
6.77759e+06,0.000260763,1.69367,0.0116742,5.11948,4.46655
6.77751e+06,0.00027785,1.69367,0.0116743,5.1434,4.45395
6.77744e+06,0.00029502,1.69367,0.0116745,5.16759,4.44107
6.77736e+06,0.000312276,1.69367,0.0116746,5.192,4.42797
6.77727e+06,0.000329622,1.69367,0.0116748,5.21657,4.41472
6.77718e+06,0.000347062,1.69368,0.011675,5.24126,4.40134
6.77709e+06,0.0003646,1.69368,0.0116751,5.26603,4.38789
6.77699e+06,0.000382239,1.69368,0.0116754,5.29085,4.37438
6.77689e+06,0.000399982,1.69368,0.0116756,5.31571,4.36083
6.77678e+06,0.000417833,1.69368,0.0116759,5.34057,4.34728
6.77667e+06,0.000435792,1.69368,0.0116761,5.36543,4.33374
6.77656e+06,0.000453864,1.69368,0.0116764,5.39026,4.32023
6.77644e+06,0.000472048,1.69368,0.0116768,5.41504,4.30675
6.77631e+06,0.000490347,1.69368,0.0116771,5.43978,4.29333
6.77619e+06,0.000508762,1.69368,0.0116775,5.46446,4.27997
6.77605e+06,0.000527293,1.69369,0.0116779,5.48906,4.26668
6.77592e+06,0.000545941,1.69369,0.0116784,5.51358,4.25347
6.77578e+06,0.000564705,1.69369,0.0116788,5.53802,4.24035
6.77564e+06,0.000583585,1.69369,0.0116793,5.56236,4.22732
6.77549e+06,0.00060258,1.69369,0.0116798,5.5866,4.21439
6.77534e+06,0.000621689,1.69369,0.0116804,5.61074,4.20157
6.77519e+06,0.00064091,1.69369,0.011681,5.63476,4.18886
6.77503e+06,0.000660242,1.6937,0.0116816,5.65868,4.17626
6.77487e+06,0.000679682,1.6937,0.0116822,5.68248,4.16377
6.77471e+06,0.000699228,1.6937,0.0116829,5.70616,4.15141
6.77454e+06,0.000718876,1.6937,0.0116836,5.72971,4.13916
6.77437e+06,0.000738624,1.6937,0.0116844,5.75315,4.12704
6.7742e+06,0.000758467,1.6937,0.0116852,5.77646,4.11505
6.77402e+06,0.000778402,1.6937,0.011686,5.79964,4.10318
6.77384e+06,0.000798424,1.69371,0.0116869,5.82269,4.09144
6.77366e+06,0.000818529,1.69371,0.0116878,5.84561,4.07983
6.77348e+06,0.000838712,1.69371,0.0116887,5.86841,4.06835
6.77329e+06,0.000858967,1.69371,0.0116897,5.89107,4.057
6.7731e+06,0.00087929,1.69371,0.0116907,5.9136,4.04578
6.77291e+06,0.000899673,1.69371,0.0116918,5.93601,4.03469
6.77272e+06,0.000920112,1.69372,0.0116929,5.95828,4.02374
6.77252e+06,0.000940599,1.69372,0.011694,5.98042,4.01291
6.77232e+06,0.000961129,1.69372,0.0116952,6.00244,4.00221
6.77212e+06,0.000981694,1.69372,0.0116964,6.02432,3.99164
6.77192e+06,0.00100229,1.69372,0.0116977,6.04608,3.9812
6.77172e+06,0.0010229,1.69373,0.011699,6.06771,3.97088
6.77151e+06,0.00104353,1.69373,0.0117003,6.08921,3.96069
6.7713e+06,0.00106416,1.69373,0.0117017,6.11058,3.95063
6.7711e+06,0.00108479,1.69373,0.0117031,6.13184,3.94069
6.77089e+06,0.00110541,1.69373,0.0117046,6.15297,3.93088
6.77068e+06,0.00112601,1.69374,0.0117061,6.17397,3.92119
6.77046e+06,0.00114659,1.69374,0.0117077,6.19486,3.91161
6.77025e+06,0.00116712,1.69374,0.0117093,6.21563,3.90216
6.77004e+06,0.00118762,1.69374,0.011711,6.23628,3.89283
6.76982e+06,0.00120805,1.69374,0.0117127,6.25681,3.88361
6.76961e+06,0.00122843,1.69374,0.0117144,6.27723,3.8745
6.76939e+06,0.00124873,1.69375,0.0117162,0.0143486,3.86551
6.76918e+06,0.00126896,1.69375,0.011718,0.0345421,3.85663
6.76896e+06,0.00128909,1.69375,0.0117199,0.0546254,3.84787
6.76874e+06,0.00130912,1.69375,0.0117218,0.0746001,3.83921
6.76853e+06,0.00132904,1.69375,0.0117238,0.094468,3.83065
6.76831e+06,0.00134884,1.69376,0.0117258,0.114231,3.8222
6.76809e+06,0.00136851,1.69376,0.0117279,0.13389,3.81386
6.76788e+06,0.00138804,1.69376,0.01173,0.153447,3.80562
6.76766e+06,0.00140743,1.69376,0.0117321,0.172904,3.79748
6.76744e+06,0.00142665,1.69376,0.0117343,0.192262,3.78943
6.76723e+06,0.0014457,1.69377,0.0117366,0.211523,3.78149
6.76701e+06,0.00146458,1.69377,0.0117388,0.230689,3.77364
6.7668e+06,0.00148327,1.69377,0.0117412,0.249762,3.76588
6.76659e+06,0.00150175,1.69377,0.0117436,0.268742,3.75821
6.76637e+06,0.00152003,1.69377,0.011746,0.287633,3.75064
6.76616e+06,0.00153809,1.69378,0.0117484,0.306434,3.74315
6.76595e+06,0.00155592,1.69378,0.0117509,0.325149,3.73575
6.76574e+06,0.00157351,1.69378,0.0117535,0.343778,3.72844
6.76554e+06,0.00159085,1.69378,0.0117561,0.362324,3.72121
6.76533e+06,0.00160794,1.69378,0.0117587,0.380787,3.71406
6.76513e+06,0.00162475,1.69379,0.0117614,0.39917,3.70699
6.76493e+06,0.00164129,1.69379,0.0117641,0.417474,3.7
6.76473e+06,0.00165754,1.69379,0.0117669,0.435701,3.69309
6.76453e+06,0.00167349,1.69379,0.0117697,0.453851,3.68626
6.76433e+06,0.00168913,1.69379,0.0117726,0.471928,3.6795
6.76414e+06,0.00170445,1.6938,0.0117754,0.489931,3.67281
6.76394e+06,0.00171946,1.6938,0.0117784,0.507864,3.66619
6.76375e+06,0.00173412,1.6938,0.0117814,0.525726,3.65965
6.76357e+06,0.00174844,1.6938,0.0117844,0.543521,3.65317
6.76338e+06,0.00176241,1.6938,0.0117874,0.561248,3.64676
6.7632e+06,0.00177601,1.6938,0.0117905,0.57891,3.64041
6.76302e+06,0.00178925,1.69381,0.0117936,0.596508,3.63413
6.76284e+06,0.0018021,1.69381,0.0117968,0.614044,3.62791
6.76267e+06,0.00181456,1.69381,0.0118,0.631518,3.62175
6.7625e+06,0.00182663,1.69381,0.0118032,0.648933,3.61565
6.76233e+06,0.00183829,1.69381,0.0118065,0.666289,3.60961
6.76217e+06,0.00184955,1.69381,0.0118098,0.683589,3.60363
6.762e+06,0.00186037,1.69381,0.0118131,0.700832,3.59771
6.76185e+06,0.00187077,1.69382,0.0118165,0.718022,3.59183
6.76169e+06,0.00188074,1.69382,0.0118199,0.735158,3.58601
6.76154e+06,0.00189026,1.69382,0.0118234,0.752242,3.58025
6.76139e+06,0.00189933,1.69382,0.0118268,0.769276,3.57453
6.76125e+06,0.00190794,1.69382,0.0118303,0.786261,3.56886
6.76111e+06,0.00191609,1.69382,0.0118339,0.803198,3.56324
6.76097e+06,0.00192376,1.69382,0.0118374,0.820089,3.55767
6.76084e+06,0.00193096,1.69383,0.011841,0.836934,3.55214
6.76071e+06,0.00193768,1.69383,0.0118446,0.853735,3.54666
6.76058e+06,0.0019439,1.69383,0.0118483,0.870493,3.54122
6.76046e+06,0.00194963,1.69383,0.0118519,0.887209,3.53582
6.76035e+06,0.00195486,1.69383,0.0118556,0.903885,3.53046
6.76023e+06,0.00195958,1.69383,0.0118594,0.920522,3.52514
6.76013e+06,0.0019638,1.69383,0.0118631,0.937121,3.51986
6.76002e+06,0.00196749,1.69383,0.0118669,0.953683,3.51462
6.75992e+06,0.00197067,1.69383,0.0118707,0.970209,3.50941
6.75983e+06,0.00197331,1.69383,0.0118745,0.986701,3.50423
6.75974e+06,0.00197543,1.69384,0.0118783,1.00316,3.49909
6.75965e+06,0.00197702,1.69384,0.0118821,1.01959,3.49399
6.75957e+06,0.00197807,1.69384,0.011886,1.03598,3.48891
6.75949e+06,0.00197858,1.69384,0.0118899,1.05235,3.48386
6.75942e+06,0.00197855,1.69384,0.0118938,1.06868,3.47884
6.75935e+06,0.00197797,1.69384,0.0118977,1.085,3.47385
6.75929e+06,0.00197685,1.69384,0.0119016,1.10128,3.46889
6.75923e+06,0.00197517,1.69384,0.0119055,1.11754,3.46395
6.75917e+06,0.00197294,1.69384,0.0119095,1.13377,3.45903
6.75912e+06,0.00197015,1.69384,0.0119134,1.14999,3.45414
6.75908e+06,0.00196681,1.69384,0.0119174,1.16618,3.44926
6.75904e+06,0.00196292,1.69384,0.0119214,1.18235,3.44441
6.759e+06,0.00195846,1.69384,0.0119254,1.1985,3.43958
6.75897e+06,0.00195345,1.69384,0.0119294,1.21464,3.43476
6.75895e+06,0.00194787,1.69384,0.0119334,1.23076,3.42996
6.75893e+06,0.00194174,1.69384,0.0119374,1.24686,3.42518
6.75891e+06,0.00193505,1.69384,0.0119414,1.26296,3.42041
6.7589e+06,0.0019278,1.69384,0.0119454,1.27904,3.41565
6.7589e+06,0.00191999,1.69384,0.0119494,1.2951,3.4109
6.7589e+06,0.00191163,1.69384,0.0119534,1.31116,3.40616
6.7589e+06,0.00190271,1.69384,0.0119574,1.32721,3.40143
6.75891e+06,0.00189323,1.69384,0.0119614,1.34326,3.39671
6.75893e+06,0.0018832,1.69384,0.0119654,1.3593,3.39199
6.75895e+06,0.00187263,1.69384,0.0119694,1.37533,3.38727
6.75897e+06,0.0018615,1.69384,0.0119734,1.39137,3.38256
6.759e+06,0.00184984,1.69384,0.0119774,1.4074,3.37785
6.75903e+06,0.00183762,1.69384,0.0119814,1.42344,3.37313
6.75907e+06,0.00182488,1.69384,0.0119854,1.43948,3.36842
6.75911e+06,0.00181159,1.69384,0.0119893,1.45552,3.3637
6.75916e+06,0.00179778,1.69384,0.0119933,1.47157,3.35897
6.75921e+06,0.00178344,1.69384,0.0119973,1.48763,3.35423
6.75927e+06,0.00176857,1.69384,0.0120012,1.5037,3.34948
6.75934e+06,0.00175319,1.69384,0.0120051,1.51978,3.34472
6.7594e+06,0.00173729,1.69384,0.012009,1.53588,3.33995
6.75947e+06,0.00172089,1.69384,0.0120129,1.552,3.33515
6.75955e+06,0.00170399,1.69384,0.0120168,1.56813,3.33034
6.75963e+06,0.00168659,1.69384,0.0120207,1.58429,3.3255
6.75972e+06,0.00166869,1.69384,0.0120245,1.60047,3.32064
6.75981e+06,0.00165032,1.69383,0.0120284,1.61668,3.31576
6.7599e+06,0.00163147,1.69383,0.0120322,1.63293,3.31084
6.76e+06,0.00161214,1.69383,0.012036,1.6492,3.30589
6.7601e+06,0.00159236,1.69383,0.0120397,1.66551,3.3009
6.76021e+06,0.00157211,1.69383,0.0120435,1.68187,3.29587
6.76032e+06,0.00155142,1.69383,0.0120472,1.69826,3.2908
6.76044e+06,0.00153029,1.69383,0.0120509,1.71471,3.28568
6.76056e+06,0.00150873,1.69383,0.0120546,1.73121,3.2805
6.76068e+06,0.00148674,1.69383,0.0120582,1.74776,3.27527
6.76081e+06,0.00146434,1.69383,0.0120619,1.76438,3.26998
6.76094e+06,0.00144153,1.69382,0.0120654,1.78106,3.26463
6.76108e+06,0.00141832,1.69382,0.012069,1.79781,3.2592
6.76122e+06,0.00139473,1.69382,0.0120726,1.81464,3.25369
6.76136e+06,0.00137076,1.69382,0.0120761,1.83156,3.2481
6.76151e+06,0.00134642,1.69382,0.0120795,1.84857,3.24242
6.76166e+06,0.00132172,1.69382,0.012083,1.86567,3.23663
6.76182e+06,0.00129668,1.69382,0.0120864,1.88289,3.23075
6.76197e+06,0.0012713,1.69381,0.0120898,1.90022,3.22474
6.76214e+06,0.00124559,1.69381,0.0120931,1.91767,3.21862
6.7623e+06,0.00121957,1.69381,0.0120964,1.93526,3.21236
6.76247e+06,0.00119325,1.69381,0.0120997,1.95299,3.20595
6.76264e+06,0.00116664,1.69381,0.012103,1.97089,3.19938
6.76281e+06,0.00113975,1.69381,0.0121062,1.98895,3.19264
6.76299e+06,0.00111259,1.69381,0.0121094,2.00721,3.18571
6.76317e+06,0.00108517,1.6938,0.0121125,2.02566,3.17858
6.76335e+06,0.00105752,1.6938,0.0121156,2.04434,3.17123
6.76353e+06,0.00102964,1.6938,0.0121186,2.06327,3.16363
6.76372e+06,0.00100154,1.6938,0.0121217,2.08246,3.15577
6.76391e+06,0.000973246,1.6938,0.0121246,2.10194,3.14761
6.7641e+06,0.000944765,1.6938,0.0121276,2.12174,3.13914
6.7643e+06,0.000916113,1.69379,0.0121305,2.1419,3.13031
6.7645e+06,0.000887305,1.69379,0.0121333,2.16244,3.1211
6.76469e+06,0.000858357,1.69379,0.0121362,2.18341,3.11145
6.76489e+06,0.000829286,1.69379,0.0121389,2.20486,3.10133
6.7651e+06,0.000800109,1.69379,0.0121417,2.22684,3.09068
6.7653e+06,0.000770843,1.69378,0.0121444,2.24941,3.07944
6.76551e+06,0.000741509,1.69378,0.012147,2.27265,3.06753
6.76571e+06,0.000712124,1.69378,0.0121496,2.29663,3.05488
6.76592e+06,0.000682712,1.69378,0.0121522,2.32145,3.04139
6.76613e+06,0.000653294,1.69378,0.0121547,2.34722,3.02694
6.76635e+06,0.000623895,1.69377,0.0121572,2.37408,3.01141
6.76656e+06,0.000594542,1.69377,0.0121596,2.40219,2.99464
6.76677e+06,0.000565264,1.69377,0.012162,2.43172,2.97644
6.76699e+06,0.000536095,1.69377,0.0121643,2.4629,2.95659
6.7672e+06,0.000507073,1.69377,0.0121666,2.49601,2.93481
6.76742e+06,0.00047824,1.69376,0.0121688,2.53137,2.91078
6.76763e+06,0.000449648,1.69376,0.0121711,2.56939,2.88409
6.76785e+06,0.000421356,1.69376,0.0121732,2.61057,2.85424
6.76807e+06,0.000393436,1.69376,0.0121753,2.65553,2.82061
6.76829e+06,0.000365979,1.69376,0.0121774,2.70505,2.78242
6.7685e+06,0.000339095,1.69375,0.0121794,2.76011,2.73869
6.76872e+06,0.000312927,1.69375,0.0121814,2.82194,2.68819
6.76894e+06,0.000287658,1.69375,0.0121833,2.8921,2.62937
6.76916e+06,0.000263528,1.69375,0.0121852,2.97248,2.56031
6.76937e+06,0.000240851,1.69375,0.012187,3.06541,2.47872
6.76959e+06,0.000220041,1.69375,0.0121888,3.17349,2.38196
6.76981e+06,0.000201626,1.69374,0.0121906,3.29934,2.26745
6.77002e+06,0.000186258,1.69374,0.0121923,3.44482,2.13331
6.77024e+06,0.00017467,1.69374,0.012194,3.60981,1.97965
6.77045e+06,0.000167561,1.69374,0.0121956,3.79072,1.81006
6.77066e+06,0.000165414,1.69374,0.0121971,3.97989,1.63223
6.77087e+06,0.000168318,1.69373,0.0121987,4.16702,1.45643
6.77108e+06,0.000175916,1.69373,0.0122002,4.34253,1.29226
6.77129e+06,0.000187534,1.69373,0.0122016,4.50024,1.14587
6.7715e+06,0.000202376,1.69373,0.012203,4.63806,1.01939
6.77171e+06,0.000219688,1.69373,0.0122043,4.7568,0.91198
6.77191e+06,0.000238834,1.69372,0.0122056,4.85874,0.821377
6.77211e+06,0.000259313,1.69372,0.0122069,4.94654,0.744909
6.77231e+06,0.00028074,1.69372,0.0122081,5.02272,0.680061
6.77251e+06,0.000302826,1.69372,0.0122093,5.08944,0.624672
6.77271e+06,0.000325351,1.69372,0.0122105,5.14847,0.576974
6.7729e+06,0.000348145,1.69371,0.0122116,5.20124,0.535546
6.7731e+06,0.000371079,1.69371,0.0122126,5.24885,0.499261
6.77329e+06,0.000394051,1.69371,0.0122136,5.29223,0.467221
6.77347e+06,0.000416979,1.69371,0.0122146,5.33207,0.438712
6.77366e+06,0.000439797,1.69371,0.0122156,5.36896,0.413162
6.77384e+06,0.00046245,1.69371,0.0122165,5.40334,0.390111
6.77402e+06,0.000484892,1.6937,0.0122173,5.4356,0.369183
6.7742e+06,0.000507085,1.6937,0.0122182,5.46605,0.350073
6.77437e+06,0.000528994,1.6937,0.012219,5.49493,0.332529
6.77454e+06,0.000550592,1.6937,0.0122197,5.52245,0.316342
6.77471e+06,0.000571851,1.6937,0.0122204,5.54879,0.301337
6.77488e+06,0.00059275,1.6937,0.0122211,5.57409,0.287368
6.77504e+06,0.000613266,1.6937,0.0122218,5.59848,0.27431
6.77519e+06,0.000633381,1.69369,0.0122224,5.62207,0.262057
6.77535e+06,0.000653078,1.69369,0.012223,5.64494,0.25052
6.7755e+06,0.00067234,1.69369,0.0122236,5.66718,0.239619
6.77565e+06,0.000691153,1.69369,0.0122241,5.68885,0.229289
6.77579e+06,0.000709503,1.69369,0.0122246,5.71,0.219469
6.77593e+06,0.000727377,1.69369,0.012225,5.73069,0.21011
6.77607e+06,0.000744762,1.69369,0.0122255,5.75097,0.201166
6.7762e+06,0.000761647,1.69368,0.0122259,5.77088,0.192598
6.77633e+06,0.000778022,1.69368,0.0122263,5.79044,0.18437
6.77645e+06,0.000793875,1.69368,0.0122266,5.80969,0.176452
6.77657e+06,0.000809198,1.69368,0.012227,5.82867,0.168816
6.77669e+06,0.00082398,1.69368,0.0122273,5.84738,0.161437
6.7768e+06,0.000838214,1.69368,0.0122275,5.86586,0.154293
6.77691e+06,0.00085189,1.69368,0.0122278,5.88413,0.147364
6.77701e+06,0.000865001,1.69368,0.012228,5.90219,0.140631
6.77711e+06,0.00087754,1.69368,0.0122283,5.92008,0.134079
6.7772e+06,0.000889499,1.69368,0.0122285,5.9378,0.127692
6.77729e+06,0.000900871,1.69367,0.0122286,5.95538,0.121457
6.77738e+06,0.000911651,1.69367,0.0122288,5.97281,0.115361
6.77746e+06,0.000921832,1.69367,0.0122289,5.99011,0.109392
6.77753e+06,0.000931409,1.69367,0.0122291,6.0073,0.103541
6.77761e+06,0.000940376,1.69367,0.0122292,6.02438,0.0977959
6.77767e+06,0.000948729,1.69367,0.0122293,6.04137,0.0921491
6.77773e+06,0.000956463,1.69367,0.0122293,6.05826,0.0865917
6.77779e+06,0.000963574,1.69367,0.0122294,6.07507,0.0811157
6.77784e+06,0.000970058,1.69367,0.0122295,6.09181,0.0757135
6.77789e+06,0.000975911,1.69367,0.0122295,6.10848,0.0703782
6.77793e+06,0.000981131,1.69367,0.0122296,6.12509,0.0651029
6.77797e+06,0.000985714,1.69367,0.0122296,6.14165,0.0598813
6.778e+06,0.000989657,1.69367,0.0122296,6.15816,0.0547074
6.77803e+06,0.00099296,1.69367,0.0122296,6.17463,0.0495752
6.77806e+06,0.000995619,1.69367,0.0122296,6.19106,0.0444791
6.77807e+06,0.000997633,1.69367,0.0122296,6.20746,0.0394137
6.77809e+06,0.000999002,1.69367,0.0122297,6.22384,0.0343736
6.7781e+06,0.000999723,1.69367,0.0122297,6.2402,0.0293536
6.7781e+06,0.000999797,1.69367,0.0122297,6.25654,0.0243487
6.7781e+06,0.000999224,1.69367,0.0122297,6.27287,0.0193536
6.77809e+06,0.000998002,1.69367,0.0122297,0.00601086,0.0143635
6.77808e+06,0.000996134,1.69367,0.0122297,0.0223376,0.00937315
6.77806e+06,0.000993619,1.69367,0.0122297,0.0386695,0.00437758
6.77804e+06,0.000990458,1.69367,0.0122297,0.0550118,6.28256
6.77802e+06,0.000986654,1.69367,0.0122297,0.0713697,6.27754
6.77799e+06,0.000982207,1.69367,0.0122297,0.0877485,6.27249
6.77795e+06,0.00097712,1.69367,0.0122297,0.104154,6.26742
6.77791e+06,0.000971395,1.69367,0.0122298,0.120591,6.26232
6.77786e+06,0.000965035,1.69367,0.0122298,0.137066,6.25718
6.77781e+06,0.000958042,1.69367,0.0122299,0.153586,6.252
6.77776e+06,0.00095042,1.69367,0.0122299,0.170155,6.24677
6.7777e+06,0.000942173,1.69367,0.01223,0.186783,6.24148
6.77763e+06,0.000933305,1.69367,0.0122301,0.203474,6.23612
6.77756e+06,0.00092382,1.69367,0.0122302,0.220239,6.23069
6.77749e+06,0.000913722,1.69367,0.0122303,0.237083,6.22518
6.77741e+06,0.000903017,1.69367,0.0122305,0.254017,6.21959
6.77733e+06,0.00089171,1.69367,0.0122306,0.271049,6.21389
6.77724e+06,0.000879806,1.69368,0.0122308,0.28819,6.20808
6.77715e+06,0.000867311,1.69368,0.012231,0.305452,6.20216
6.77705e+06,0.000854233,1.69368,0.0122312,0.322845,6.1961
6.77695e+06,0.000840577,1.69368,0.0122314,0.340384,6.1899
6.77684e+06,0.000826351,1.69368,0.0122317,0.358084,6.18353
6.77673e+06,0.000811561,1.69368,0.0122319,0.375959,6.17699
6.77662e+06,0.000796216,1.69368,0.0122322,0.394029,6.17026
6.7765e+06,0.000780325,1.69368,0.0122325,0.412313,6.16331
6.77638e+06,0.000763894,1.69368,0.0122329,0.430834,6.15613
6.77625e+06,0.000746935,1.69368,0.0122333,0.449615,6.14868
6.77612e+06,0.000729456,1.69369,0.0122337,0.468686,6.14094
6.77599e+06,0.000711466,1.69369,0.0122341,0.488078,6.13289
6.77585e+06,0.000692978,1.69369,0.0122345,0.507828,6.12447
6.77571e+06,0.000674001,1.69369,0.012235,0.527975,6.11566
6.77556e+06,0.000654548,1.69369,0.0122355,0.548569,6.1064
6.77541e+06,0.000634631,1.69369,0.0122361,0.569662,6.09664
6.77526e+06,0.000614264,1.69369,0.0122367,0.59132,6.08632
6.7751e+06,0.00059346,1.69369,0.0122373,0.613614,6.07536
6.77494e+06,0.000572235,1.6937,0.0122379,0.636631,6.06368
6.77478e+06,0.000550606,1.6937,0.0122386,0.660475,6.05117
6.77461e+06,0.000528591,1.6937,0.0122393,0.685266,6.03771
6.77444e+06,0.000506209,1.6937,0.01224,0.711149,6.02316
6.77427e+06,0.000483484,1.6937,0.0122408,0.738301,6.00734
6.77409e+06,0.000460441,1.6937,0.0122416,0.766936,5.99004
6.77392e+06,0.000437108,1.69371,0.0122425,0.797315,5.971
6.77373e+06,0.00041352,1.69371,0.0122434,0.829767,5.94988
6.77355e+06,0.000389716,1.69371,0.0122443,0.8647,5.92628
6.77336e+06,0.000365745,1.69371,0.0122453,0.902633,5.89968
6.77317e+06,0.000341665,1.69371,0.0122463,0.944231,5.86941
6.77298e+06,0.000317554,1.69371,0.0122473,0.990359,5.83462
6.77279e+06,0.000293506,1.69372,0.0122484,1.04215,5.79416
6.77259e+06,0.000269653,1.69372,0.0122495,1.10111,5.74654
6.7724e+06,0.000246166,1.69372,0.0122507,1.16924,5.68974
6.7722e+06,0.00022329,1.69372,0.0122519,1.24926,5.62105
6.77199e+06,0.000201366,1.69372,0.0122531,1.34474,5.53691
6.77179e+06,0.000180886,1.69372,0.0122544,1.46027,5.4327
6.77158e+06,0.000162549,1.69373,0.0122558,1.60126,5.30305
6.77138e+06,0.000147319,1.69373,0.0122571,1.7727,5.14294
6.77117e+06,0.000136407,1.69373,0.0122586,1.97616,4.95081
6.77096e+06,0.000131059,1.69373,0.01226,2.20513,4.73318
6.77075e+06,0.000132103,1.69373,0.0122615,2.44287,4.50677
6.77054e+06,0.000139528,1.69374,0.0122631,2.66832,4.29265
6.77032e+06,0.000152515,1.69374,0.0122647,2.86637,4.10593
6.77011e+06,0.000169885,1.69374,0.0122663,3.03223,3.95141
6.76989e+06,0.000190516,1.69374,0.012268,3.16837,3.82659
6.76968e+06,0.000213524,1.69374,0.0122697,3.28003,3.72627
6.76946e+06,0.000238268,1.69375,0.0122715,3.3725,3.64513
6.76924e+06,0.000264295,1.69375,0.0122733,3.45021,3.57875
6.76903e+06,0.00029129,1.69375,0.0122752,3.51656,3.52372
6.76881e+06,0.000319026,1.69375,0.0122771,3.57414,3.47748
6.76859e+06,0.000347339,1.69375,0.0122791,3.62484,3.43811
6.76837e+06,0.000376108,1.69376,0.0122811,3.6701,3.40418
6.76816e+06,0.000405237,1.69376,0.0122831,3.71099,3.37462
6.76794e+06,0.000434655,1.69376,0.0122852,3.74835,3.34859
6.76772e+06,0.000464302,1.69376,0.0122874,3.78281,3.32546
6.76751e+06,0.000494129,1.69376,0.0122895,3.81486,3.30474
6.76729e+06,0.000524096,1.69377,0.0122918,3.8449,3.28602
6.76707e+06,0.000554168,1.69377,0.0122941,3.87325,3.26901
6.76686e+06,0.000584313,1.69377,0.0122964,3.90015,3.25343
6.76665e+06,0.000614504,1.69377,0.0122987,3.92582,3.2391
6.76643e+06,0.000644716,1.69377,0.0123012,3.95041,3.22583
6.76622e+06,0.000674927,1.69378,0.0123036,3.97408,3.21349
6.76601e+06,0.000705115,1.69378,0.0123061,3.99694,3.20196
6.7658e+06,0.00073526,1.69378,0.0123086,4.01909,3.19113
6.76559e+06,0.000765344,1.69378,0.0123112,4.04062,3.18094
6.76539e+06,0.000795349,1.69378,0.0123139,4.06159,3.1713
6.76518e+06,0.000825258,1.69379,0.0123165,4.08206,3.16215
6.76498e+06,0.000855054,1.69379,0.0123192,4.1021,3.15344
6.76478e+06,0.000884722,1.69379,0.012322,4.12174,3.14513
6.76458e+06,0.000914247,1.69379,0.0123248,4.14102,3.13717
6.76438e+06,0.000943612,1.69379,0.0123276,4.15999,3.12953
6.76418e+06,0.000972805,1.69379,0.0123305,4.17866,3.12219
6.76399e+06,0.00100181,1.6938,0.0123335,4.19708,3.1151
6.7638e+06,0.00103062,1.6938,0.0123364,4.21525,3.10825
6.76361e+06,0.00105921,1.6938,0.0123394,4.23321,3.10162
6.76343e+06,0.00108757,1.6938,0.0123425,4.25096,3.09519
6.76324e+06,0.00111569,1.6938,0.0123455,4.26854,3.08894
6.76306e+06,0.00114356,1.6938,0.0123487,4.28595,3.08286
6.76288e+06,0.00117116,1.69381,0.0123518,4.30321,3.07692
6.76271e+06,0.00119849,1.69381,0.012355,4.32033,3.07113
6.76254e+06,0.00122552,1.69381,0.0123582,4.33732,3.06546
6.76237e+06,0.00125226,1.69381,0.0123615,4.3542,3.05992
6.7622e+06,0.00127868,1.69381,0.0123648,4.37096,3.05448
6.76204e+06,0.00130477,1.69381,0.0123681,4.38762,3.04914
6.76188e+06,0.00133053,1.69382,0.0123715,4.4042,3.04389
6.76173e+06,0.00135595,1.69382,0.0123749,4.42068,3.03873
6.76157e+06,0.00138101,1.69382,0.0123783,4.43709,3.03365
6.76143e+06,0.0014057,1.69382,0.0123818,4.45342,3.02864
6.76128e+06,0.00143001,1.69382,0.0123853,4.46969,3.02369
6.76114e+06,0.00145394,1.69382,0.0123888,4.4859,3.01881
6.761e+06,0.00147747,1.69382,0.0123924,4.50205,3.01398
6.76087e+06,0.0015006,1.69382,0.012396,4.51815,3.00921
6.76074e+06,0.00152331,1.69383,0.0123996,4.53419,3.00449
6.76061e+06,0.00154559,1.69383,0.0124032,4.5502,2.99981
6.76049e+06,0.00156745,1.69383,0.0124069,4.56616,2.99517
6.76037e+06,0.00158886,1.69383,0.0124106,4.58209,2.99056
6.76026e+06,0.00160982,1.69383,0.0124143,4.59798,2.98599
6.76015e+06,0.00163033,1.69383,0.012418,4.61384,2.98146
6.76004e+06,0.00165037,1.69383,0.0124218,4.62967,2.97695
6.75994e+06,0.00166993,1.69383,0.0124256,4.64548,2.97246
6.75985e+06,0.00168902,1.69383,0.0124294,4.66126,2.968
6.75976e+06,0.00170763,1.69384,0.0124332,4.67703,2.96356
6.75967e+06,0.00172573,1.69384,0.012437,4.69277,2.95914
6.75958e+06,0.00174334,1.69384,0.0124409,4.7085,2.95473
6.75951e+06,0.00176045,1.69384,0.0124448,4.72422,2.95034
6.75943e+06,0.00177704,1.69384,0.0124487,4.73992,2.94596
6.75936e+06,0.00179312,1.69384,0.0124526,4.75561,2.94159
6.7593e+06,0.00180867,1.69384,0.0124565,4.77129,2.93722
6.75924e+06,0.00182369,1.69384,0.0124604,4.78697,2.93287
6.75918e+06,0.00183819,1.69384,0.0124644,4.80264,2.92852
6.75913e+06,0.00185215,1.69384,0.0124683,4.81831,2.92417
6.75909e+06,0.00186556,1.69384,0.0124723,4.83398,2.91983
6.75905e+06,0.00187843,1.69384,0.0124763,4.84964,2.91548
6.75901e+06,0.00189076,1.69384,0.0124802,4.86531,2.91114
6.75898e+06,0.00190253,1.69384,0.0124842,4.88098,2.90679
6.75896e+06,0.00191374,1.69384,0.0124882,4.89665,2.90243
6.75894e+06,0.0019244,1.69384,0.0124922,4.91233,2.89808
6.75892e+06,0.0019345,1.69384,0.0124962,4.92801,2.89371
6.75891e+06,0.00194403,1.69384,0.0125002,4.9437,2.88934
6.7589e+06,0.001953,1.69384,0.0125042,4.95941,2.88496
6.7589e+06,0.00196141,1.69384,0.0125083,4.97512,2.88057
6.7589e+06,0.00196925,1.69384,0.0125123,4.99084,2.87616
6.75891e+06,0.00197651,1.69384,0.0125163,5.00657,2.87175
6.75892e+06,0.00198321,1.69384,0.0125203,5.02232,2.86732
6.75894e+06,0.00198934,1.69384,0.0125243,5.03808,2.86288
6.75897e+06,0.0019949,1.69384,0.0125283,5.05386,2.85842
6.75899e+06,0.00199989,1.69384,0.0125323,5.06966,2.85394
6.75903e+06,0.0020043,1.69384,0.0125363,5.08547,2.84945
6.75906e+06,0.00200815,1.69384,0.0125402,5.1013,2.84493
6.75911e+06,0.00201143,1.69384,0.0125442,5.11715,2.8404
6.75915e+06,0.00201414,1.69384,0.0125482,5.13303,2.83584
6.75921e+06,0.00201628,1.69384,0.0125521,5.14892,2.83127
6.75926e+06,0.00201786,1.69384,0.0125561,5.16484,2.82667
6.75932e+06,0.00201888,1.69384,0.01256,5.18078,2.82204
6.75939e+06,0.00201934,1.69384,0.0125639,5.19675,2.81739
6.75946e+06,0.00201924,1.69384,0.0125678,5.21274,2.81272
6.75954e+06,0.00201858,1.69384,0.0125717,5.22877,2.80801
6.75962e+06,0.00201737,1.69384,0.0125756,5.24481,2.80328
6.7597e+06,0.00201561,1.69384,0.0125794,5.26089,2.79852
6.75979e+06,0.00201331,1.69383,0.0125832,5.277,2.79373
6.75988e+06,0.00201046,1.69383,0.0125871,5.29314,2.78891
6.75998e+06,0.00200708,1.69383,0.0125909,5.30931,2.78405
6.76008e+06,0.00200316,1.69383,0.0125946,5.32552,2.77916
6.76019e+06,0.00199872,1.69383,0.0125984,5.34176,2.77424
6.7603e+06,0.00199375,1.69383,0.0126021,5.35804,2.76928
6.76042e+06,0.00198826,1.69383,0.0126058,5.37435,2.76429
6.76053e+06,0.00198225,1.69383,0.0126095,5.3907,2.75926
6.76066e+06,0.00197574,1.69383,0.0126131,5.40708,2.75418
6.76079e+06,0.00196872,1.69383,0.0126168,5.42351,2.74907
6.76092e+06,0.00196121,1.69382,0.0126204,5.43998,2.74392
6.76105e+06,0.00195321,1.69382,0.0126239,5.45649,2.73873
6.76119e+06,0.00194472,1.69382,0.0126275,5.47304,2.73349
6.76133e+06,0.00193575,1.69382,0.012631,5.48964,2.72821
6.76148e+06,0.00192631,1.69382,0.0126345,5.50628,2.72289
6.76163e+06,0.00191641,1.69382,0.0126379,5.52297,2.71751
6.76178e+06,0.00190605,1.69382,0.0126414,5.5397,2.71209
6.76194e+06,0.00189524,1.69382,0.0126447,5.55649,2.70663
6.7621e+06,0.00188399,1.69381,0.0126481,5.57332,2.70111
6.76226e+06,0.0018723,1.69381,0.0126514,5.5902,2.69554
6.76243e+06,0.00186019,1.69381,0.0126547,5.60714,2.68992
6.7626e+06,0.00184766,1.69381,0.012658,5.62413,2.68425
6.76277e+06,0.00183471,1.69381,0.0126612,5.64117,2.67852
6.76295e+06,0.00182137,1.69381,0.0126643,5.65827,2.67273
6.76312e+06,0.00180763,1.6938,0.0126675,5.67543,2.66689
6.76331e+06,0.0017935,1.6938,0.0126706,5.69264,2.66099
6.76349e+06,0.001779,1.6938,0.0126737,5.70992,2.65504
6.76368e+06,0.00176414,1.6938,0.0126767,5.72725,2.64902
6.76386e+06,0.00174891,1.6938,0.0126797,5.74465,2.64294
6.76406e+06,0.00173333,1.6938,0.0126826,5.76211,2.63679
6.76425e+06,0.00171742,1.69379,0.0126855,5.77963,2.63058
6.76445e+06,0.00170117,1.69379,0.0126884,5.79722,2.62431
6.76464e+06,0.00168461,1.69379,0.0126912,5.81488,2.61796
6.76484e+06,0.00166773,1.69379,0.012694,5.83261,2.61155
6.76504e+06,0.00165055,1.69379,0.0126967,5.8504,2.60507
6.76525e+06,0.00163308,1.69378,0.0126994,5.86827,2.59852
6.76545e+06,0.00161533,1.69378,0.0127021,5.88621,2.59189
6.76566e+06,0.0015973,1.69378,0.0127047,5.90423,2.58519
6.76587e+06,0.00157902,1.69378,0.0127073,5.92232,2.57841
6.76608e+06,0.00156048,1.69378,0.0127098,5.94049,2.57156
6.76629e+06,0.0015417,1.69378,0.0127123,5.95873,2.56463
6.7665e+06,0.00152268,1.69377,0.0127147,5.97706,2.55762
6.76671e+06,0.00150345,1.69377,0.0127171,5.99547,2.55052
6.76692e+06,0.001484,1.69377,0.0127195,6.01396,2.54334
6.76714e+06,0.00146435,1.69377,0.0127218,6.03254,2.53608
6.76735e+06,0.00144452,1.69377,0.012724,6.0512,2.52873
6.76757e+06,0.00142449,1.69376,0.0127262,6.06996,2.52129
6.76779e+06,0.0014043,1.69376,0.0127284,6.0888,2.51376
6.768e+06,0.00138395,1.69376,0.0127305,6.10773,2.50615
6.76822e+06,0.00136345,1.69376,0.0127326,6.12675,2.49844
6.76844e+06,0.00134281,1.69376,0.0127347,6.14587,2.49063
6.76865e+06,0.00132203,1.69375,0.0127366,6.16509,2.48273
6.76887e+06,0.00130114,1.69375,0.0127386,6.1844,2.47473
6.76909e+06,0.00128013,1.69375,0.0127405,6.20381,2.46663
6.7693e+06,0.00125903,1.69375,0.0127423,6.22332,2.45844
6.76952e+06,0.00123783,1.69375,0.0127441,6.24294,2.45014
6.76973e+06,0.00121655,1.69374,0.0127459,6.26265,2.44173
6.76995e+06,0.0011952,1.69374,0.0127476,6.28247,2.43323
6.77016e+06,0.00117379,1.69374,0.0127493,0.0192171,2.42461
6.77038e+06,0.00115232,1.69374,0.0127509,0.0392533,2.41589
6.77059e+06,0.00113081,1.69374,0.0127525,0.0593989,2.40706
6.7708e+06,0.00110926,1.69373,0.012754,0.0796553,2.39812
6.77101e+06,0.00108769,1.69373,0.0127555,0.100024,2.38906
6.77122e+06,0.0010661,1.69373,0.012757,0.120506,2.37989
6.77142e+06,0.00104451,1.69373,0.0127584,0.141102,2.37061
6.77163e+06,0.00102291,1.69373,0.0127598,0.161815,2.36121
6.77183e+06,0.00100132,1.69372,0.0127611,0.182644,2.3517
6.77204e+06,0.000979749,1.69372,0.0127624,0.203592,2.34206
6.77224e+06,0.000958202,1.69372,0.0127636,0.224659,2.33231
6.77244e+06,0.000936686,1.69372,0.0127648,0.245845,2.32244
6.77263e+06,0.00091521,1.69372,0.0127659,0.267153,2.31244
6.77283e+06,0.00089378,1.69372,0.0127671,0.288582,2.30233
6.77302e+06,0.000872404,1.69371,0.0127681,0.310132,2.29209
6.77321e+06,0.000851089,1.69371,0.0127692,0.331805,2.28173
6.7734e+06,0.00082984,1.69371,0.0127702,0.353601,2.27125
6.77358e+06,0.000808665,1.69371,0.0127711,0.375519,2.26064
6.77377e+06,0.00078757,1.69371,0.012772,0.39756,2.24992
6.77395e+06,0.000766559,1.69371,0.0127729,0.419723,2.23907
6.77412e+06,0.000745639,1.6937,0.0127737,0.442007,2.2281
6.7743e+06,0.000724814,1.6937,0.0127746,0.464412,2.217
6.77447e+06,0.00070409,1.6937,0.0127753,0.486937,2.20579
6.77464e+06,0.00068347,1.6937,0.0127761,0.50958,2.19446
6.7748e+06,0.000662961,1.6937,0.0127768,0.532339,2.18302
6.77496e+06,0.000642564,1.6937,0.0127774,0.555212,2.17146
6.77512e+06,0.000622284,1.69369,0.0127781,0.578197,2.15979
6.77528e+06,0.000602123,1.69369,0.0127787,0.601289,2.14801
6.77543e+06,0.000582086,1.69369,0.0127792,0.624486,2.13612
6.77558e+06,0.000562174,1.69369,0.0127798,0.647784,2.12414
6.77572e+06,0.00054239,1.69369,0.0127803,0.671175,2.11206
6.77586e+06,0.000522736,1.69369,0.0127807,0.694656,2.09989
6.776e+06,0.000503212,1.69369,0.0127812,0.718219,2.08765
6.77613e+06,0.000483821,1.69369,0.0127816,0.741856,2.07532
6.77626e+06,0.000464563,1.69368,0.012782,0.765557,2.06293
6.77639e+06,0.000445438,1.69368,0.0127824,0.789312,2.05049
6.77651e+06,0.000426447,1.69368,0.0127827,0.813108,2.03801
6.77662e+06,0.00040759,1.69368,0.012783,0.83693,2.0255
6.77674e+06,0.000388865,1.69368,0.0127833,0.86076,2.01298
6.77685e+06,0.000370272,1.69368,0.0127836,0.884579,2.00048
6.77695e+06,0.000351809,1.69368,0.0127838,0.908362,1.98801
6.77705e+06,0.000333475,1.69368,0.012784,0.93208,1.97561
6.77715e+06,0.000315269,1.69368,0.0127843,0.955697,1.9633
6.77724e+06,0.000297187,1.69368,0.0127844,0.97917,1.95114
6.77732e+06,0.000279227,1.69367,0.0127846,1.00245,1.93918
6.77741e+06,0.000261387,1.69367,0.0127848,1.02546,1.92748
6.77748e+06,0.000243663,1.69367,0.0127849,1.04813,1.91612
6.77756e+06,0.000226052,1.69367,0.012785,1.07034,1.90522
6.77762e+06,0.000208552,1.69367,0.0127851,1.09196,1.89492
6.77769e+06,0.000191159,1.69367,0.0127852,1.11278,1.88541
6.77775e+06,0.00017387,1.69367,0.0127853,1.13256,1.87695
6.7778e+06,0.000156682,1.69367,0.0127853,1.15091,1.86991
6.77785e+06,0.000139595,1.69367,0.0127854,1.16728,1.86485
6.7779e+06,0.000122608,1.69367,0.0127854,1.18082,1.86262
6.77794e+06,0.000105725,1.69367,0.0127855,1.19016,1.8646
6.77797e+06,8.8957e-05,1.69367,0.0127855,1.19291,1.87317
6.778e+06,7.23288e-05,1.69367,0.0127855,1.1845,1.89288
6.77803e+06,5.59028e-05,1.69367,0.0127855,1.15519,1.93351
6.77805e+06,3.9852e-05,1.69367,0.0127855,1.07987,2.02015
6.77806e+06,2.48058e-05,1.69367,0.0127855,0.874637,2.23669
6.77807e+06,1.42183e-05,1.69367,0.0127855,0.201095,2.92155
6.77808e+06,1.8579e-05,1.69367,0.0127855,5.47717,3.93997
6.77808e+06,3.22769e-05,1.69367,0.0127855,5.11694,4.31151
6.77808e+06,4.78578e-05,1.69367,0.0127855,4.99736,4.4424
6.77807e+06,6.39541e-05,1.69367,0.0127855,4.95094,4.50014
6.77805e+06,8.02576e-05,1.69367,0.0127855,4.93446,4.52794
6.77803e+06,9.66691e-05,1.69367,0.0127855,4.93289,4.54081
6.77801e+06,0.000113151,1.69367,0.0127856,4.93979,4.54523
6.77798e+06,0.000129686,1.69367,0.0127856,4.95193,4.5444
6.77795e+06,0.000146271,1.69367,0.0127856,4.96753,4.54012
6.77791e+06,0.000162904,1.69367,0.0127856,4.98552,4.53344
6.77787e+06,0.000179588,1.69367,0.0127857,5.00523,4.52504
6.77782e+06,0.000196325,1.69367,0.0127857,5.0262,4.51538
6.77777e+06,0.000213119,1.69367,0.0127858,5.04813,4.50477
6.77771e+06,0.000229975,1.69367,0.0127859,5.07078,4.49343
6.77765e+06,0.000246899,1.69367,0.0127859,5.094,4.48153
6.77758e+06,0.000263893,1.69367,0.012786,5.11765,4.46919
6.77751e+06,0.000280964,1.69367,0.0127861,5.14165,4.45651
6.77743e+06,0.000298115,1.69367,0.0127863,5.16591,4.44356
6.77735e+06,0.000315352,1.69367,0.0127864,5.19037,4.43041
6.77727e+06,0.000332678,1.69368,0.0127866,5.21499,4.41711
6.77718e+06,0.000350097,1.69368,0.0127868,5.23973,4.40369
6.77708e+06,0.000367613,1.69368,0.0127869,5.26454,4.39019
6.77699e+06,0.000385229,1.69368,0.0127872,5.28941,4.37663
6.77688e+06,0.000402949,1.69368,0.0127874,5.3143,4.36305
6.77678e+06,0.000420774,1.69368,0.0127877,5.3392,4.34947
6.77666e+06,0.000438709,1.69368,0.0127879,5.36409,4.33589
6.77655e+06,0.000456754,1.69368,0.0127883,5.38895,4.32234
6.77643e+06,0.000474911,1.69368,0.0127886,5.41377,4.30883
6.7763e+06,0.000493182,1.69368,0.0127889,5.43854,4.29538
6.77618e+06,0.000511568,1.69368,0.0127893,5.46325,4.28199
6.77605e+06,0.00053007,1.69369,0.0127897,5.48788,4.26867
6.77591e+06,0.000548687,1.69369,0.0127902,5.51244,4.25543
6.77577e+06,0.00056742,1.69369,0.0127906,5.5369,4.24228
6.77563e+06,0.000586269,1.69369,0.0127911,5.56127,4.22922
6.77548e+06,0.000605231,1.69369,0.0127917,5.58554,4.21626
6.77533e+06,0.000624307,1.69369,0.0127922,5.60971,4.20341
6.77518e+06,0.000643495,1.69369,0.0127928,5.63376,4.19067
6.77502e+06,0.000662793,1.6937,0.0127934,5.65771,4.17804
6.77486e+06,0.000682198,1.6937,0.0127941,5.68153,4.16553
6.77469e+06,0.000701708,1.6937,0.0127948,5.70524,4.15313
6.77453e+06,0.000721321,1.6937,0.0127955,5.72883,4.14086
6.77436e+06,0.000741032,1.6937,0.0127962,5.75229,4.12871
6.77418e+06,0.000760838,1.6937,0.012797,5.77562,4.11669
6.77401e+06,0.000780735,1.6937,0.0127979,5.79883,4.1048
6.77383e+06,0.000800719,1.69371,0.0127987,5.82191,4.09303
6.77365e+06,0.000820785,1.69371,0.0127996,5.84486,4.08139
6.77346e+06,0.000840928,1.69371,0.0128006,5.86768,4.06989
6.77328e+06,0.000861143,1.69371,0.0128016,5.89038,4.05851
6.77309e+06,0.000881425,1.69371,0.0128026,5.91294,4.04727
6.7729e+06,0.000901768,1.69371,0.0128036,5.93536,4.03615
6.7727e+06,0.000922165,1.69372,0.0128047,5.95766,4.02517
6.77251e+06,0.00094261,1.69372,0.0128059,5.97983,4.01431
6.77231e+06,0.000963097,1.69372,0.0128071,6.00187,4.00359
6.77211e+06,0.000983619,1.69372,0.0128083,6.02378,3.99299
6.77191e+06,0.00100417,1.69372,0.0128095,6.04556,3.98253
6.7717e+06,0.00102474,1.69373,0.0128109,6.06721,3.97219
6.7715e+06,0.00104532,1.69373,0.0128122,6.08874,3.96197
6.77129e+06,0.00106591,1.69373,0.0128136,6.11014,3.95189
6.77108e+06,0.0010865,1.69373,0.012815,6.13142,3.94193
6.77087e+06,0.00110707,1.69373,0.0128165,6.15257,3.93209
6.77066e+06,0.00112762,1.69374,0.012818,6.1736,3.92237
6.77045e+06,0.00114815,1.69374,0.0128196,6.19451,3.91278
6.77024e+06,0.00116864,1.69374,0.0128212,6.2153,3.9033
6.77002e+06,0.00118909,1.69374,0.0128229,6.23597,3.89394
6.76981e+06,0.00120948,1.69374,0.0128246,6.25653,3.8847
6.76959e+06,0.00122981,1.69375,0.0128263,6.27697,3.87558
6.76938e+06,0.00125006,1.69375,0.0128281,0.0141107,3.86656
6.76916e+06,0.00127024,1.69375,0.0128299,0.0343255,3.85766
6.76894e+06,0.00129032,1.69375,0.0128318,0.05443,3.84887
6.76873e+06,0.0013103,1.69375,0.0128338,0.0744257,3.84019
6.76851e+06,0.00133017,1.69376,0.0128357,0.0943142,3.83162
6.76829e+06,0.00134992,1.69376,0.0128377,0.114097,3.82315
6.76808e+06,0.00136954,1.69376,0.0128398,0.133776,3.81479
6.76786e+06,0.00138902,1.69376,0.0128419,0.153353,3.80652
6.76764e+06,0.00140835,1.69376,0.0128441,0.17283,3.79836
6.76743e+06,0.00142753,1.69376,0.0128463,0.192207,3.7903
6.76721e+06,0.00144653,1.69377,0.0128485,0.211488,3.78234
6.767e+06,0.00146535,1.69377,0.0128508,0.230673,3.77447
6.76678e+06,0.00148398,1.69377,0.0128531,0.249764,3.76669
6.76657e+06,0.00150242,1.69377,0.0128555,0.268763,3.75901
6.76636e+06,0.00152064,1.69377,0.0128579,0.287671,3.75141
6.76615e+06,0.00153865,1.69378,0.0128604,0.306491,3.74391
6.76594e+06,0.00155643,1.69378,0.0128629,0.325223,3.73649
6.76573e+06,0.00157396,1.69378,0.0128655,0.34387,3.72916
6.76552e+06,0.00159125,1.69378,0.0128681,0.362433,3.72191
6.76532e+06,0.00160828,1.69378,0.0128707,0.380914,3.71475
6.76511e+06,0.00162504,1.69379,0.0128734,0.399313,3.70766
6.76491e+06,0.00164152,1.69379,0.0128761,0.417634,3.70066
6.76471e+06,0.00165771,1.69379,0.0128789,0.435877,3.69373
6.76451e+06,0.00167361,1.69379,0.0128817,0.454044,3.68688
6.76432e+06,0.00168919,1.69379,0.0128846,0.472137,3.6801
6.76412e+06,0.00170446,1.6938,0.0128874,0.490156,3.6734
6.76393e+06,0.00171941,1.6938,0.0128904,0.508104,3.66677
6.76374e+06,0.00173402,1.6938,0.0128934,0.525983,3.66021
6.76355e+06,0.00174828,1.6938,0.0128964,0.543792,3.65371
6.76337e+06,0.00176219,1.6938,0.0128994,0.561535,3.64728
6.76319e+06,0.00177574,1.6938,0.0129025,0.579212,3.64092
6.76301e+06,0.00178892,1.69381,0.0129056,0.596826,3.63463
6.76283e+06,0.00180171,1.69381,0.0129088,0.614376,3.62839
6.76266e+06,0.00181412,1.69381,0.012912,0.631865,3.62222
6.76249e+06,0.00182613,1.69381,0.0129152,0.649295,3.61611
6.76232e+06,0.00183774,1.69381,0.0129185,0.666666,3.61005
6.76215e+06,0.00184893,1.69381,0.0129218,0.683979,3.60406
6.76199e+06,0.0018597,1.69381,0.0129252,0.701237,3.59811
6.76183e+06,0.00187004,1.69382,0.0129285,0.718441,3.59223
6.76168e+06,0.00187995,1.69382,0.012932,0.735591,3.58639
6.76153e+06,0.00188941,1.69382,0.0129354,0.75269,3.58061
6.76138e+06,0.00189842,1.69382,0.0129389,0.769738,3.57488
6.76124e+06,0.00190698,1.69382,0.0129424,0.786736,3.5692
6.7611e+06,0.00191507,1.69382,0.0129459,0.803687,3.56357
6.76096e+06,0.00192269,1.69382,0.0129495,0.820592,3.55798
6.76083e+06,0.00192983,1.69383,0.0129531,0.83745,3.55244
6.7607e+06,0.00193649,1.69383,0.0129567,0.854265,3.54694
6.76058e+06,0.00194265,1.69383,0.0129603,0.871037,3.54149
6.76045e+06,0.00194833,1.69383,0.012964,0.887767,3.53608
6.76034e+06,0.0019535,1.69383,0.0129677,0.904456,3.5307
6.76023e+06,0.00195816,1.69383,0.0129714,0.921107,3.52537
6.76012e+06,0.00196232,1.69383,0.0129752,0.937719,3.52008
6.76001e+06,0.00196596,1.69383,0.0129789,0.954294,3.51482
6.75991e+06,0.00196908,1.69383,0.0129827,0.970834,3.5096
6.75982e+06,0.00197167,1.69383,0.0129865,0.987339,3.50441
6.75973e+06,0.00197373,1.69384,0.0129903,1.00381,3.49926
6.75964e+06,0.00197527,1.69384,0.0129942,1.02025,3.49414
6.75956e+06,0.00197626,1.69384,0.0129981,1.03666,3.48905
6.75948e+06,0.00197672,1.69384,0.0130019,1.05304,3.48398
6.75941e+06,0.00197663,1.69384,0.0130058,1.06939,3.47895
6.75934e+06,0.001976,1.69384,0.0130097,1.08572,3.47395
6.75928e+06,0.00197482,1.69384,0.0130137,1.10201,3.46897
6.75922e+06,0.00197309,1.69384,0.0130176,1.11829,3.46401
6.75917e+06,0.0019708,1.69384,0.0130215,1.13454,3.45908
6.75912e+06,0.00196797,1.69384,0.0130255,1.15076,3.45418
6.75908e+06,0.00196457,1.69384,0.0130295,1.16697,3.44929
6.75904e+06,0.00196062,1.69384,0.0130335,1.18316,3.44442
6.759e+06,0.00195612,1.69384,0.0130374,1.19932,3.43957
6.75897e+06,0.00195105,1.69384,0.0130414,1.21547,3.43474
6.75895e+06,0.00194543,1.69384,0.0130454,1.23161,3.42993
6.75893e+06,0.00193924,1.69384,0.0130494,1.24773,3.42513
6.75891e+06,0.0019325,1.69384,0.0130534,1.26384,3.42034
6.7589e+06,0.0019252,1.69384,0.0130574,1.27993,3.41557
6.7589e+06,0.00191735,1.69384,0.0130615,1.29601,3.41081
6.7589e+06,0.00190894,1.69384,0.0130655,1.31209,3.40605
6.7589e+06,0.00189997,1.69384,0.0130695,1.32816,3.40131
6.75891e+06,0.00189045,1.69384,0.0130735,1.34422,3.39657
6.75893e+06,0.00188038,1.69384,0.0130775,1.36027,3.39183
6.75895e+06,0.00186975,1.69384,0.0130815,1.37633,3.3871
6.75897e+06,0.00185859,1.69384,0.0130855,1.39238,3.38237
6.759e+06,0.00184687,1.69384,0.0130895,1.40843,3.37764
6.75903e+06,0.00183462,1.69384,0.0130935,1.42448,3.37291
6.75907e+06,0.00182183,1.69384,0.0130975,1.44054,3.36817
6.75912e+06,0.0018085,1.69384,0.0131014,1.4566,3.36343
6.75917e+06,0.00179465,1.69384,0.0131054,1.47267,3.35868
6.75922e+06,0.00178027,1.69384,0.0131093,1.48875,3.35393
6.75928e+06,0.00176537,1.69384,0.0131133,1.50484,3.34916
6.75934e+06,0.00174995,1.69384,0.0131172,1.52094,3.34438
6.75941e+06,0.00173401,1.69384,0.0131211,1.53706,3.33958
6.75948e+06,0.00171758,1.69384,0.013125,1.5532,3.33477
6.75956e+06,0.00170064,1.69384,0.0131289,1.56936,3.32993
6.75964e+06,0.0016832,1.69384,0.0131327,1.58554,3.32508
6.75972e+06,0.00166528,1.69384,0.0131366,1.60174,3.32019
6.75981e+06,0.00164687,1.69383,0.0131404,1.61798,3.31528
6.75991e+06,0.00162799,1.69383,0.0131442,1.63424,3.31034
6.76001e+06,0.00160863,1.69383,0.013148,1.65055,3.30536
6.76011e+06,0.00158882,1.69383,0.0131518,1.66688,3.30035
6.76022e+06,0.00156855,1.69383,0.0131555,1.68326,3.29529
6.76033e+06,0.00154783,1.69383,0.0131593,1.69969,3.29019
6.76045e+06,0.00152667,1.69383,0.013163,1.71616,3.28504
6.76057e+06,0.00150509,1.69383,0.0131666,1.73269,3.27983
6.76069e+06,0.00148308,1.69383,0.0131703,1.74928,3.27457
6.76082e+06,0.00146065,1.69383,0.0131739,1.76593,3.26925
6.76095e+06,0.00143782,1.69382,0.0131775,1.78264,3.26386
6.76109e+06,0.0014146,1.69382,0.0131811,1.79943,3.25839
6.76123e+06,0.00139099,1.69382,0.0131846,1.8163,3.25285
6.76137e+06,0.001367,1.69382,0.0131881,1.83326,3.24722
6.76152e+06,0.00134265,1.69382,0.0131916,1.85031,3.24149
6.76167e+06,0.00131793,1.69382,0.013195,1.86746,3.23567
6.76183e+06,0.00129288,1.69382,0.0131984,1.88472,3.22974
6.76199e+06,0.00126749,1.69381,0.0132018,1.90209,3.22369
6.76215e+06,0.00124177,1.69381,0.0132052,1.91959,3.21751
6.76231e+06,0.00121575,1.69381,0.0132085,1.93723,3.2112
6.76248e+06,0.00118942,1.69381,0.0132118,1.95503,3.20473
6.76265e+06,0.0011628,1.69381,0.013215,1.97298,3.19811
6.76282e+06,0.0011359,1.69381,0.0132182,1.99111,3.1913
6.763e+06,0.00110874,1.69381,0.0132214,2.00943,3.18431
6.76318e+06,0.00108133,1.6938,0.0132245,2.02795,3.17711
6.76336e+06,0.00105368,1.6938,0.0132276,2.04671,3.16968
6.76355e+06,0.0010258,1.6938,0.0132307,2.06571,3.16201
6.76374e+06,0.000997713,1.6938,0.0132337,2.08499,3.15406
6.76393e+06,0.000969425,1.6938,0.0132366,2.10456,3.14581
6.76412e+06,0.000940954,1.6938,0.0132396,2.12446,3.13724
6.76431e+06,0.000912314,1.69379,0.0132425,2.14472,3.12831
6.76451e+06,0.000883521,1.69379,0.0132453,2.16538,3.11898
6.76471e+06,0.000854591,1.69379,0.0132481,2.18647,3.10921
6.76491e+06,0.00082554,1.69379,0.0132509,2.20806,3.09896
6.76511e+06,0.000796386,1.69379,0.0132536,2.23018,3.08816
6.76532e+06,0.000767146,1.69378,0.0132563,2.25291,3.07676
6.76552e+06,0.00073784,1.69378,0.013259,2.27632,3.06468
6.76573e+06,0.000708489,1.69378,0.0132616,2.30049,3.05184
6.76594e+06,0.000679112,1.69378,0.0132641,2.32552,3.03814
6.76615e+06,0.000649735,1.69378,0.0132667,2.35153,3.02346
6.76636e+06,0.00062038,1.69377,0.0132691,2.37865,3.00767
6.76657e+06,0.000591077,1.69377,0.0132715,2.40704,2.99061
6.76679e+06,0.000561856,1.69377,0.0132739,2.4369,2.97208
6.767e+06,0.00053275,1.69377,0.0132763,2.46845,2.95186
6.76722e+06,0.000503797,1.69377,0.0132786,2.50197,2.92967
6.76743e+06,0.000475043,1.69376,0.0132808,2.53781,2.90516
6.76765e+06,0.00044654,1.69376,0.013283,2.57637,2.87792
6.76787e+06,0.00041835,1.69376,0.0132852,2.61818,2.84745
6.76808e+06,0.000390547,1.69376,0.0132873,2.66387,2.81309
6.7683e+06,0.000363224,1.69376,0.0132893,2.71425,2.77404
6.76852e+06,0.000336498,1.69375,0.0132913,2.77031,2.72932
6.76874e+06,0.000310515,1.69375,0.0132933,2.83331,2.67764
6.76895e+06,0.000285467,1.69375,0.0132952,2.90483,2.61745
6.76917e+06,0.000261601,1.69375,0.0132971,2.98681,2.54681
6.76939e+06,0.000239244,1.69375,0.013299,3.08155,2.46339
6.76961e+06,0.000218819,1.69374,0.0133008,3.19163,2.36465
6.76982e+06,0.000200869,1.69374,0.0133025,3.3195,2.24811
6.77004e+06,0.000186047,1.69374,0.0133042,3.46678,2.11217
6.77025e+06,0.000175078,1.69374,0.0133059,3.63289,1.95738
6.77046e+06,0.000168627,1.69374,0.0133075,3.81378,1.78783
6.77068e+06,0.000167124,1.69374,0.013309,4.00151,1.61143
6.77089e+06,0.000170597,1.69373,0.0133106,4.186,1.43828
6.7711e+06,0.000178653,1.69373,0.013312,4.3582,1.2774
6.77131e+06,0.000190606,1.69373,0.0133135,4.51259,1.13435
6.77152e+06,0.000205676,1.69373,0.0133149,4.64745,1.01082
6.77172e+06,0.00022313,1.69373,0.0133162,4.76376,0.905845
6.77193e+06,0.000242355,1.69372,0.0133175,4.86378,0.817151
6.77213e+06,0.00026287,1.69372,0.0133188,4.95012,0.742148
6.77233e+06,0.000284303,1.69372,0.01332,5.02519,0.678412
6.77253e+06,0.000306374,1.69372,0.0133212,5.09107,0.623865
6.77272e+06,0.000328868,1.69372,0.0133223,5.14946,0.576805
6.77292e+06,0.000351622,1.69371,0.0133234,5.20174,0.535864
6.77311e+06,0.000374509,1.69371,0.0133245,5.24899,0.49995
6.7733e+06,0.000397428,1.69371,0.0133255,5.29208,0.468195
6.77349e+06,0.0004203,1.69371,0.0133265,5.3317,0.439906
6.77367e+06,0.000443058,1.69371,0.0133274,5.36841,0.414526
6.77386e+06,0.000465649,1.69371,0.0133283,5.40267,0.391605
6.77403e+06,0.000488027,1.6937,0.0133292,5.43483,0.370779
6.77421e+06,0.000510155,1.6937,0.01333,5.46519,0.351747
6.77438e+06,0.000531999,1.6937,0.0133308,5.49401,0.334263
6.77456e+06,0.000553529,1.6937,0.0133316,5.52149,0.318122
6.77472e+06,0.000574721,1.6937,0.0133323,5.54779,0.303152
6.77489e+06,0.00059555,1.6937,0.013333,5.57307,0.289209
6.77505e+06,0.000615997,1.6937,0.0133336,5.59745,0.276169
6.77521e+06,0.000636041,1.69369,0.0133342,5.62102,0.26393
6.77536e+06,0.000655667,1.69369,0.0133348,5.64388,0.252401
6.77551e+06,0.000674858,1.69369,0.0133354,5.66611,0.241505
6.77566e+06,0.000693599,1.69369,0.0133359,5.68778,0.231177
6.7758e+06,0.000711877,1.69369,0.0133364,5.70893,0.221357
6.77594e+06,0.000729677,1.69369,0.0133369,5.72963,0.211996
6.77608e+06,0.000746989,1.69369,0.0133373,5.74991,0.203049
6.77621e+06,0.0007638,1.69368,0.0133377,5.76982,0.194476
6.77634e+06,0.0007801,1.69368,0.0133381,5.78939,0.186243
6.77646e+06,0.000795878,1.69368,0.0133384,5.80865,0.178319
6.77658e+06,0.000811125,1.69368,0.0133388,5.82763,0.170677
6.7767e+06,0.000825832,1.69368,0.0133391,5.84635,0.163291
6.77681e+06,0.000839989,1.69368,0.0133393,5.86483,0.156141
6.77691e+06,0.000853588,1.69368,0.0133396,5.88311,0.149205
6.77702e+06,0.000866622,1.69368,0.0133398,5.90118,0.142465
6.77711e+06,0.000879083,1.69368,0.0133401,5.91908,0.135907
6.77721e+06,0.000890963,1.69368,0.0133403,5.93681,0.129513
6.7773e+06,0.000902257,1.69367,0.0133404,5.95438,0.123272
6.77738e+06,0.000912958,1.69367,0.0133406,5.97182,0.117169
6.77746e+06,0.00092306,1.69367,0.0133407,5.98913,0.111195
6.77754e+06,0.000932558,1.69367,0.0133408,6.00633,0.105338
6.77761e+06,0.000941445,1.69367,0.013341,6.02341,0.0995876
6.77768e+06,0.000949718,1.69367,0.0133411,6.0404,0.0939359
6.77774e+06,0.000957372,1.69367,0.0133411,6.0573,0.088374
6.7778e+06,0.000964402,1.69367,0.0133412,6.07411,0.0828938
6.77785e+06,0.000970806,1.69367,0.0133413,6.09086,0.0774879
6.77789e+06,0.000976578,1.69367,0.0133413,6.10753,0.0721491
6.77794e+06,0.000981716,1.69367,0.0133413,6.12415,0.0668709
6.77797e+06,0.000986218,1.69367,0.0133414,6.14071,0.0616467
6.77801e+06,0.000990081,1.69367,0.0133414,6.15722,0.0564706
6.77803e+06,0.000993302,1.69367,0.0133414,6.17369,0.0513366
6.77806e+06,0.000995879,1.69367,0.0133414,6.19012,0.0462392
6.77808e+06,0.000997812,1.69367,0.0133414,6.20653,0.0411729
6.77809e+06,0.000999099,1.69367,0.0133414,6.2229,0.0361323
6.7781e+06,0.000999739,1.69367,0.0133414,6.23926,0.0311123
6.7781e+06,0.000999731,1.69367,0.0133414,6.2556,0.0261078
6.7781e+06,0.000999076,1.69367,0.0133414,6.27193,0.0211136
6.77809e+06,0.000997773,1.69367,0.0133414,0.00507124,0.0161247
6.77808e+06,0.000995823,1.69367,0.0133414,0.0213962,0.0111361
6.77806e+06,0.000993227,1.69367,0.0133414,0.0377259,0.00614276
6.77804e+06,0.000989985,1.69367,0.0133415,0.0540656,0.00113946
6.77801e+06,0.0009861,1.69367,0.0133415,0.0704204,6.27931
6.77798e+06,0.000981572,1.69367,0.0133415,0.0867956,6.27427
6.77795e+06,0.000976404,1.69367,0.0133415,0.103197,6.2692
6.77791e+06,0.000970599,1.69367,0.0133416,0.119629,6.26411
6.77786e+06,0.000964158,1.69367,0.0133416,0.1361,6.25897
6.77781e+06,0.000957085,1.69367,0.0133417,0.152614,6.25379
6.77775e+06,0.000949384,1.69367,0.0133417,0.169178,6.24857
6.77769e+06,0.000941057,1.69367,0.0133418,0.185798,6.24328
6.77763e+06,0.00093211,1.69367,0.0133419,0.202483,6.23793
6.77756e+06,0.000922546,1.69367,0.013342,0.21924,6.23251
6.77748e+06,0.000912369,1.69367,0.0133421,0.236077,6.22701
6.7774e+06,0.000901586,1.69367,0.0133423,0.253002,6.22142
6.77732e+06,0.000890201,1.69367,0.0133424,0.270026,6.21573
6.77723e+06,0.00087822,1.69368,0.0133426,0.287158,6.20994
6.77714e+06,0.000865648,1.69368,0.0133428,0.30441,6.20402
6.77704e+06,0.000852493,1.69368,0.013343,0.321793,6.19797
6.77694e+06,0.000838761,1.69368,0.0133432,0.339322,6.19178
6.77683e+06,0.000824459,1.69368,0.0133435,0.357011,6.18543
6.77672e+06,0.000809594,1.69368,0.0133437,0.374875,6.1789
6.77661e+06,0.000794175,1.69368,0.013344,0.392934,6.17218
6.77649e+06,0.000778209,1.69368,0.0133444,0.411207,6.16524
6.77637e+06,0.000761705,1.69368,0.0133447,0.429715,6.15806
6.77624e+06,0.000744673,1.69368,0.0133451,0.448486,6.15063
6.77611e+06,0.000727121,1.69369,0.0133455,0.467546,6.14291
6.77598e+06,0.000709059,1.69369,0.0133459,0.486927,6.13486
6.77584e+06,0.000690499,1.69369,0.0133464,0.506666,6.12645
6.7757e+06,0.000671452,1.69369,0.0133468,0.526805,6.11765
6.77555e+06,0.000651928,1.69369,0.0133474,0.547391,6.1084
6.7754e+06,0.000631942,1.69369,0.0133479,0.568478,6.09865
6.77525e+06,0.000611505,1.69369,0.0133485,0.590132,6.08833
6.77509e+06,0.000590632,1.69369,0.0133491,0.612426,6.07737
6.77493e+06,0.00056934,1.6937,0.0133497,0.635447,6.06568
6.77477e+06,0.000547643,1.6937,0.0133504,0.659301,6.05316
6.7746e+06,0.000525561,1.6937,0.0133511,0.684108,6.03969
6.77443e+06,0.000503114,1.6937,0.0133519,0.710018,6.02511
6.77426e+06,0.000480324,1.6937,0.0133526,0.737209,6.00926
6.77408e+06,0.000457216,1.6937,0.0133535,0.765899,5.9919
6.7739e+06,0.000433821,1.69371,0.0133543,0.796356,5.97278
6.77372e+06,0.00041017,1.69371,0.0133552,0.828914,5.95155
6.77354e+06,0.000386306,1.69371,0.0133561,0.863993,5.92781
6.77335e+06,0.000362276,1.69371,0.0133571,0.902124,5.90101
6.77316e+06,0.000338142,1.69371,0.0133581,0.943994,5.87047
6.77297e+06,0.00031398,1.69371,0.0133592,0.990494,5.83531
6.77278e+06,0.000289888,1.69372,0.0133603,1.0428,5.79433
6.77258e+06,0.000266,1.69372,0.0133614,1.10247,5.74599
6.77238e+06,0.000242494,1.69372,0.0133626,1.17162,5.68818
6.77218e+06,0.000219621,1.69372,0.0133638,1.25305,5.61808
6.77198e+06,0.000197739,1.69372,0.013365,1.35055,5.53192
6.77177e+06,0.000177359,1.69373,0.0133663,1.46892,5.42488
6.77157e+06,0.000159217,1.69373,0.0133676,1.61379,5.29134
6.77136e+06,0.000144322,1.69373,0.013369,1.7902,5.12626
6.77115e+06,0.000133931,1.69373,0.0133705,1.99918,4.92861
6.77094e+06,0.000129299,1.69373,0.0133719,2.23285,4.70628
6.77073e+06,0.000131187,1.69373,0.0133734,2.47286,4.4776
6.77052e+06,0.000139462,1.69374,0.013375,2.69763,4.26416
6.77031e+06,0.000153202,1.69374,0.0133766,2.89298,4.08014
6.77009e+06,0.000171186,1.69374,0.0133782,3.05539,3.92906
6.76988e+06,0.000192298,1.69374,0.0133799,3.18819,3.80759
6.76966e+06,0.00021568,1.69374,0.0133817,3.29695,3.71017
6.76945e+06,0.000240716,1.69375,0.0133834,3.38702,3.63142
6.76923e+06,0.000266976,1.69375,0.0133853,3.46278,3.567
6.76901e+06,0.000294158,1.69375,0.0133871,3.52756,3.51355
6.76879e+06,0.000322048,1.69375,0.013389,3.58384,3.46859
6.76858e+06,0.00035049,1.69375,0.013391,3.63348,3.43028
6.76836e+06,0.000379368,1.69376,0.013393,3.67787,3.39723
6.76814e+06,0.000408591,1.69376,0.0133951,3.71803,3.3684
6.76792e+06,0.00043809,1.69376,0.0133972,3.75476,3.34299
6.76771e+06,0.000467807,1.69376,0.0133993,3.78869,3.3204
6.76749e+06,0.000497697,1.69376,0.0134015,3.82029,3.30013
6.76727e+06,0.000527719,1.69377,0.0134037,3.84994,3.28181
6.76706e+06,0.000557839,1.69377,0.013406,3.87794,3.26514
6.76684e+06,0.000588028,1.69377,0.0134083,3.90454,3.24987
6.76663e+06,0.000618258,1.69377,0.0134107,3.92993,3.2358
6.76642e+06,0.000648505,1.69377,0.0134131,3.95429,3.22277
6.76621e+06,0.000678746,1.69378,0.0134156,3.97775,3.21064
6.766e+06,0.000708962,1.69378,0.0134181,4.00042,3.1993
6.76579e+06,0.000739132,1.69378,0.0134206,4.02239,3.18866
6.76558e+06,0.000769237,1.69378,0.0134232,4.04376,3.17862
6.76537e+06,0.000799261,1.69378,0.0134258,4.06459,3.16912
6.76517e+06,0.000829186,1.69379,0.0134285,4.08493,3.1601
6.76496e+06,0.000858996,1.69379,0.0134312,4.10484,3.15151
6.76476e+06,0.000888676,1.69379,0.013434,4.12437,3.14331
6.76456e+06,0.00091821,1.69379,0.0134368,4.14356,3.13546
6.76437e+06,0.000947583,1.69379,0.0134396,4.16243,3.12792
6.76417e+06,0.000976781,1.69379,0.0134425,4.18101,3.12066
6.76398e+06,0.00100579,1.6938,0.0134454,4.19934,3.11365
6.76379e+06,0.0010346,1.6938,0.0134484,4.21744,3.10688
6.7636e+06,0.00106319,1.6938,0.0134514,4.23533,3.10032
6.76341e+06,0.00109155,1.6938,0.0134545,4.25302,3.09396
6.76323e+06,0.00111967,1.6938,0.0134575,4.27053,3.08777
6.76305e+06,0.00114753,1.6938,0.0134607,4.28788,3.08174
6.76287e+06,0.00117513,1.69381,0.0134638,4.30509,3.07587
6.7627e+06,0.00120244,1.69381,0.013467,4.32216,3.07012
6.76253e+06,0.00122947,1.69381,0.0134703,4.3391,3.06451
6.76236e+06,0.00125619,1.69381,0.0134735,4.35592,3.05901
6.76219e+06,0.0012826,1.69381,0.0134768,4.37264,3.05361
6.76203e+06,0.00130868,1.69381,0.0134802,4.38926,3.04832
6.76187e+06,0.00133443,1.69382,0.0134835,4.4058,3.04311
6.76171e+06,0.00135982,1.69382,0.0134869,4.42224,3.03799
6.76156e+06,0.00138486,1.69382,0.0134904,4.43861,3.03294
6.76141e+06,0.00140954,1.69382,0.0134938,4.45491,3.02796
6.76127e+06,0.00143383,1.69382,0.0134973,4.47115,3.02305
6.76113e+06,0.00145774,1.69382,0.0135009,4.48732,3.0182
6.76099e+06,0.00148124,1.69382,0.0135044,4.50344,3.01341
6.76086e+06,0.00150434,1.69382,0.013508,4.51951,3.00867
6.76073e+06,0.00152703,1.69383,0.0135116,4.53553,3.00397
6.7606e+06,0.00154929,1.69383,0.0135153,4.55151,2.99932
6.76048e+06,0.00157111,1.69383,0.0135189,4.56744,2.9947
6.76036e+06,0.00159249,1.69383,0.0135226,4.58334,2.99012
6.76025e+06,0.00161343,1.69383,0.0135263,4.59921,2.98558
6.76014e+06,0.0016339,1.69383,0.0135301,4.61505,2.98107
6.76004e+06,0.00165391,1.69383,0.0135338,4.63086,2.97658
6.75994e+06,0.00167344,1.69383,0.0135376,4.64664,2.97212
6.75984e+06,0.0016925,1.69383,0.0135414,4.6624,2.96768
6.75975e+06,0.00171106,1.69384,0.0135452,4.67815,2.96326
6.75966e+06,0.00172913,1.69384,0.0135491,4.69387,2.95886
6.75958e+06,0.00174671,1.69384,0.013553,4.70958,2.95447
6.7595e+06,0.00176377,1.69384,0.0135568,4.72528,2.9501
6.75943e+06,0.00178032,1.69384,0.0135607,4.74096,2.94573
6.75936e+06,0.00179636,1.69384,0.0135646,4.75663,2.94138
6.7593e+06,0.00181187,1.69384,0.0135685,4.7723,2.93704
6.75924e+06,0.00182685,1.69384,0.0135725,4.78796,2.9327
6.75918e+06,0.00184131,1.69384,0.0135764,4.80361,2.92837
6.75913e+06,0.00185522,1.69384,0.0135804,4.81926,2.92404
6.75909e+06,0.00186859,1.69384,0.0135844,4.83491,2.91971
6.75905e+06,0.00188142,1.69384,0.0135883,4.85056,2.91538
6.75901e+06,0.00189369,1.69384,0.0135923,4.86621,2.91105
6.75898e+06,0.00190542,1.69384,0.0135963,4.88187,2.90671
6.75895e+06,0.00191658,1.69384,0.0136003,4.89752,2.90238
6.75893e+06,0.00192719,1.69384,0.0136043,4.91319,2.89803
6.75892e+06,0.00193724,1.69384,0.0136083,4.92886,2.89368
6.75891e+06,0.00194673,1.69384,0.0136123,4.94453,2.88933
6.7589e+06,0.00195565,1.69384,0.0136163,4.96022,2.88496
6.7589e+06,0.001964,1.69384,0.0136203,4.97592,2.88058
6.7589e+06,0.00197179,1.69384,0.0136243,4.99163,2.87619
6.75891e+06,0.001979,1.69384,0.0136284,5.00735,2.87179
6.75893e+06,0.00198565,1.69384,0.0136324,5.02308,2.86738
6.75894e+06,0.00199172,1.69384,0.0136364,5.03883,2.86295
6.75897e+06,0.00199723,1.69384,0.0136404,5.0546,2.8585
6.759e+06,0.00200216,1.69384,0.0136444,5.07038,2.85404
6.75903e+06,0.00200652,1.69384,0.0136483,5.08618,2.84956
6.75907e+06,0.00201032,1.69384,0.0136523,5.102,2.84505
6.75911e+06,0.00201354,1.69384,0.0136563,5.11784,2.84053
6.75916e+06,0.0020162,1.69384,0.0136602,5.1337,2.83599
6.75921e+06,0.00201828,1.69384,0.0136642,5.14958,2.83143
6.75927e+06,0.00201981,1.69384,0.0136681,5.16548,2.82684
6.75933e+06,0.00202077,1.69384,0.0136721,5.18141,2.82223
6.75939e+06,0.00202117,1.69384,0.013676,5.19737,2.81759
6.75947e+06,0.00202101,1.69384,0.0136799,5.21335,2.81293
6.75954e+06,0.00202029,1.69384,0.0136838,5.22936,2.80824
6.75962e+06,0.00201903,1.69384,0.0136876,5.24539,2.80352
6.75971e+06,0.00201721,1.69384,0.0136915,5.26146,2.79877
6.7598e+06,0.00201485,1.69383,0.0136953,5.27756,2.79399
6.75989e+06,0.00201194,1.69383,0.0136991,5.29368,2.78918
6.75999e+06,0.0020085,1.69383,0.0137029,5.30984,2.78434
6.76009e+06,0.00200452,1.69383,0.0137067,5.32604,2.77946
6.7602e+06,0.00200002,1.69383,0.0137104,5.34226,2.77455
6.76031e+06,0.00199499,1.69383,0.0137142,5.35853,2.76961
6.76042e+06,0.00198944,1.69383,0.0137179,5.37483,2.76462
6.76054e+06,0.00198338,1.69383,0.0137215,5.39116,2.7596
6.76067e+06,0.0019768,1.69383,0.0137252,5.40754,2.75454
6.76079e+06,0.00196973,1.69383,0.0137288,5.42395,2.74945
6.76093e+06,0.00196216,1.69382,0.0137324,5.44041,2.74431
6.76106e+06,0.00195409,1.69382,0.013736,5.45691,2.73913
6.7612e+06,0.00194554,1.69382,0.0137395,5.47345,2.7339
6.76134e+06,0.00193652,1.69382,0.013743,5.49003,2.72863
6.76149e+06,0.00192702,1.69382,0.0137465,5.50666,2.72332
6.76164e+06,0.00191706,1.69382,0.01375,5.52333,2.71796
6.76179e+06,0.00190664,1.69382,0.0137534,5.54005,2.71256
6.76195e+06,0.00189577,1.69382,0.0137568,5.55683,2.7071
6.76211e+06,0.00188446,1.69381,0.0137601,5.57365,2.7016
6.76227e+06,0.00187271,1.69381,0.0137634,5.59052,2.69604
6.76244e+06,0.00186054,1.69381,0.0137667,5.60744,2.69044
6.76261e+06,0.00184795,1.69381,0.01377,5.62441,2.68478
6.76278e+06,0.00183494,1.69381,0.0137732,5.64144,2.67906
6.76296e+06,0.00182154,1.69381,0.0137764,5.65853,2.67329
6.76314e+06,0.00180774,1.6938,0.0137795,5.67567,2.66747
6.76332e+06,0.00179356,1.6938,0.0137826,5.69287,2.66158
6.7635e+06,0.001779,1.6938,0.0137857,5.71013,2.65564
6.76369e+06,0.00176408,1.6938,0.0137887,5.72745,2.64963
6.76388e+06,0.00174879,1.6938,0.0137917,5.74483,2.64357
6.76407e+06,0.00173316,1.6938,0.0137946,5.76228,2.63744
6.76426e+06,0.00171719,1.69379,0.0137975,5.77978,2.63124
6.76446e+06,0.00170088,1.69379,0.0138004,5.79736,2.62498
6.76466e+06,0.00168426,1.69379,0.0138032,5.815,2.61866
6.76486e+06,0.00166733,1.69379,0.013806,5.83271,2.61226
6.76506e+06,0.00165009,1.69379,0.0138087,5.85049,2.60579
6.76526e+06,0.00163257,1.69378,0.0138114,5.86834,2.59926
6.76547e+06,0.00161476,1.69378,0.0138141,5.88627,2.59265
6.76567e+06,0.00159668,1.69378,0.0138167,5.90427,2.58596
6.76588e+06,0.00157834,1.69378,0.0138192,5.92234,2.5792
6.76609e+06,0.00155974,1.69378,0.0138218,5.94049,2.57237
6.7663e+06,0.00154091,1.69378,0.0138243,5.95872,2.56545
6.76651e+06,0.00152184,1.69377,0.0138267,5.97703,2.55846
6.76673e+06,0.00150255,1.69377,0.0138291,5.99542,2.55138
6.76694e+06,0.00148305,1.69377,0.0138314,6.0139,2.54422
6.76715e+06,0.00146335,1.69377,0.0138337,6.03246,2.53697
6.76737e+06,0.00144346,1.69377,0.013836,6.0511,2.52964
6.76758e+06,0.00142339,1.69376,0.0138382,6.06984,2.52222
6.7678e+06,0.00140315,1.69376,0.0138404,6.08866,2.51472
6.76802e+06,0.00138275,1.69376,0.0138425,6.10757,2.50712
6.76823e+06,0.00136219,1.69376,0.0138446,6.12658,2.49943
6.76845e+06,0.0013415,1.69376,0.0138466,6.14568,2.49164
6.76867e+06,0.00132068,1.69375,0.0138486,6.16487,2.48376
6.76889e+06,0.00129973,1.69375,0.0138505,6.18416,2.47578
6.7691e+06,0.00127868,1.69375,0.0138524,6.20355,2.46771
6.76932e+06,0.00125752,1.69375,0.0138542,6.22304,2.45953
6.76953e+06,0.00123628,1.69375,0.013856,6.24263,2.45125
6.76975e+06,0.00121495,1.69374,0.0138578,6.26233,2.44287
6.76996e+06,0.00119355,1.69374,0.0138595,6.28213,2.43439
6.77018e+06,0.0011721,1.69374,0.0138612,0.0188482,2.42579
6.77039e+06,0.00115058,1.69374,0.0138628,0.0388614,2.41709
6.7706e+06,0.00112903,1.69374,0.0138644,0.0589836,2.40829
6.77081e+06,0.00110744,1.69373,0.0138659,0.0792162,2.39937
6.77102e+06,0.00108582,1.69373,0.0138674,0.0995605,2.39034
6.77123e+06,0.00106419,1.69373,0.0138689,0.120018,2.38119
6.77144e+06,0.00104255,1.69373,0.0138703,0.14059,2.37193
6.77165e+06,0.00102091,1.69373,0.0138716,0.161277,2.36256
6.77185e+06,0.000999281,1.69372,0.013873,0.182081,2.35307
6.77205e+06,0.000977667,1.69372,0.0138742,0.203002,2.34346
6.77225e+06,0.000956078,1.69372,0.0138755,0.224042,2.33374
6.77245e+06,0.000934522,1.69372,0.0138767,0.245202,2.32389
6.77265e+06,0.000913006,1.69372,0.0138778,0.266482,2.31392
6.77284e+06,0.000891537,1.69372,0.0138789,0.287883,2.30384
6.77303e+06,0.000870122,1.69371,0.01388,0.309405,2.29363
6.77322e+06,0.000848769,1.69371,0.013881,0.331049,2.2833
6.77341e+06,0.000827483,1.69371,0.013882,0.352815,2.27285
6.7736e+06,0.000806271,1.69371,0.013883,0.374704,2.26227
6.77378e+06,0.000785139,1.69371,0.0138839,0.396714,2.25157
6.77396e+06,0.000764092,1.69371,0.0138848,0.418846,2.24076
6.77414e+06,0.000743137,1.6937,0.0138856,0.441099,2.22982
6.77431e+06,0.000722278,1.6937,0.0138864,0.463472,2.21876
6.77448e+06,0.00070152,1.6937,0.0138872,0.485964,2.20758
6.77465e+06,0.000680867,1.6937,0.0138879,0.508573,2.19628
6.77481e+06,0.000660325,1.6937,0.0138886,0.531298,2.18487
6.77497e+06,0.000639896,1.6937,0.0138893,0.554136,2.17335
6.77513e+06,0.000619585,1.69369,0.0138899,0.577085,2.16171
6.77529e+06,0.000599394,1.69369,0.0138905,0.600141,2.14997
6.77544e+06,0.000579327,1.69369,0.013891,0.6233,2.13812
6.77559e+06,0.000559387,1.69369,0.0138916,0.646558,2.12618
6.77573e+06,0.000539574,1.69369,0.0138921,0.669911,2.11414
6.77587e+06,0.000519892,1.69369,0.0138926,0.69335,2.10201
6.77601e+06,0.000500342,1.69369,0.013893,0.71687,2.08981
6.77614e+06,0.000480925,1.69369,0.0138934,0.740462,2.07753
6.77627e+06,0.000461641,1.69368,0.0138938,0.764117,2.06519
6.77639e+06,0.000442492,1.69368,0.0138942,0.787823,2.05279
6.77652e+06,0.000423477,1.69368,0.0138945,0.811568,2.04036
6.77663e+06,0.000404597,1.69368,0.0138948,0.835336,2.02791
6.77674e+06,0.00038585,1.69368,0.0138951,0.859108,2.01545
6.77685e+06,0.000367236,1.69368,0.0138954,0.882865,2.003
6.77696e+06,0.000348753,1.69368,0.0138956,0.90658,1.9906
6.77706e+06,0.0003304,1.69368,0.0138958,0.930224,1.97827
6.77715e+06,0.000312176,1.69368,0.0138961,0.953759,1.96605
6.77724e+06,0.000294076,1.69368,0.0138962,0.977141,1.95398
6.77733e+06,0.0002761,1.69367,0.0138964,1.00031,1.94212
6.77741e+06,0.000258245,1.69367,0.0138965,1.02321,1.93054
6.77749e+06,0.000240507,1.69367,0.0138967,1.04574,1.91932
6.77756e+06,0.000222884,1.69367,0.0138968,1.06779,1.90859
6.77763e+06,0.000205372,1.69367,0.0138969,1.0892,1.89849
6.77769e+06,0.000187969,1.69367,0.013897,1.10978,1.88922
6.77775e+06,0.000170671,1.69367,0.0138971,1.12924,1.88107
6.77781e+06,0.000153476,1.69367,0.0138971,1.14718,1.87445
6.77785e+06,0.000136384,1.69367,0.0138972,1.163,1.86995
6.7779e+06,0.000119395,1.69367,0.0138972,1.17575,1.86851
6.77794e+06,0.000102514,1.69367,0.0138972,1.18392,1.87165
6.77797e+06,8.57533e-05,1.69367,0.0138973,1.18479,1.8821
6.778e+06,6.91443e-05,1.69367,0.0138973,1.17312,1.90508
6.77803e+06,5.27623e-05,1.69367,0.0138973,1.1373,1.95221
6.77805e+06,3.68262e-05,1.69367,0.0138973,1.04621,2.05461
6.77806e+06,2.21923e-05,1.69367,0.0138973,0.789454,2.32269
6.77807e+06,1.37252e-05,1.69367,0.0138973,6.25093,3.15571
6.77808e+06,2.09821e-05,1.69367,0.0138973,5.36341,4.05454
6.77808e+06,3.5291e-05,1.69367,0.0138973,5.07812,4.35115
6.77808e+06,5.10124e-05,1.69367,0.0138973,4.97892,4.46165
6.77807e+06,6.71557e-05,1.69367,0.0138973,4.94008,4.51181
6.77805e+06,8.34772e-05,1.69367,0.0138973,4.92713,4.53608
6.77803e+06,9.98948e-05,1.69367,0.0138973,4.92747,4.54705
6.77801e+06,0.000116376,1.69367,0.0138973,4.9355,4.55033
6.77798e+06,0.000132908,1.69367,0.0138974,4.94837,4.54877
6.77795e+06,0.000149487,1.69367,0.0138974,4.96447,4.54399
6.77791e+06,0.000166111,1.69367,0.0138974,4.98281,4.53696
6.77786e+06,0.000182785,1.69367,0.0138975,5.00278,4.52831
6.77782e+06,0.00019951,1.69367,0.0138975,5.02395,4.51846
6.77776e+06,0.000216292,1.69367,0.0138976,5.04602,4.50769
6.77771e+06,0.000233134,1.69367,0.0138976,5.0688,4.49623
6.77764e+06,0.000250042,1.69367,0.0138977,5.09212,4.48423
6.77758e+06,0.00026702,1.69367,0.0138978,5.11585,4.4718
6.7775e+06,0.000284074,1.69367,0.0138979,5.13992,4.45905
6.77743e+06,0.000301207,1.69367,0.0138981,5.16424,4.44604
6.77735e+06,0.000318424,1.69367,0.0138982,5.18876,4.43283
6.77726e+06,0.000335729,1.69368,0.0138984,5.21343,4.41948
6.77717e+06,0.000353127,1.69368,0.0138986,5.23821,4.40601
6.77708e+06,0.000370621,1.69368,0.0138987,5.26307,4.39247
6.77698e+06,0.000388214,1.69368,0.013899,5.28798,4.37887
6.77687e+06,0.00040591,1.69368,0.0138992,5.31291,4.36526
6.77677e+06,0.000423711,1.69368,0.0138995,5.33784,4.35163
6.77666e+06,0.000441619,1.69368,0.0138998,5.36277,4.33803
6.77654e+06,0.000459638,1.69368,0.0139001,5.38766,4.32444
6.77642e+06,0.000477768,1.69368,0.0139004,5.41252,4.3109
6.7763e+06,0.000496011,1.69368,0.0139008,5.43732,4.29742
6.77617e+06,0.000514368,1.69369,0.0139011,5.46205,4.28399
6.77604e+06,0.00053284,1.69369,0.0139015,5.48672,4.27065
6.7759e+06,0.000551427,1.69369,0.013902,5.5113,4.25738
6.77576e+06,0.000570129,1.69369,0.0139025,5.53579,4.2442
6.77562e+06,0.000588945,1.69369,0.013903,5.56019,4.23111
6.77547e+06,0.000607876,1.69369,0.0139035,5.58449,4.21812
6.77532e+06,0.000626918,1.69369,0.013904,5.60869,4.20524
6.77516e+06,0.000646072,1.69369,0.0139046,5.63277,4.19247
6.77501e+06,0.000665336,1.6937,0.0139053,5.65674,4.17982
6.77485e+06,0.000684706,1.6937,0.0139059,5.6806,4.16727
6.77468e+06,0.00070418,1.6937,0.0139066,5.70433,4.15485
6.77452e+06,0.000723756,1.6937,0.0139073,5.72795,4.14255
6.77434e+06,0.00074343,1.6937,0.0139081,5.75144,4.13038
6.77417e+06,0.000763199,1.6937,0.0139089,5.7748,4.11833
6.774e+06,0.000783058,1.6937,0.0139097,5.79803,4.10641
6.77382e+06,0.000803003,1.69371,0.0139106,5.82114,4.09461
6.77363e+06,0.00082303,1.69371,0.0139115,5.84412,4.08295
6.77345e+06,0.000843134,1.69371,0.0139124,5.86697,4.07142
6.77326e+06,0.000863309,1.69371,0.0139134,5.88968,4.06001
6.77307e+06,0.00088355,1.69371,0.0139144,5.91227,4.04874
6.77288e+06,0.000903852,1.69372,0.0139155,5.93473,4.0376
6.77269e+06,0.000924207,1.69372,0.0139166,5.95705,4.02659
6.77249e+06,0.000944611,1.69372,0.0139177,5.97924,4.01571
6.77229e+06,0.000965055,1.69372,0.0139189,6.00131,4.00496
6.77209e+06,0.000985534,1.69372,0.0139202,6.02324,3.99434
6.77189e+06,0.00100604,1.69372,0.0139214,6.04505,3.98385
6.77169e+06,0.00102657,1.69373,0.0139227,6.06673,3.97349
6.77148e+06,0.0010471,1.69373,0.0139241,6.08828,3.96325
6.77128e+06,0.00106765,1.69373,0.0139255,6.1097,3.95314
6.77107e+06,0.00108819,1.69373,0.0139269,6.131,3.94315
6.77086e+06,0.00110872,1.69373,0.0139284,6.15218,3.93329
6.77065e+06,0.00112923,1.69374,0.0139299,6.17323,3.92355
6.77043e+06,0.00114971,1.69374,0.0139315,6.19417,3.91393
6.77022e+06,0.00117015,1.69374,0.0139331,6.21498,3.90444
6.77001e+06,0.00119055,1.69374,0.0139348,6.23567,3.89506
6.76979e+06,0.00121089,1.69374,0.0139365,6.25625,3.88579
6.76958e+06,0.00123117,1.69375,0.0139382,6.27671,3.87664
6.76936e+06,0.00125138,1.69375,0.01394,0.0138765,3.86761
6.76915e+06,0.0012715,1.69375,0.0139419,0.0341128,3.85869
6.76893e+06,0.00129154,1.69375,0.0139437,0.0542384,3.84988
6.76871e+06,0.00131147,1.69375,0.0139457,0.074255,3.84118
6.7685e+06,0.00133129,1.69376,0.0139477,0.0941642,3.83258
6.76828e+06,0.00135099,1.69376,0.0139497,0.113968,3.82409
6.76806e+06,0.00137056,1.69376,0.0139517,0.133667,3.81571
6.76784e+06,0.00138999,1.69376,0.0139539,0.153264,3.80743
6.76763e+06,0.00140927,1.69376,0.013956,0.17276,3.79925
6.76741e+06,0.00142839,1.69377,0.0139582,0.192157,3.79116
6.7672e+06,0.00144734,1.69377,0.0139605,0.211456,3.78318
6.76698e+06,0.00146611,1.69377,0.0139627,0.23066,3.77529
6.76677e+06,0.00148469,1.69377,0.0139651,0.24977,3.7675
6.76656e+06,0.00150307,1.69377,0.0139675,0.268787,3.7598
6.76634e+06,0.00152124,1.69377,0.0139699,0.287714,3.75218
6.76613e+06,0.0015392,1.69378,0.0139724,0.306551,3.74466
6.76592e+06,0.00155692,1.69378,0.0139749,0.325301,3.73723
6.76571e+06,0.0015744,1.69378,0.0139774,0.343966,3.72988
6.76551e+06,0.00159163,1.69378,0.01398,0.362546,3.72261
6.7653e+06,0.00160861,1.69378,0.0139827,0.381044,3.71543
6.7651e+06,0.00162531,1.69379,0.0139854,0.39946,3.70833
6.7649e+06,0.00164174,1.69379,0.0139881,0.417798,3.70131
6.7647e+06,0.00165788,1.69379,0.0139909,0.436057,3.69436
6.7645e+06,0.00167372,1.69379,0.0139937,0.454241,3.6875
6.7643e+06,0.00168925,1.69379,0.0139965,0.472349,3.6807
6.76411e+06,0.00170446,1.6938,0.0139994,0.490385,3.67398
6.76392e+06,0.00171935,1.6938,0.0140024,0.508349,3.66734
6.76373e+06,0.0017339,1.6938,0.0140054,0.526243,3.66076
6.76354e+06,0.00174811,1.6938,0.0140084,0.544068,3.65425
6.76335e+06,0.00176196,1.6938,0.0140114,0.561826,3.64781
6.76317e+06,0.00177545,1.6938,0.0140145,0.579519,3.64143
6.76299e+06,0.00178857,1.69381,0.0140176,0.597147,3.63512
6.76282e+06,0.00180131,1.69381,0.0140208,0.614712,3.62887
6.76264e+06,0.00181366,1.69381,0.014024,0.632216,3.62268
6.76247e+06,0.00182562,1.69381,0.0140273,0.64966,3.61656
6.76231e+06,0.00183717,1.69381,0.0140305,0.667046,3.61049
6.76214e+06,0.0018483,1.69381,0.0140339,0.684374,3.60448
6.76198e+06,0.00185901,1.69381,0.0140372,0.701646,3.59852
6.76182e+06,0.0018693,1.69382,0.0140406,0.718864,3.59262
6.76167e+06,0.00187915,1.69382,0.014044,0.736029,3.58677
6.76152e+06,0.00188855,1.69382,0.0140474,0.753141,3.58098
6.76137e+06,0.00189751,1.69382,0.0140509,0.770203,3.57523
6.76123e+06,0.00190601,1.69382,0.0140544,0.787216,3.56954
6.76109e+06,0.00191404,1.69382,0.014058,0.804181,3.56389
6.76095e+06,0.0019216,1.69382,0.0140615,0.821099,3.55829
6.76082e+06,0.00192868,1.69383,0.0140651,0.837972,3.55273
6.76069e+06,0.00193528,1.69383,0.0140687,0.8548,3.54722
6.76057e+06,0.0019414,1.69383,0.0140724,0.871585,3.54175
6.76045e+06,0.00194701,1.69383,0.0140761,0.888329,3.53633
6.76033e+06,0.00195213,1.69383,0.0140797,0.905032,3.53094
6.76022e+06,0.00195674,1.69383,0.0140835,0.921696,3.5256
6.76011e+06,0.00196083,1.69383,0.0140872,0.938322,3.52029
6.76001e+06,0.00196442,1.69383,0.014091,0.954911,3.51502
6.75991e+06,0.00196748,1.69383,0.0140948,0.971464,3.50978
6.75981e+06,0.00197001,1.69383,0.0140986,0.987983,3.50458
6.75972e+06,0.00197202,1.69384,0.0141024,1.00447,3.49942
6.75964e+06,0.0019735,1.69384,0.0141063,1.02092,3.49428
6.75956e+06,0.00197444,1.69384,0.0141101,1.03735,3.48918
6.75948e+06,0.00197484,1.69384,0.014114,1.05374,3.4841
6.75941e+06,0.0019747,1.69384,0.0141179,1.0701,3.47906
6.75934e+06,0.00197401,1.69384,0.0141218,1.08644,3.47404
6.75928e+06,0.00197278,1.69384,0.0141257,1.10275,3.46904
6.75922e+06,0.00197099,1.69384,0.0141297,1.11904,3.46408
6.75917e+06,0.00196866,1.69384,0.0141336,1.1353,3.45913
6.75912e+06,0.00196577,1.69384,0.0141376,1.15155,3.45421
6.75907e+06,0.00196232,1.69384,0.0141415,1.16777,3.44931
6.75903e+06,0.00195832,1.69384,0.0141455,1.18397,3.44443
6.759e+06,0.00195376,1.69384,0.0141495,1.20015,3.43956
6.75897e+06,0.00194865,1.69384,0.0141535,1.21632,3.43472
6.75895e+06,0.00194297,1.69384,0.0141575,1.23246,3.42989
6.75893e+06,0.00193674,1.69384,0.0141615,1.2486,3.42508
6.75891e+06,0.00192995,1.69384,0.0141655,1.26472,3.42027
6.7589e+06,0.0019226,1.69384,0.0141695,1.28083,3.41549
6.7589e+06,0.0019147,1.69384,0.0141735,1.29693,3.41071
6.7589e+06,0.00190624,1.69384,0.0141775,1.31302,3.40594
6.7589e+06,0.00189723,1.69384,0.0141816,1.3291,3.40117
6.75891e+06,0.00188766,1.69384,0.0141856,1.34518,3.39642
6.75893e+06,0.00187754,1.69384,0.0141896,1.36125,3.39167
6.75895e+06,0.00186688,1.69384,0.0141936,1.37732,3.38692
6.75897e+06,0.00185566,1.69384,0.0141976,1.39339,3.38217
6.759e+06,0.00184391,1.69384,0.0142016,1.40946,3.37742
6.75904e+06,0.00183161,1.69384,0.0142055,1.42553,3.37267
6.75908e+06,0.00181878,1.69384,0.0142095,1.44161,3.36792
6.75912e+06,0.00180541,1.69384,0.0142135,1.45769,3.36316
6.75917e+06,0.00179152,1.69384,0.0142175,1.47378,3.35839
6.75922e+06,0.0017771,1.69384,0.0142214,1.48988,3.35362
6.75928e+06,0.00176216,1.69384,0.0142253,1.50599,3.34883
6.75934e+06,0.0017467,1.69384,0.0142293,1.52211,3.34403
6.75941e+06,0.00173073,1.69384,0.0142332,1.53825,3.33921
6.75948e+06,0.00171426,1.69384,0.0142371,1.55441,3.33437
6.75956e+06,0.00169728,1.69384,0.0142409,1.57059,3.32952
6.75964e+06,0.00167981,1.69384,0.0142448,1.58679,3.32464
6.75973e+06,0.00166186,1.69384,0.0142487,1.60302,3.31973
6.75982e+06,0.00164342,1.69383,0.0142525,1.61928,3.3148
6.75992e+06,0.00162451,1.69383,0.0142563,1.63557,3.30983
6.76002e+06,0.00160512,1.69383,0.0142601,1.6519,3.30482
6.76012e+06,0.00158528,1.69383,0.0142638,1.66827,3.29978
6.76023e+06,0.00156498,1.69383,0.0142676,1.68467,3.2947
6.76034e+06,0.00154424,1.69383,0.0142713,1.70113,3.28957
6.76046e+06,0.00152306,1.69383,0.014275,1.71763,3.28439
6.76058e+06,0.00150145,1.69383,0.0142787,1.73419,3.27915
6.7607e+06,0.00147941,1.69383,0.0142823,1.75081,3.27386
6.76083e+06,0.00145697,1.69383,0.0142859,1.76749,3.2685
6.76096e+06,0.00143412,1.69382,0.0142895,1.78424,3.26308
6.7611e+06,0.00141087,1.69382,0.0142931,1.80107,3.25758
6.76124e+06,0.00138725,1.69382,0.0142966,1.81798,3.25199
6.76138e+06,0.00136324,1.69382,0.0143001,1.83497,3.24632
6.76153e+06,0.00133887,1.69382,0.0143036,1.85206,3.24056
6.76168e+06,0.00131415,1.69382,0.0143071,1.86925,3.23469
6.76184e+06,0.00128908,1.69382,0.0143105,1.88656,3.22871
6.762e+06,0.00126368,1.69381,0.0143138,1.90398,3.22262
6.76216e+06,0.00123796,1.69381,0.0143172,1.92153,3.21639
6.76232e+06,0.00121192,1.69381,0.0143205,1.93923,3.21002
6.76249e+06,0.00118559,1.69381,0.0143238,1.95708,3.2035
6.76266e+06,0.00115897,1.69381,0.014327,1.97509,3.19682
6.76284e+06,0.00113207,1.69381,0.0143302,1.99328,3.18995
6.76301e+06,0.00110491,1.69381,0.0143334,2.01166,3.18289
6.76319e+06,0.0010775,1.6938,0.0143365,2.03026,3.17562
6.76338e+06,0.00104985,1.6938,0.0143396,2.0491,3.16812
6.76356e+06,0.00102197,1.6938,0.0143427,2.06818,3.16036
6.76375e+06,0.000993891,1.6938,0.0143457,2.08754,3.15232
6.76394e+06,0.000965613,1.6938,0.0143486,2.10721,3.14399
6.76413e+06,0.000937153,1.69379,0.0143516,2.12721,3.13532
6.76433e+06,0.000908526,1.69379,0.0143545,2.14757,3.12628
6.76452e+06,0.000879749,1.69379,0.0143573,2.16834,3.11683
6.76472e+06,0.000850836,1.69379,0.0143601,2.18956,3.10694
6.76492e+06,0.000821806,1.69379,0.0143629,2.21128,3.09655
6.76513e+06,0.000792675,1.69379,0.0143656,2.23355,3.08561
6.76533e+06,0.000763462,1.69378,0.0143683,2.25645,3.07405
6.76554e+06,0.000734186,1.69378,0.014371,2.28003,3.06179
6.76575e+06,0.000704867,1.69378,0.0143736,2.3044,3.04875
6.76595e+06,0.000675528,1.69378,0.0143761,2.32964,3.03484
6.76616e+06,0.000646192,1.69378,0.0143786,2.35589,3.01992
6.76638e+06,0.000616884,1.69377,0.0143811,2.38327,3.00387
6.76659e+06,0.000587632,1.69377,0.0143835,2.41195,2.98651
6.7668e+06,0.000558468,1.69377,0.0143859,2.44214,2.96766
6.76702e+06,0.000529425,1.69377,0.0143882,2.47407,2.94706
6.76723e+06,0.000500545,1.69377,0.0143905,2.50801,2.92444
6.76745e+06,0.000471872,1.69376,0.0143927,2.54434,2.89945
6.76767e+06,0.00044346,1.69376,0.0143949,2.58346,2.87166
6.76788e+06,0.000415374,1.69376,0.0143971,2.62591,2.84054
6.7681e+06,0.000387691,1.69376,0.0143992,2.67234,2.80544
6.76832e+06,0.000360507,1.69376,0.0144013,2.72358,2.76553
6.76853e+06,0.000333942,1.69375,0.0144033,2.78065,2.71979
6.76875e+06,0.00030815,1.69375,0.0144052,2.84484,2.66693
6.76897e+06,0.000283329,1.69375,0.0144072,2.91775,2.60535
6.76919e+06,0.000259735,1.69375,0.014409,3.00133,2.5331
6.7694e+06,0.000237705,1.69375,0.0144109,3.09789,2.44788
6.76962e+06,0.000217676,1.69374,0.0144127,3.20994,2.34716
6.76984e+06,0.000200199,1.69374,0.0144144,3.33979,2.22864
6.77005e+06,0.000185931,1.69374,0.0144161,3.48874,2.09102
6.77027e+06,0.000175582,1.69374,0.0144178,3.65581,1.93528
6.77048e+06,0.000169784,1.69374,0.0144194,3.83649,1.76594
6.77069e+06,0.00016891,1.69373,0.0144209,4.02264,1.59112
6.7709e+06,0.000172936,1.69373,0.0144225,4.20441,1.42068
6.77111e+06,0.00018143,1.69373,0.0144239,4.37335,1.26307
6.77132e+06,0.000193703,1.69373,0.0144254,4.5245,1.12326
6.77153e+06,0.000208988,1.69373,0.0144268,4.6565,1.00259
6.77174e+06,0.000226576,1.69373,0.0144281,4.77047,0.899953
6.77194e+06,0.000245877,1.69372,0.0144294,4.86866,0.813096
6.77214e+06,0.000266424,1.69372,0.0144307,4.95358,0.739506
6.77234e+06,0.000287861,1.69372,0.0144319,5.02758,0.676844
6.77254e+06,0.000309915,1.69372,0.0144331,5.09264,0.623113
6.77274e+06,0.000332378,1.69372,0.0144342,5.15042,0.576674
6.77293e+06,0.000355091,1.69371,0.0144353,5.20222,0.536206
6.77312e+06,0.00037793,1.69371,0.0144364,5.2491,0.500654
6.77331e+06,0.000400796,1.69371,0.0144374,5.29191,0.469178
6.7735e+06,0.000423611,1.69371,0.0144383,5.33132,0.441104
6.77369e+06,0.000446309,1.69371,0.0144393,5.36787,0.41589
6.77387e+06,0.000468838,1.69371,0.0144402,5.402,0.393098
6.77405e+06,0.000491153,1.6937,0.014441,5.43406,0.372372
6.77422e+06,0.000513216,1.6937,0.0144419,5.46434,0.353418
6.7744e+06,0.000534993,1.6937,0.0144427,5.4931,0.335994
6.77457e+06,0.000556456,1.6937,0.0144434,5.52053,0.319898
6.77473e+06,0.000577579,1.6937,0.0144441,5.5468,0.304963
6.7749e+06,0.00059834,1.6937,0.0144448,5.57206,0.291045
6.77506e+06,0.000618717,1.6937,0.0144455,5.59641,0.278024
6.77522e+06,0.000638691,1.69369,0.0144461,5.61997,0.265798
6.77537e+06,0.000658246,1.69369,0.0144467,5.64283,0.254277
6.77552e+06,0.000677366,1.69369,0.0144472,5.66505,0.243387
6.77567e+06,0.000696035,1.69369,0.0144477,5.68672,0.233061
6.77581e+06,0.000714239,1.69369,0.0144482,5.70787,0.223241
6.77595e+06,0.000731967,1.69369,0.0144487,5.72857,0.213878
6.77609e+06,0.000749204,1.69369,0.0144491,5.74885,0.204928
6.77622e+06,0.000765941,1.69368,0.0144495,5.76877,0.196351
6.77635e+06,0.000782167,1.69368,0.0144499,5.78834,0.188113
6.77647e+06,0.00079787,1.69368,0.0144502,5.80761,0.180183
6.77659e+06,0.000813041,1.69368,0.0144506,5.82659,0.172535
6.7767e+06,0.000827671,1.69368,0.0144509,5.84532,0.165143
6.77681e+06,0.000841751,1.69368,0.0144512,5.86381,0.157985
6.77692e+06,0.000855274,1.69368,0.0144514,5.88209,0.151043
6.77702e+06,0.00086823,1.69368,0.0144516,5.90017,0.144297
6.77712e+06,0.000880613,1.69368,0.0144519,5.91807,0.137732
6.77722e+06,0.000892416,1.69368,0.0144521,5.93581,0.131332
6.7773e+06,0.000903631,1.69367,0.0144522,5.95339,0.125084
6.77739e+06,0.000914253,1.69367,0.0144524,5.97084,0.118976
6.77747e+06,0.000924276,1.69367,0.0144525,5.98815,0.112996
6.77754e+06,0.000933694,1.69367,0.0144526,6.00535,0.107133
6.77762e+06,0.000942502,1.69367,0.0144528,6.02244,0.101378
6.77768e+06,0.000950695,1.69367,0.0144528,6.03944,0.0957215
6.77774e+06,0.000958268,1.69367,0.0144529,6.05634,0.0901552
6.7778e+06,0.000965218,1.69367,0.014453,6.07316,0.0846709
6.77785e+06,0.000971541,1.69367,0.0144531,6.0899,0.0792613
6.7779e+06,0.000977232,1.69367,0.0144531,6.10658,0.0739193
6.77794e+06,0.000982289,1.69367,0.0144531,6.1232,0.0686381
6.77798e+06,0.00098671,1.69367,0.0144532,6.13976,0.0634115
6.77801e+06,0.000990491,1.69367,0.0144532,6.15628,0.0582333
6.77804e+06,0.000993631,1.69367,0.0144532,6.17275,0.0530977
6.77806e+06,0.000996127,1.69367,0.0144532,6.18919,0.047999
6.77808e+06,0.000997978,1.69367,0.0144532,6.20559,0.0429319
6.77809e+06,0.000999183,1.69367,0.0144532,6.22197,0.0378909
6.7781e+06,0.000999741,1.69367,0.0144532,6.23832,0.032871
6.7781e+06,0.000999652,1.69367,0.0144532,6.25466,0.0278669
6.7781e+06,0.000998916,1.69367,0.0144532,6.27099,0.0228737
6.77809e+06,0.000997531,1.69367,0.0144532,0.00413138,0.0178862
6.77808e+06,0.0009955,1.69367,0.0144532,0.0204545,0.0128994
6.77806e+06,0.000992822,1.69367,0.0144532,0.036782,0.00790836
6.77804e+06,0.000989499,1.69367,0.0144532,0.0531188,0.0029078
6.77801e+06,0.000985533,1.69367,0.0144533,0.0694704,6.28108
6.77798e+06,0.000980924,1.69367,0.0144533,0.0858419,6.27604
6.77794e+06,0.000975676,1.69367,0.0144533,0.102239,6.27098
6.7779e+06,0.00096979,1.69367,0.0144533,0.118667,6.26589
6.77786e+06,0.000963269,1.69367,0.0144534,0.135132,6.26076
6.77781e+06,0.000956116,1.69367,0.0144534,0.151641,6.25559
6.77775e+06,0.000948335,1.69367,0.0144535,0.168198,6.25037
6.77769e+06,0.000939929,1.69367,0.0144536,0.184813,6.24509
6.77762e+06,0.000930902,1.69367,0.0144537,0.201491,6.23975
6.77755e+06,0.000921259,1.69367,0.0144538,0.21824,6.23433
6.77748e+06,0.000911004,1.69367,0.0144539,0.235069,6.22884
6.7774e+06,0.000900143,1.69367,0.0144541,0.251985,6.22326
6.77731e+06,0.00088868,1.69367,0.0144542,0.269,6.21758
6.77723e+06,0.000876622,1.69368,0.0144544,0.286123,6.21179
6.77713e+06,0.000863973,1.69368,0.0144546,0.303365,6.20589
6.77704e+06,0.000850742,1.69368,0.0144548,0.320738,6.19985
6.77693e+06,0.000836934,1.69368,0.014455,0.338257,6.19367
6.77683e+06,0.000822556,1.69368,0.0144553,0.355934,6.18733
6.77672e+06,0.000807616,1.69368,0.0144555,0.373788,6.18081
6.7766e+06,0.000792123,1.69368,0.0144558,0.391835,6.1741
6.77648e+06,0.000776083,1.69368,0.0144562,0.410096,6.16717
6.77636e+06,0.000759505,1.69368,0.0144565,0.428593,6.16001
6.77623e+06,0.0007424,1.69368,0.0144569,0.447352,6.15258
6.7761e+06,0.000724775,1.69369,0.0144573,0.4664,6.14487
6.77597e+06,0.000706642,1.69369,0.0144577,0.485771,6.13684
6.77583e+06,0.00068801,1.69369,0.0144582,0.5055,6.12844
6.77568e+06,0.000668892,1.69369,0.0144587,0.525629,6.11965
6.77554e+06,0.000649298,1.69369,0.0144592,0.546206,6.11041
6.77539e+06,0.000629242,1.69369,0.0144597,0.567288,6.10066
6.77523e+06,0.000608736,1.69369,0.0144603,0.588938,6.09034
6.77508e+06,0.000587795,1.6937,0.0144609,0.611231,6.07938
6.77492e+06,0.000566435,1.6937,0.0144616,0.634256,6.06769
6.77475e+06,0.000544671,1.6937,0.0144622,0.658119,6.05517
6.77459e+06,0.000522522,1.6937,0.014463,0.682943,6.04168
6.77442e+06,0.000500009,1.6937,0.0144637,0.708879,6.02707
6.77424e+06,0.000477154,1.6937,0.0144645,0.736109,6.01118
6.77407e+06,0.000453983,1.6937,0.0144653,0.764855,5.99377
6.77389e+06,0.000430524,1.69371,0.0144662,0.79539,5.97456
6.77371e+06,0.000406811,1.69371,0.0144671,0.828056,5.95323
6.77352e+06,0.000382887,1.69371,0.014468,0.863283,5.92934
6.77334e+06,0.0003588,1.69371,0.014469,0.901617,5.90234
6.77315e+06,0.000334611,1.69371,0.01447,0.943765,5.87152
6.77296e+06,0.000310398,1.69371,0.014471,0.990647,5.83597
6.77276e+06,0.000286263,1.69372,0.0144721,1.04348,5.79447
6.77256e+06,0.00026234,1.69372,0.0144733,1.1039,5.74539
6.77237e+06,0.000238816,1.69372,0.0144744,1.17408,5.68654
6.77217e+06,0.00021595,1.69372,0.0144756,1.257,5.61495
6.77196e+06,0.000194112,1.69372,0.0144769,1.3566,5.52668
6.77176e+06,0.000173841,1.69373,0.0144782,1.47796,5.41666
6.77155e+06,0.000155907,1.69373,0.0144795,1.6269,5.27905
6.77135e+06,0.000141369,1.69373,0.0144809,1.80849,5.1088
6.77114e+06,0.000131529,1.69373,0.0144823,2.02311,4.90551
6.77093e+06,0.000127642,1.69373,0.0144838,2.26137,4.67858
6.77072e+06,0.000130394,1.69373,0.0144853,2.50329,4.44798
6.77051e+06,0.000139521,1.69374,0.0144869,2.72699,4.23562
6.77029e+06,0.000154002,1.69374,0.0144885,2.91936,4.05458
6.77008e+06,0.000172583,1.69374,0.0144901,3.07821,3.90706
6.76986e+06,0.000194161,1.69374,0.0144918,3.20766,3.78895
6.76965e+06,0.000217903,1.69374,0.0144936,3.31354,3.69439
6.76943e+06,0.00024322,1.69375,0.0144954,3.40126,3.61801
6.76921e+06,0.000269704,1.69375,0.0144972,3.47511,3.55549
6.769e+06,0.000297067,1.69375,0.0144991,3.53834,3.50359
6.76878e+06,0.000325106,1.69375,0.014501,3.59337,3.45989
6.76856e+06,0.000353673,1.69375,0.0145029,3.64198,3.42261
6.76834e+06,0.000382656,1.69376,0.0145049,3.6855,3.39042
6.76813e+06,0.00041197,1.69376,0.014507,3.72494,3.3623
6.76791e+06,0.000441547,1.69376,0.0145091,3.76108,3.3375
6.76769e+06,0.000471334,1.69376,0.0145113,3.79449,3.31542
6.76747e+06,0.000501284,1.69376,0.0145134,3.82564,3.2956
6.76726e+06,0.000531359,1.69377,0.0145157,3.8549,3.27767
6.76704e+06,0.000561527,1.69377,0.014518,3.88256,3.26133
6.76683e+06,0.000591758,1.69377,0.0145203,3.90886,3.24636
6.76662e+06,0.000622026,1.69377,0.0145227,3.934,3.23256
6.7664e+06,0.000652307,1.69377,0.0145251,3.95812,3.21976
6.76619e+06,0.000682579,1.69378,0.0145275,3.98137,3.20784
6.76598e+06,0.000712821,1.69378,0.01453,4.00385,3.19669
6.76577e+06,0.000743014,1.69378,0.0145326,4.02565,3.18621
6.76556e+06,0.000773141,1.69378,0.0145352,4.04686,3.17633
6.76536e+06,0.000803183,1.69378,0.0145378,4.06755,3.16697
6.76515e+06,0.000833124,1.69379,0.0145405,4.08777,3.15809
6.76495e+06,0.000862947,1.69379,0.0145432,4.10756,3.14962
6.76475e+06,0.000892638,1.69379,0.014546,4.12698,3.14152
6.76455e+06,0.00092218,1.69379,0.0145488,4.14606,3.13377
6.76435e+06,0.000951561,1.69379,0.0145516,4.16484,3.12632
6.76416e+06,0.000980764,1.69379,0.0145545,4.18334,3.11915
6.76396e+06,0.00100978,1.6938,0.0145574,4.20159,3.11222
6.76377e+06,0.00103858,1.6938,0.0145604,4.21961,3.10553
6.76359e+06,0.00106717,1.6938,0.0145634,4.23743,3.09904
6.7634e+06,0.00109553,1.6938,0.0145665,4.25505,3.09274
6.76322e+06,0.00112365,1.6938,0.0145696,4.27251,3.08661
6.76304e+06,0.0011515,1.6938,0.0145727,4.2898,3.08065
6.76286e+06,0.00117909,1.69381,0.0145758,4.30695,3.07482
6.76268e+06,0.0012064,1.69381,0.014579,4.32396,3.06913
6.76251e+06,0.00123342,1.69381,0.0145823,4.34086,3.06357
6.76235e+06,0.00126013,1.69381,0.0145855,4.35764,3.05811
6.76218e+06,0.00128652,1.69381,0.0145889,4.37431,3.05276
6.76202e+06,0.00131259,1.69381,0.0145922,4.39089,3.04751
6.76186e+06,0.00133832,1.69382,0.0145956,4.40738,3.04234
6.7617e+06,0.0013637,1.69382,0.014599,4.42379,3.03726
6.76155e+06,0.00138872,1.69382,0.0146024,4.44013,3.03224
6.7614e+06,0.00141337,1.69382,0.0146059,4.45639,3.0273
6.76126e+06,0.00143765,1.69382,0.0146094,4.47259,3.02243
6.76112e+06,0.00146153,1.69382,0.0146129,4.48874,3.01761
6.76098e+06,0.00148501,1.69382,0.0146165,4.50483,3.01284
6.76085e+06,0.00150809,1.69383,0.0146201,4.52086,3.00813
6.76072e+06,0.00153075,1.69383,0.0146237,4.53685,3.00346
6.76059e+06,0.00155298,1.69383,0.0146273,4.5528,2.99884
6.76047e+06,0.00157477,1.69383,0.014631,4.56872,2.99425
6.76036e+06,0.00159613,1.69383,0.0146347,4.58459,2.9897
6.76024e+06,0.00161703,1.69383,0.0146384,4.60043,2.98518
6.76013e+06,0.00163747,1.69383,0.0146421,4.61625,2.98068
6.76003e+06,0.00165745,1.69383,0.0146459,4.63203,2.97622
6.75993e+06,0.00167695,1.69383,0.0146497,4.6478,2.97178
6.75983e+06,0.00169596,1.69383,0.0146535,4.66354,2.96736
6.75974e+06,0.0017145,1.69384,0.0146573,4.67926,2.96296
6.75966e+06,0.00173253,1.69384,0.0146612,4.69496,2.95858
6.75957e+06,0.00175006,1.69384,0.014665,4.71065,2.95421
6.7595e+06,0.00176709,1.69384,0.0146689,4.72633,2.94986
6.75942e+06,0.0017836,1.69384,0.0146728,4.74199,2.94552
6.75935e+06,0.0017996,1.69384,0.0146767,4.75765,2.94118
6.75929e+06,0.00181507,1.69384,0.0146806,4.7733,2.93686
6.75923e+06,0.00183001,1.69384,0.0146846,4.78894,2.93254
6.75918e+06,0.00184442,1.69384,0.0146885,4.80457,2.92822
6.75913e+06,0.00185829,1.69384,0.0146925,4.82021,2.92391
6.75908e+06,0.00187161,1.69384,0.0146964,4.83584,2.91959
6.75904e+06,0.00188439,1.69384,0.0147004,4.85148,2.91528
6.75901e+06,0.00189662,1.69384,0.0147044,4.86711,2.91096
6.75898e+06,0.0019083,1.69384,0.0147084,4.88275,2.90665
6.75895e+06,0.00191942,1.69384,0.0147124,4.89839,2.90232
6.75893e+06,0.00192998,1.69384,0.0147164,4.91404,2.898
6.75892e+06,0.00193998,1.69384,0.0147204,4.9297,2.89366
6.75891e+06,0.00194942,1.69384,0.0147244,4.94536,2.88932
6.7589e+06,0.00195829,1.69384,0.0147284,4.96103,2.88496
6.7589e+06,0.00196659,1.69384,0.0147324,4.97671,2.8806
6.7589e+06,0.00197432,1.69384,0.0147364,4.99241,2.87623
6.75891e+06,0.00198149,1.69384,0.0147404,5.00811,2.87184
6.75893e+06,0.00198808,1.69384,0.0147444,5.02384,2.86744
6.75895e+06,0.0019941,1.69384,0.0147484,5.03957,2.86302
6.75897e+06,0.00199955,1.69384,0.0147524,5.05532,2.85859
6.759e+06,0.00200443,1.69384,0.0147564,5.07109,2.85414
6.75903e+06,0.00200874,1.69384,0.0147604,5.08688,2.84967
6.75907e+06,0.00201248,1.69384,0.0147644,5.10268,2.84518
6.75911e+06,0.00201564,1.69384,0.0147684,5.11851,2.84067
6.75916e+06,0.00201824,1.69384,0.0147723,5.13436,2.83614
6.75921e+06,0.00202027,1.69384,0.0147763,5.15023,2.83159
6.75927e+06,0.00202174,1.69384,0.0147802,5.16612,2.82702
6.75933e+06,0.00202264,1.69384,0.0147841,5.18204,2.82242
6.7594e+06,0.00202299,1.69384,0.014788,5.19798,2.81779
6.75947e+06,0.00202277,1.69384,0.0147919,5.21395,2.81314
6.75955e+06,0.002022,1.69384,0.0147958,5.22995,2.80846
6.75963e+06,0.00202067,1.69384,0.0147997,5.24597,2.80376
6.75971e+06,0.0020188,1.69384,0.0148035,5.26202,2.79902
6.7598e+06,0.00201638,1.69383,0.0148074,5.27811,2.79426
6.7599e+06,0.00201341,1.69383,0.0148112,5.29422,2.78946
6.76e+06,0.00200991,1.69383,0.014815,5.31037,2.78463
6.7601e+06,0.00200587,1.69383,0.0148187,5.32655,2.77976
6.76021e+06,0.00200131,1.69383,0.0148225,5.34277,2.77487
6.76032e+06,0.00199622,1.69383,0.0148262,5.35902,2.76993
6.76043e+06,0.00199061,1.69383,0.0148299,5.3753,2.76496
6.76055e+06,0.00198449,1.69383,0.0148336,5.39163,2.75995
6.76068e+06,0.00197786,1.69383,0.0148372,5.40799,2.75491
6.7608e+06,0.00197072,1.69383,0.0148409,5.42439,2.74982
6.76094e+06,0.00196309,1.69382,0.0148445,5.44083,2.7447
6.76107e+06,0.00195497,1.69382,0.014848,5.45732,2.73953
6.76121e+06,0.00194636,1.69382,0.0148516,5.47384,2.73432
6.76135e+06,0.00193727,1.69382,0.0148551,5.49042,2.72906
6.7615e+06,0.00192771,1.69382,0.0148585,5.50703,2.72376
6.76165e+06,0.00191769,1.69382,0.014862,5.52369,2.71842
6.7618e+06,0.00190721,1.69382,0.0148654,5.5404,2.71302
6.76196e+06,0.00189628,1.69381,0.0148688,5.55716,2.70758
6.76212e+06,0.00188491,1.69381,0.0148721,5.57397,2.70209
6.76229e+06,0.00187311,1.69381,0.0148755,5.59082,2.69655
6.76245e+06,0.00186087,1.69381,0.0148787,5.60773,2.69096
6.76262e+06,0.00184822,1.69381,0.014882,5.62469,2.68531
6.7628e+06,0.00183516,1.69381,0.0148852,5.64171,2.67961
6.76297e+06,0.0018217,1.69381,0.0148884,5.65878,2.67385
6.76315e+06,0.00180784,1.6938,0.0148915,5.67591,2.66804
6.76333e+06,0.0017936,1.6938,0.0148946,5.69309,2.66217
6.76352e+06,0.00177899,1.6938,0.0148977,5.71034,2.65624
6.7637e+06,0.001764,1.6938,0.0149007,5.72764,2.65025
6.76389e+06,0.00174866,1.6938,0.0149037,5.74501,2.6442
6.76408e+06,0.00173297,1.6938,0.0149066,5.76244,2.63809
6.76428e+06,0.00171694,1.69379,0.0149095,5.77993,2.63191
6.76447e+06,0.00170058,1.69379,0.0149124,5.79749,2.62566
6.76467e+06,0.0016839,1.69379,0.0149152,5.81512,2.61935
6.76487e+06,0.00166691,1.69379,0.014918,5.83281,2.61297
6.76507e+06,0.00164962,1.69379,0.0149207,5.85058,2.60652
6.76528e+06,0.00163204,1.69378,0.0149234,5.86841,2.6
6.76548e+06,0.00161417,1.69378,0.014926,5.88632,2.59341
6.76569e+06,0.00159604,1.69378,0.0149287,5.9043,2.58674
6.7659e+06,0.00157764,1.69378,0.0149312,5.92236,2.58
6.76611e+06,0.001559,1.69378,0.0149337,5.9405,2.57318
6.76632e+06,0.00154011,1.69378,0.0149362,5.95871,2.56628
6.76653e+06,0.00152099,1.69377,0.0149386,5.977,2.5593
6.76674e+06,0.00150164,1.69377,0.014941,5.99538,2.55224
6.76696e+06,0.00148209,1.69377,0.0149434,6.01383,2.5451
6.76717e+06,0.00146234,1.69377,0.0149457,6.03237,2.53787
6.76738e+06,0.0014424,1.69377,0.0149479,6.051,2.53056
6.7676e+06,0.00142227,1.69376,0.0149501,6.06971,2.52316
6.76782e+06,0.00140198,1.69376,0.0149523,6.08852,2.51567
6.76803e+06,0.00138153,1.69376,0.0149544,6.10741,2.50809
6.76825e+06,0.00136092,1.69376,0.0149565,6.1264,2.50042
6.76847e+06,0.00134018,1.69376,0.0149585,6.14547,2.49265
6.76868e+06,0.00131931,1.69375,0.0149605,6.16465,2.48479
6.7689e+06,0.00129831,1.69375,0.0149624,6.18392,2.47684
6.76912e+06,0.00127721,1.69375,0.0149643,6.20329,2.46878
6.76933e+06,0.00125601,1.69375,0.0149662,6.22276,2.46063
6.76955e+06,0.00123472,1.69375,0.014968,6.24233,2.45237
6.76976e+06,0.00121334,1.69374,0.0149697,6.262,2.44401
6.76998e+06,0.0011919,1.69374,0.0149714,6.28178,2.43555
6.77019e+06,0.00117039,1.69374,0.0149731,0.0184755,2.42698
6.77041e+06,0.00114884,1.69374,0.0149747,0.0384656,2.4183
6.77062e+06,0.00112724,1.69374,0.0149763,0.0585644,2.40952
6.77083e+06,0.0011056,1.69373,0.0149778,0.0787731,2.40062
6.77104e+06,0.00108394,1.69373,0.0149793,0.0990932,2.39162
6.77125e+06,0.00106227,1.69373,0.0149808,0.119526,2.3825
6.77145e+06,0.00104058,1.69373,0.0149822,0.140073,2.37326
6.77166e+06,0.0010189,1.69373,0.0149835,0.160734,2.36392
6.77186e+06,0.000997229,1.69372,0.0149848,0.181512,2.35445
6.77207e+06,0.000975574,1.69372,0.0149861,0.202408,2.34487
6.77227e+06,0.000953945,1.69372,0.0149873,0.223421,2.33517
6.77247e+06,0.000932348,1.69372,0.0149885,0.244553,2.32535
6.77266e+06,0.000910792,1.69372,0.0149897,0.265806,2.31541
6.77286e+06,0.000889284,1.69372,0.0149908,0.287179,2.30535
6.77305e+06,0.000867831,1.69371,0.0149919,0.308672,2.29517
6.77324e+06,0.00084644,1.69371,0.0149929,0.330287,2.28487
6.77342e+06,0.000825116,1.69371,0.0149939,0.352024,2.27445
6.77361e+06,0.000803868,1.69371,0.0149948,0.373882,2.2639
6.77379e+06,0.000782699,1.69371,0.0149957,0.395862,2.25324
6.77397e+06,0.000761617,1.69371,0.0149966,0.417963,2.24245
6.77415e+06,0.000740627,1.6937,0.0149974,0.440184,2.23154
6.77432e+06,0.000719734,1.6937,0.0149982,0.462524,2.22052
6.77449e+06,0.000698942,1.6937,0.014999,0.484983,2.20937
6.77466e+06,0.000678256,1.6937,0.0149997,0.507559,2.19811
6.77482e+06,0.000657682,1.6937,0.0150004,0.530249,2.18673
6.77499e+06,0.000637221,1.6937,0.0150011,0.553052,2.17524
6.77514e+06,0.000616879,1.69369,0.0150017,0.575964,2.16364
6.7753e+06,0.000596658,1.69369,0.0150023,0.598983,2.15194
6.77545e+06,0.000576562,1.69369,0.0150029,0.622104,2.14013
6.7756e+06,0.000556592,1.69369,0.0150034,0.645323,2.12822
6.77574e+06,0.000536751,1.69369,0.0150039,0.668635,2.11623
6.77588e+06,0.000517042,1.69369,0.0150044,0.692032,2.10414
6.77602e+06,0.000497465,1.69369,0.0150048,0.715509,2.09198
6.77615e+06,0.000478022,1.69369,0.0150052,0.739056,2.07975
6.77628e+06,0.000458714,1.69368,0.0150056,0.762663,2.06745
6.7764e+06,0.00043954,1.69368,0.015006,0.78632,2.05511
6.77652e+06,0.000420502,1.69368,0.0150063,0.810012,2.04273
6.77664e+06,0.000401599,1.69368,0.0150066,0.833723,2.03033
6.77675e+06,0.000382831,1.69368,0.0150069,0.857437,2.01793
6.77686e+06,0.000364196,1.69368,0.0150072,0.881129,2.00555
6.77696e+06,0.000345693,1.69368,0.0150074,0.904775,1.99322
6.77706e+06,0.000327322,1.69368,0.0150076,0.928342,1.98097
6.77716e+06,0.000309079,1.69368,0.0150079,0.951792,1.96883
6.77725e+06,0.000290962,1.69368,0.015008,0.97508,1.95686
6.77734e+06,0.000272971,1.69367,0.0150082,0.998145,1.9451
6.77742e+06,0.0002551,1.69367,0.0150083,1.02092,1.93365
6.77749e+06,0.000237349,1.69367,0.0150085,1.0433,1.92258
6.77757e+06,0.000219713,1.69367,0.0150086,1.06517,1.91201
6.77763e+06,0.00020219,1.69367,0.0150087,1.08638,1.90212
6.7777e+06,0.000184776,1.69367,0.0150088,1.1067,1.89312
6.77776e+06,0.00016747,1.69367,0.0150088,1.12582,1.88531
6.77781e+06,0.000150269,1.69367,0.0150089,1.14332,1.87912
6.77786e+06,0.000133173,1.69367,0.015009,1.15853,1.87522
6.7779e+06,0.000116182,1.69367,0.015009,1.17043,1.87464
6.77794e+06,9.9304e-05,1.69367,0.015009,1.1773,1.87908
6.77798e+06,8.25536e-05,1.69367,0.0150091,1.17609,1.89161
6.77801e+06,6.59676e-05,1.69367,0.0150091,1.1607,1.91831
6.77803e+06,4.96387e-05,1.69367,0.0150091,1.11724,1.97309
6.77805e+06,3.38472e-05,1.69367,0.0150091,1.00669,2.09494
6.77806e+06,1.97785e-05,1.69367,0.0150091,0.682699,2.43025
6.77807e+06,1.40046e-05,1.69367,0.0150091,6.01396,3.39349
6.77808e+06,2.35971e-05,1.69367,0.0150091,5.27379,4.14498
6.77808e+06,3.83479e-05,1.69367,0.0150091,5.04535,4.38473
6.77807e+06,5.41807e-05,1.69367,0.0150091,4.96257,4.47882
6.77807e+06,7.03628e-05,1.69367,0.0150091,4.93016,4.52255
6.77805e+06,8.66992e-05,1.69367,0.0150091,4.9203,4.54372
6.77803e+06,0.000103121,1.69367,0.0150091,4.92235,4.55299
6.77801e+06,0.000119601,1.69367,0.0150091,4.93141,4.55523
6.77798e+06,0.000136129,1.69367,0.0150092,4.94496,4.553
6.77794e+06,0.000152701,1.69367,0.0150092,4.96151,4.54776
6.7779e+06,0.000169316,1.69367,0.0150092,4.98018,4.54041
6.77786e+06,0.000185979,1.69367,0.0150092,5.00039,4.53151
6.77781e+06,0.000202693,1.69367,0.0150093,5.02174,4.52147
6.77776e+06,0.000219461,1.69367,0.0150094,5.04396,4.51056
6.7777e+06,0.00023629,1.69367,0.0150094,5.06686,4.49898
6.77764e+06,0.000253182,1.69367,0.0150095,5.09027,4.48689
6.77757e+06,0.000270144,1.69367,0.0150096,5.11409,4.47438
6.7775e+06,0.00028718,1.69367,0.0150097,5.13822,4.46156
6.77742e+06,0.000304294,1.69367,0.0150099,5.1626,4.44849
6.77734e+06,0.000321492,1.69367,0.01501,5.18718,4.43523
6.77725e+06,0.000338777,1.69368,0.0150102,5.2119,4.42183
6.77716e+06,0.000356153,1.69368,0.0150103,5.23672,4.40832
6.77707e+06,0.000373624,1.69368,0.0150105,5.26162,4.39473
6.77697e+06,0.000391194,1.69368,0.0150108,5.28656,4.3811
6.77687e+06,0.000408865,1.69368,0.015011,5.31153,4.36745
6.77676e+06,0.000426641,1.69368,0.0150113,5.3365,4.35379
6.77665e+06,0.000444524,1.69368,0.0150116,5.36146,4.34015
6.77653e+06,0.000462516,1.69368,0.0150119,5.38638,4.32653
6.77641e+06,0.000480618,1.69368,0.0150122,5.41127,4.31296
6.77629e+06,0.000498833,1.69368,0.0150126,5.4361,4.29945
6.77616e+06,0.000517161,1.69369,0.015013,5.46087,4.28599
6.77603e+06,0.000535603,1.69369,0.0150134,5.48556,4.27261
6.77589e+06,0.000554159,1.69369,0.0150138,5.51017,4.25932
6.77575e+06,0.00057283,1.69369,0.0150143,5.53469,4.24611
6.77561e+06,0.000591614,1.69369,0.0150148,5.55912,4.23299
6.77546e+06,0.000610512,1.69369,0.0150153,5.58345,4.21998
6.77531e+06,0.000629521,1.69369,0.0150159,5.60767,4.20707
6.77515e+06,0.000648641,1.69369,0.0150165,5.63179,4.19427
6.775e+06,0.00066787,1.6937,0.0150171,5.65579,4.18158
6.77483e+06,0.000687205,1.6937,0.0150177,5.67967,4.16902
6.77467e+06,0.000706644,1.6937,0.0150184,5.70343,4.15657
6.7745e+06,0.000726183,1.6937,0.0150192,5.72707,4.14424
6.77433e+06,0.00074582,1.6937,0.0150199,5.75059,4.13204
6.77416e+06,0.000765551,1.6937,0.0150207,5.77398,4.11996
6.77398e+06,0.000785372,1.69371,0.0150216,5.79724,4.10801
6.7738e+06,0.000805279,1.69371,0.0150224,5.82038,4.09619
6.77362e+06,0.000825266,1.69371,0.0150233,5.84338,4.0845
6.77344e+06,0.00084533,1.69371,0.0150243,5.86625,4.07294
6.77325e+06,0.000865465,1.69371,0.0150253,5.889,4.06151
6.77306e+06,0.000885666,1.69371,0.0150263,5.91161,4.05022
6.77287e+06,0.000905926,1.69372,0.0150274,5.93409,4.03905
6.77267e+06,0.00092624,1.69372,0.0150285,5.95644,4.02801
6.77248e+06,0.000946601,1.69372,0.0150296,5.97866,4.01711
6.77228e+06,0.000967003,1.69372,0.0150308,6.00075,4.00633
6.77208e+06,0.000987438,1.69372,0.015032,6.02271,3.99569
6.77188e+06,0.0010079,1.69372,0.0150333,6.04454,3.98517
6.77167e+06,0.00102838,1.69373,0.0150346,6.06624,3.97478
6.77147e+06,0.00104888,1.69373,0.015036,6.08782,3.96452
6.77126e+06,0.00106938,1.69373,0.0150374,6.10927,3.95439
6.77105e+06,0.00108987,1.69373,0.0150388,6.13059,3.94438
6.77084e+06,0.00111035,1.69373,0.0150403,6.15179,3.93449
6.77063e+06,0.00113082,1.69374,0.0150418,6.17287,3.92473
6.77042e+06,0.00115125,1.69374,0.0150434,6.19382,3.91509
6.77021e+06,0.00117165,1.69374,0.015045,6.21466,3.90557
6.76999e+06,0.001192,1.69374,0.0150467,6.23538,3.89616
6.76978e+06,0.00121229,1.69374,0.0150484,6.25598,3.88688
6.76956e+06,0.00123252,1.69375,0.0150501,6.27646,3.87771
6.76935e+06,0.00125268,1.69375,0.0150519,0.0136461,3.86865
6.76913e+06,0.00127276,1.69375,0.0150538,0.0339038,3.85971
6.76891e+06,0.00129274,1.69375,0.0150557,0.0540506,3.85088
6.7687e+06,0.00131262,1.69375,0.0150576,0.0740881,3.84216
6.76848e+06,0.00133239,1.69376,0.0150596,0.0940179,3.83354
6.76826e+06,0.00135204,1.69376,0.0150616,0.113842,3.82503
6.76805e+06,0.00137156,1.69376,0.0150637,0.133561,3.81663
6.76783e+06,0.00139094,1.69376,0.0150658,0.153178,3.80833
6.76761e+06,0.00141017,1.69376,0.015068,0.172693,3.80013
6.7674e+06,0.00142924,1.69377,0.0150702,0.19211,3.79202
6.76718e+06,0.00144814,1.69377,0.0150724,0.211428,3.78402
6.76697e+06,0.00146686,1.69377,0.0150747,0.230651,3.77611
6.76675e+06,0.00148539,1.69377,0.015077,0.24978,3.7683
6.76654e+06,0.00150371,1.69377,0.0150794,0.268815,3.76058
6.76633e+06,0.00152183,1.69377,0.0150819,0.28776,3.75295
6.76612e+06,0.00153973,1.69378,0.0150843,0.306616,3.74541
6.76591e+06,0.0015574,1.69378,0.0150868,0.325384,3.73796
6.7657e+06,0.00157483,1.69378,0.0150894,0.344065,3.73059
6.76549e+06,0.00159201,1.69378,0.015092,0.362663,3.72331
6.76529e+06,0.00160893,1.69378,0.0150947,0.381178,3.71611
6.76508e+06,0.00162558,1.69379,0.0150974,0.399611,3.70899
6.76488e+06,0.00164195,1.69379,0.0151001,0.417965,3.70195
6.76468e+06,0.00165803,1.69379,0.0151029,0.436242,3.69499
6.76448e+06,0.00167381,1.69379,0.0151057,0.454441,3.68811
6.76429e+06,0.00168929,1.69379,0.0151085,0.472566,3.6813
6.76409e+06,0.00170445,1.6938,0.0151114,0.490618,3.67457
6.7639e+06,0.00171928,1.6938,0.0151144,0.508598,3.6679
6.76371e+06,0.00173377,1.6938,0.0151174,0.526507,3.66131
6.76353e+06,0.00174793,1.6938,0.0151204,0.544348,3.65478
6.76334e+06,0.00176172,1.6938,0.0151234,0.562122,3.64833
6.76316e+06,0.00177516,1.6938,0.0151265,0.579829,3.64194
6.76298e+06,0.00178822,1.69381,0.0151297,0.597473,3.63561
6.7628e+06,0.0018009,1.69381,0.0151328,0.615053,3.62934
6.76263e+06,0.0018132,1.69381,0.015136,0.632572,3.62314
6.76246e+06,0.00182509,1.69381,0.0151393,0.650031,3.617
6.76229e+06,0.00183658,1.69381,0.0151426,0.667431,3.61092
6.76213e+06,0.00184766,1.69381,0.0151459,0.684773,3.60489
6.76197e+06,0.00185832,1.69381,0.0151492,0.70206,3.59892
6.76181e+06,0.00186855,1.69382,0.0151526,0.719292,3.59301
6.76166e+06,0.00187834,1.69382,0.015156,0.736471,3.58714
6.76151e+06,0.00188769,1.69382,0.0151595,0.753597,3.58133
6.76136e+06,0.00189658,1.69382,0.0151629,0.770674,3.57558
6.76122e+06,0.00190502,1.69382,0.0151665,0.7877,3.56987
6.76108e+06,0.001913,1.69382,0.01517,0.804679,3.5642
6.76094e+06,0.0019205,1.69382,0.0151736,0.821611,3.55859
6.76081e+06,0.00192753,1.69383,0.0151772,0.838497,3.55302
6.76068e+06,0.00193407,1.69383,0.0151808,0.855339,3.5475
6.76056e+06,0.00194013,1.69383,0.0151844,0.872138,3.54202
6.76044e+06,0.00194568,1.69383,0.0151881,0.888896,3.53658
6.76032e+06,0.00195074,1.69383,0.0151918,0.905613,3.53118
6.76021e+06,0.0019553,1.69383,0.0151955,0.92229,3.52582
6.7601e+06,0.00195934,1.69383,0.0151993,0.93893,3.5205
6.76e+06,0.00196286,1.69383,0.015203,0.955532,3.51521
6.7599e+06,0.00196587,1.69383,0.0152068,0.972099,3.50996
6.75981e+06,0.00196835,1.69383,0.0152106,0.988632,3.50475
6.75972e+06,0.0019703,1.69384,0.0152145,1.00513,3.49957
6.75963e+06,0.00197173,1.69384,0.0152183,1.0216,3.49442
6.75955e+06,0.00197261,1.69384,0.0152222,1.03804,3.4893
6.75947e+06,0.00197296,1.69384,0.0152261,1.05444,3.48421
6.7594e+06,0.00197276,1.69384,0.01523,1.07082,3.47915
6.75933e+06,0.00197202,1.69384,0.0152339,1.08717,3.47412
6.75927e+06,0.00197073,1.69384,0.0152378,1.1035,3.46911
6.75921e+06,0.0019689,1.69384,0.0152417,1.1198,3.46413
6.75916e+06,0.00196651,1.69384,0.0152457,1.13608,3.45917
6.75911e+06,0.00196356,1.69384,0.0152496,1.15233,3.45424
6.75907e+06,0.00196007,1.69384,0.0152536,1.16857,3.44932
6.75903e+06,0.00195601,1.69384,0.0152576,1.18478,3.44443
6.759e+06,0.00195141,1.69384,0.0152616,1.20098,3.43955
6.75897e+06,0.00194624,1.69384,0.0152656,1.21716,3.43469
6.75894e+06,0.00194051,1.69384,0.0152696,1.23333,3.42985
6.75893e+06,0.00193423,1.69384,0.0152736,1.24948,3.42502
6.75891e+06,0.00192739,1.69384,0.0152776,1.26561,3.4202
6.7589e+06,0.00192,1.69384,0.0152816,1.28174,3.41539
6.7589e+06,0.00191205,1.69384,0.0152856,1.29785,3.4106
6.7589e+06,0.00190354,1.69384,0.0152896,1.31396,3.40581
6.7589e+06,0.00189448,1.69384,0.0152936,1.33006,3.40104
6.75891e+06,0.00188486,1.69384,0.0152976,1.34615,3.39626
6.75893e+06,0.0018747,1.69384,0.0153016,1.36224,3.39149
6.75895e+06,0.00186399,1.69384,0.0153056,1.37833,3.38673
6.75897e+06,0.00185274,1.69384,0.0153096,1.39441,3.38196
6.759e+06,0.00184094,1.69384,0.0153136,1.4105,3.3772
6.75904e+06,0.0018286,1.69384,0.0153176,1.42659,3.37243
6.75908e+06,0.00181573,1.69384,0.0153216,1.44268,3.36766
6.75912e+06,0.00180232,1.69384,0.0153256,1.45878,3.36288
6.75917e+06,0.00178838,1.69384,0.0153295,1.47489,3.3581
6.75923e+06,0.00177393,1.69384,0.0153335,1.49101,3.3533
6.75929e+06,0.00175895,1.69384,0.0153374,1.50714,3.34849
6.75935e+06,0.00174345,1.69384,0.0153413,1.52329,3.34367
6.75942e+06,0.00172745,1.69384,0.0153452,1.53945,3.33883
6.75949e+06,0.00171094,1.69384,0.0153491,1.55563,3.33397
6.75957e+06,0.00169393,1.69384,0.015353,1.57183,3.32909
6.75965e+06,0.00167643,1.69384,0.0153569,1.58806,3.32419
6.75974e+06,0.00165844,1.69384,0.0153607,1.60431,3.31926
6.75983e+06,0.00163997,1.69383,0.0153645,1.62059,3.3143
6.75992e+06,0.00162102,1.69383,0.0153684,1.63691,3.30931
6.76002e+06,0.00160161,1.69383,0.0153721,1.65326,3.30428
6.76013e+06,0.00158174,1.69383,0.0153759,1.66966,3.29921
6.76024e+06,0.00156142,1.69383,0.0153796,1.68609,3.2941
6.76035e+06,0.00154065,1.69383,0.0153834,1.70257,3.28894
6.76046e+06,0.00151944,1.69383,0.0153871,1.71911,3.28373
6.76059e+06,0.00149781,1.69383,0.0153907,1.7357,3.27846
6.76071e+06,0.00147575,1.69383,0.0153944,1.75235,3.27314
6.76084e+06,0.00145328,1.69383,0.015398,1.76907,3.26775
6.76097e+06,0.00143041,1.69382,0.0154016,1.78585,3.26228
6.76111e+06,0.00140715,1.69382,0.0154051,1.80272,3.25675
6.76125e+06,0.00138351,1.69382,0.0154087,1.81966,3.25113
6.7614e+06,0.00135949,1.69382,0.0154122,1.8367,3.24542
6.76154e+06,0.0013351,1.69382,0.0154156,1.85383,3.23961
6.76169e+06,0.00131037,1.69382,0.0154191,1.87107,3.2337
6.76185e+06,0.00128529,1.69382,0.0154225,1.88842,3.22767
6.76201e+06,0.00125988,1.69381,0.0154259,1.90589,3.22153
6.76217e+06,0.00123415,1.69381,0.0154292,1.92349,3.21525
6.76234e+06,0.0012081,1.69381,0.0154325,1.94124,3.20883
6.7625e+06,0.00118176,1.69381,0.0154358,1.95914,3.20225
6.76268e+06,0.00115514,1.69381,0.015439,1.97721,3.19551
6.76285e+06,0.00112824,1.69381,0.0154422,1.99547,3.18858
6.76303e+06,0.00110108,1.69381,0.0154454,2.01392,3.18145
6.76321e+06,0.00107367,1.6938,0.0154485,2.03259,3.17411
6.76339e+06,0.00104602,1.6938,0.0154516,2.0515,3.16653
6.76357e+06,0.00101815,1.6938,0.0154547,2.07067,3.15869
6.76376e+06,0.000990078,1.6938,0.0154577,2.09012,3.15057
6.76395e+06,0.000961809,1.6938,0.0154606,2.10988,3.14214
6.76415e+06,0.00093336,1.69379,0.0154636,2.12997,3.13337
6.76434e+06,0.000904747,1.69379,0.0154665,2.15045,3.12422
6.76454e+06,0.000875986,1.69379,0.0154693,2.17134,3.11466
6.76474e+06,0.000847092,1.69379,0.0154721,2.19268,3.10464
6.76494e+06,0.000818083,1.69379,0.0154749,2.21454,3.09411
6.76514e+06,0.000788977,1.69379,0.0154776,2.23696,3.08302
6.76535e+06,0.000759791,1.69378,0.0154803,2.26002,3.07129
6.76555e+06,0.000730545,1.69378,0.0154829,2.28378,3.05886
6.76576e+06,0.000701261,1.69378,0.0154855,2.30834,3.04563
6.76597e+06,0.00067196,1.69378,0.0154881,2.33381,3.03149
6.76618e+06,0.000642666,1.69378,0.0154906,2.36029,3.01634
6.76639e+06,0.000613405,1.69377,0.015493,2.38794,3.00002
6.7666e+06,0.000584205,1.69377,0.0154955,2.41693,2.98236
6.76682e+06,0.0005551,1.69377,0.0154978,2.44745,2.96317
6.76703e+06,0.000526123,1.69377,0.0155002,2.47976,2.94219
6.76725e+06,0.000497316,1.69377,0.0155025,2.51414,2.91914
6.76746e+06,0.000468726,1.69376,0.0155047,2.55095,2.89366
6.76768e+06,0.000440408,1.69376,0.0155069,2.59064,2.8653
6.7679e+06,0.000412429,1.69376,0.015509,2.63374,2.83353
6.76812e+06,0.000384869,1.69376,0.0155111,2.68093,2.79767
6.76833e+06,0.000357828,1.69376,0.0155132,2.73305,2.75688
6.76855e+06,0.000331429,1.69375,0.0155152,2.79115,2.71011
6.76877e+06,0.000305833,1.69375,0.0155172,2.85655,2.65605
6.76899e+06,0.000281244,1.69375,0.0155191,2.93085,2.59307
6.7692e+06,0.00025793,1.69375,0.015521,3.01605,2.51921
6.76942e+06,0.000236237,1.69375,0.0155228,3.11442,2.43216
6.76964e+06,0.000216612,1.69374,0.0155246,3.22841,2.32951
6.76985e+06,0.000199617,1.69374,0.0155263,3.36017,2.20908
6.77007e+06,0.000185909,1.69374,0.015528,3.51069,2.06989
6.77028e+06,0.000176181,1.69374,0.0155297,3.67855,1.91336
6.7705e+06,0.000171029,1.69374,0.0155313,3.85884,1.74441
6.77071e+06,0.000170772,1.69373,0.0155328,4.04327,1.57131
6.77092e+06,0.00017533,1.69373,0.0155344,4.22229,1.40362
6.77113e+06,0.000184245,1.69373,0.0155358,4.388,1.24924
6.77134e+06,0.000196823,1.69373,0.0155373,4.53599,1.11259
6.77155e+06,0.000212312,1.69373,0.0155386,4.66523,0.994677
6.77175e+06,0.000230027,1.69373,0.01554,4.77695,0.894293
6.77195e+06,0.000249398,1.69372,0.0155413,4.87337,0.809206
6.77216e+06,0.000269975,1.69372,0.0155425,4.95693,0.736978
6.77236e+06,0.000291413,1.69372,0.0155438,5.02989,0.675355
6.77256e+06,0.000313448,1.69372,0.0155449,5.09416,0.622415
6.77275e+06,0.00033588,1.69372,0.0155461,5.15133,0.576578
6.77295e+06,0.000358552,1.69371,0.0155472,5.20267,0.53657
6.77314e+06,0.000381342,1.69371,0.0155482,5.24921,0.501372
6.77333e+06,0.000404155,1.69371,0.0155492,5.29174,0.470169
6.77352e+06,0.000426913,1.69371,0.0155502,5.33094,0.442305
6.7737e+06,0.000449551,1.69371,0.0155511,5.36733,0.417255
6.77388e+06,0.000472018,1.69371,0.015552,5.40132,0.394591
6.77406e+06,0.000494269,1.6937,0.0155529,5.43329,0.373963
6.77424e+06,0.000516267,1.6937,0.0155537,5.4635,0.355085
6.77441e+06,0.000537978,1.6937,0.0155545,5.4922,0.33772
6.77458e+06,0.000559373,1.6937,0.0155552,5.51958,0.32167
6.77475e+06,0.000580428,1.6937,0.015556,5.54582,0.306769
6.77491e+06,0.00060112,1.6937,0.0155566,5.57105,0.292876
6.77507e+06,0.000621427,1.6937,0.0155573,5.59538,0.279874
6.77523e+06,0.000641331,1.69369,0.0155579,5.61893,0.267661
6.77538e+06,0.000660815,1.69369,0.0155585,5.64178,0.25615
6.77553e+06,0.000679862,1.69369,0.015559,5.664,0.245264
6.77568e+06,0.000698459,1.69369,0.0155595,5.68566,0.234941
6.77582e+06,0.000716591,1.69369,0.01556,5.70681,0.225121
6.77596e+06,0.000734245,1.69369,0.0155605,5.72751,0.215757
6.7761e+06,0.000751409,1.69369,0.0155609,5.7478,0.206803
6.77623e+06,0.000768071,1.69368,0.0155613,5.76772,0.198222
6.77635e+06,0.000784222,1.69368,0.0155617,5.7873,0.189979
6.77648e+06,0.000799849,1.69368,0.0155621,5.80657,0.182044
6.7766e+06,0.000814945,1.69368,0.0155624,5.82556,0.17439
6.77671e+06,0.000829499,1.69368,0.0155627,5.84429,0.166992
6.77682e+06,0.000843502,1.69368,0.015563,5.86279,0.159828
6.77693e+06,0.000856948,1.69368,0.0155632,5.88108,0.152879
6.77703e+06,0.000869827,1.69368,0.0155634,5.89916,0.146127
6.77713e+06,0.000882132,1.69368,0.0155637,5.91707,0.139555
6.77722e+06,0.000893856,1.69368,0.0155639,5.93481,0.133149
6.77731e+06,0.000904993,1.69367,0.015564,5.9524,0.126895
6.7774e+06,0.000915536,1.69367,0.0155642,5.96985,0.120781
6.77747e+06,0.00092548,1.69367,0.0155643,5.98718,0.114795
6.77755e+06,0.000934818,1.69367,0.0155644,6.00438,0.108927
6.77762e+06,0.000943546,1.69367,0.0155645,6.02148,0.103167
6.77769e+06,0.000951659,1.69367,0.0155646,6.03847,0.0975059
6.77775e+06,0.000959152,1.69367,0.0155647,6.05538,0.0919352
6.7778e+06,0.000966021,1.69367,0.0155648,6.0722,0.0864471
6.77785e+06,0.000972263,1.69367,0.0155648,6.08895,0.0810339
6.7779e+06,0.000977873,1.69367,0.0155649,6.10564,0.0756886
6.77794e+06,0.00098285,1.69367,0.0155649,6.12226,0.0704047
6.77798e+06,0.000987189,1.69367,0.015565,6.13882,0.0651757
6.77801e+06,0.000990889,1.69367,0.015565,6.15534,0.0599955
6.77804e+06,0.000993947,1.69367,0.015565,6.17181,0.0548583
6.77806e+06,0.000996361,1.69367,0.015565,6.18825,0.0497585
6.77808e+06,0.000998131,1.69367,0.015565,6.20465,0.0446907
6.77809e+06,0.000999255,1.69367,0.015565,6.22103,0.0396494
6.7781e+06,0.000999731,1.69367,0.015565,6.23739,0.0346296
6.7781e+06,0.000999561,1.69367,0.015565,6.25373,0.0296262
6.7781e+06,0.000998742,1.69367,0.015565,6.27005,0.0246339
6.77809e+06,0.000997277,1.69367,0.015565,0.00319128,0.0196479
6.77808e+06,0.000995164,1.69367,0.015565,0.0195125,0.0146631
6.77806e+06,0.000992405,1.69367,0.015565,0.0358375,0.00967439
6.77804e+06,0.000989001,1.69367,0.015565,0.0521716,0.00467669
6.77801e+06,0.000984953,1.69367,0.015565,0.0685198,6.28285
6.77798e+06,0.000980264,1.69367,0.0155651,0.0848876,6.27782
6.77794e+06,0.000974934,1.69367,0.0155651,0.10128,6.27276
6.7779e+06,0.000968968,1.69367,0.0155651,0.117704,6.26767
6.77785e+06,0.000962367,1.69367,0.0155652,0.134164,6.26255
6.7778e+06,0.000955134,1.69367,0.0155652,0.150666,6.25738
6.77774e+06,0.000947273,1.69367,0.0155653,0.167218,6.25217
6.77768e+06,0.000938788,1.69367,0.0155654,0.183826,6.2469
6.77762e+06,0.000929682,1.69367,0.0155655,0.200496,6.24156
6.77755e+06,0.00091996,1.69367,0.0155656,0.217238,6.23616
6.77747e+06,0.000909627,1.69367,0.0155657,0.234059,6.23067
6.77739e+06,0.000898688,1.69367,0.0155659,0.250967,6.2251
6.77731e+06,0.000887147,1.69367,0.015566,0.267973,6.21943
6.77722e+06,0.000875011,1.69368,0.0155662,0.285086,6.21365
6.77713e+06,0.000862287,1.69368,0.0155664,0.302318,6.20776
6.77703e+06,0.000848979,1.69368,0.0155666,0.319681,6.20173
6.77693e+06,0.000835095,1.69368,0.0155668,0.337188,6.19556
6.77682e+06,0.000820642,1.69368,0.0155671,0.354855,6.18923
6.77671e+06,0.000805627,1.69368,0.0155674,0.372697,6.18272
6.77659e+06,0.000790059,1.69368,0.0155677,0.390733,6.17602
6.77647e+06,0.000773945,1.69368,0.015568,0.408982,6.16911
6.77635e+06,0.000757294,1.69368,0.0155683,0.427467,6.16196
6.77622e+06,0.000740115,1.69368,0.0155687,0.446214,6.15454
6.77609e+06,0.000722419,1.69369,0.0155691,0.465251,6.14684
6.77596e+06,0.000704214,1.69369,0.0155695,0.48461,6.13882
6.77582e+06,0.000685511,1.69369,0.01557,0.504328,6.13044
6.77567e+06,0.000666322,1.69369,0.0155705,0.524447,6.12165
6.77553e+06,0.000646658,1.69369,0.015571,0.545016,6.11242
6.77538e+06,0.000626532,1.69369,0.0155716,0.566091,6.10268
6.77522e+06,0.000605957,1.69369,0.0155721,0.587737,6.09237
6.77507e+06,0.000584948,1.6937,0.0155728,0.610029,6.08141
6.77491e+06,0.00056352,1.6937,0.0155734,0.633058,6.06971
6.77474e+06,0.000541689,1.6937,0.0155741,0.656929,6.05718
6.77457e+06,0.000519474,1.6937,0.0155748,0.68177,6.04367
6.7744e+06,0.000496895,1.6937,0.0155756,0.707733,6.02904
6.77423e+06,0.000473975,1.6937,0.0155763,0.735002,6.01311
6.77406e+06,0.000450739,1.6937,0.0155772,0.763804,5.99564
6.77388e+06,0.000427218,1.69371,0.015578,0.794418,5.97636
6.77369e+06,0.000403444,1.69371,0.0155789,0.827194,5.95491
6.77351e+06,0.000379459,1.69371,0.0155799,0.862571,5.93087
6.77332e+06,0.000355314,1.69371,0.0155808,0.901112,5.90366
6.77313e+06,0.000331071,1.69371,0.0155818,0.943544,5.87256
6.77294e+06,0.000306808,1.69371,0.0155829,0.99082,5.83662
6.77275e+06,0.000282629,1.69372,0.015584,1.0442,5.79457
6.77255e+06,0.000258674,1.69372,0.0155851,1.10538,5.74473
6.77235e+06,0.000235133,1.69372,0.0155863,1.17665,5.68479
6.77215e+06,0.000212275,1.69372,0.0155875,1.26112,5.61166
6.77195e+06,0.000190488,1.69372,0.0155888,1.36293,5.52118
6.77175e+06,0.000170334,1.69373,0.0155901,1.4874,5.40803
6.77154e+06,0.000152622,1.69373,0.0155914,1.64063,5.26614
6.77133e+06,0.000138464,1.69373,0.0155928,1.8276,5.0905
6.77112e+06,0.000129204,1.69373,0.0155942,2.04797,4.88146
6.77091e+06,0.000126094,1.69373,0.0155957,2.29068,4.65009
6.7707e+06,0.000129726,1.69373,0.0155972,2.53412,4.41797
6.77049e+06,0.000139704,1.69374,0.0155988,2.75633,4.2071
6.77028e+06,0.000154913,1.69374,0.0156004,2.94548,4.02928
6.77006e+06,0.000174074,1.69374,0.015602,3.10068,3.88541
6.76985e+06,0.000196101,1.69374,0.0156037,3.22676,3.77067
6.76963e+06,0.00022019,1.69374,0.0156055,3.3298,3.67895
6.76941e+06,0.000245779,1.69375,0.0156073,3.41521,3.60488
6.7692e+06,0.000272478,1.69375,0.0156091,3.48719,3.54423
6.76898e+06,0.000300016,1.69375,0.015611,3.54891,3.49383
6.76876e+06,0.000328199,1.69375,0.0156129,3.60271,3.45136
6.76855e+06,0.000356886,1.69375,0.0156149,3.65031,3.41509
6.76833e+06,0.000385972,1.69376,0.0156169,3.693,3.38373
6.76811e+06,0.000415373,1.69376,0.0156189,3.73175,3.35632
6.76789e+06,0.000445027,1.69376,0.015621,3.76729,3.33211
6.76768e+06,0.00047488,1.69376,0.0156232,3.80019,3.31054
6.76746e+06,0.000504889,1.69376,0.0156254,3.83091,3.29115
6.76724e+06,0.000535017,1.69377,0.0156276,3.85979,3.2736
6.76703e+06,0.000565232,1.69377,0.0156299,3.88712,3.25759
6.76681e+06,0.000595504,1.69377,0.0156322,3.91313,3.24291
6.7666e+06,0.000625809,1.69377,0.0156346,3.93801,3.22937
6.76639e+06,0.000656122,1.69377,0.015637,3.9619,3.2168
6.76618e+06,0.000686423,1.69378,0.0156395,3.98494,3.20509
6.76596e+06,0.000716692,1.69378,0.015642,4.00724,3.19412
6.76576e+06,0.000746908,1.69378,0.0156446,4.02887,3.18381
6.76555e+06,0.000777054,1.69378,0.0156472,4.04993,3.17408
6.76534e+06,0.000807114,1.69378,0.0156498,4.07048,3.16486
6.76514e+06,0.00083707,1.69379,0.0156525,4.09057,3.1561
6.76493e+06,0.000866906,1.69379,0.0156552,4.11025,3.14775
6.76473e+06,0.000896607,1.69379,0.015658,4.12956,3.13976
6.76453e+06,0.000926159,1.69379,0.0156608,4.14854,3.13211
6.76434e+06,0.000955545,1.69379,0.0156636,4.16723,3.12475
6.76414e+06,0.000984753,1.69379,0.0156665,4.18564,3.11766
6.76395e+06,0.00101377,1.6938,0.0156694,4.20382,3.11082
6.76376e+06,0.00104258,1.6938,0.0156724,4.22176,3.1042
6.76357e+06,0.00107116,1.6938,0.0156754,4.23951,3.09778
6.76339e+06,0.00109952,1.6938,0.0156785,4.25707,3.09154
6.7632e+06,0.00112763,1.6938,0.0156816,4.27446,3.08548
6.76302e+06,0.00115548,1.69381,0.0156847,4.2917,3.07957
6.76285e+06,0.00118306,1.69381,0.0156879,4.30879,3.0738
6.76267e+06,0.00121036,1.69381,0.0156911,4.32576,3.06816
6.7625e+06,0.00123737,1.69381,0.0156943,4.3426,3.06264
6.76233e+06,0.00126407,1.69381,0.0156976,4.35933,3.05723
6.76217e+06,0.00129045,1.69381,0.0157009,4.37597,3.05192
6.76201e+06,0.0013165,1.69381,0.0157042,4.39251,3.04671
6.76185e+06,0.00134222,1.69382,0.0157076,4.40896,3.04158
6.76169e+06,0.00136758,1.69382,0.015711,4.42533,3.03654
6.76154e+06,0.00139258,1.69382,0.0157144,4.44163,3.03156
6.76139e+06,0.00141721,1.69382,0.0157179,4.45786,3.02665
6.76125e+06,0.00144146,1.69382,0.0157214,4.47403,3.02181
6.76111e+06,0.00146532,1.69382,0.015725,4.49014,3.01702
6.76097e+06,0.00148878,1.69382,0.0157285,4.5062,3.01229
6.76084e+06,0.00151183,1.69383,0.0157321,4.52221,3.0076
6.76071e+06,0.00153446,1.69383,0.0157357,4.53817,3.00296
6.76059e+06,0.00155667,1.69383,0.0157394,4.55409,2.99836
6.76046e+06,0.00157844,1.69383,0.015743,4.56998,2.9938
6.76035e+06,0.00159976,1.69383,0.0157467,4.58583,2.98928
6.76023e+06,0.00162063,1.69383,0.0157505,4.60165,2.98478
6.76013e+06,0.00164104,1.69383,0.0157542,4.61744,2.98031
6.76002e+06,0.00166098,1.69383,0.015758,4.6332,2.97587
6.75992e+06,0.00168045,1.69383,0.0157617,4.64894,2.97145
6.75983e+06,0.00169943,1.69383,0.0157655,4.66466,2.96706
6.75974e+06,0.00171793,1.69384,0.0157694,4.68036,2.96268
6.75965e+06,0.00173592,1.69384,0.0157732,4.69605,2.95831
6.75957e+06,0.00175342,1.69384,0.0157771,4.71172,2.95397
6.75949e+06,0.00177041,1.69384,0.015781,4.72737,2.94963
6.75942e+06,0.00178688,1.69384,0.0157849,4.74302,2.94531
6.75935e+06,0.00180283,1.69384,0.0157888,4.75866,2.94099
6.75929e+06,0.00181826,1.69384,0.0157927,4.77429,2.93668
6.75923e+06,0.00183316,1.69384,0.0157966,4.78991,2.93238
6.75917e+06,0.00184752,1.69384,0.0158006,4.80553,2.92808
6.75912e+06,0.00186135,1.69384,0.0158045,4.82115,2.92378
6.75908e+06,0.00187463,1.69384,0.0158085,4.83677,2.91949
6.75904e+06,0.00188736,1.69384,0.0158125,4.85238,2.91519
6.75901e+06,0.00189955,1.69384,0.0158165,4.868,2.91089
6.75898e+06,0.00191118,1.69384,0.0158204,4.88363,2.90659
6.75895e+06,0.00192225,1.69384,0.0158244,4.89925,2.90228
6.75893e+06,0.00193276,1.69384,0.0158284,4.91489,2.89796
6.75892e+06,0.00194271,1.69384,0.0158325,4.93053,2.89364
6.75891e+06,0.0019521,1.69384,0.0158365,4.94618,2.88932
6.7589e+06,0.00196092,1.69384,0.0158405,4.96183,2.88498
6.7589e+06,0.00196917,1.69384,0.0158445,4.9775,2.88063
6.7589e+06,0.00197685,1.69384,0.0158485,4.99318,2.87627
6.75891e+06,0.00198396,1.69384,0.0158525,5.00888,2.87189
6.75893e+06,0.0019905,1.69384,0.0158565,5.02458,2.8675
6.75895e+06,0.00199647,1.69384,0.0158605,5.04031,2.8631
6.75897e+06,0.00200187,1.69384,0.0158645,5.05605,2.85868
6.759e+06,0.00200669,1.69384,0.0158685,5.0718,2.85424
6.75903e+06,0.00201094,1.69384,0.0158725,5.08758,2.84979
6.75907e+06,0.00201463,1.69384,0.0158765,5.10337,2.84531
6.75912e+06,0.00201774,1.69384,0.0158804,5.11918,2.84082
6.75916e+06,0.00202028,1.69384,0.0158844,5.13502,2.8363
6.75922e+06,0.00202226,1.69384,0.0158883,5.15087,2.83176
6.75928e+06,0.00202367,1.69384,0.0158923,5.16675,2.8272
6.75934e+06,0.00202451,1.69384,0.0158962,5.18266,2.82261
6.75941e+06,0.0020248,1.69384,0.0159001,5.19859,2.818
6.75948e+06,0.00202452,1.69384,0.015904,5.21454,2.81336
6.75955e+06,0.00202369,1.69384,0.0159079,5.23053,2.8087
6.75963e+06,0.00202231,1.69384,0.0159118,5.24654,2.804
6.75972e+06,0.00202037,1.69384,0.0159156,5.26258,2.79928
6.75981e+06,0.00201789,1.69383,0.0159194,5.27865,2.79452
6.7599e+06,0.00201487,1.69383,0.0159232,5.29476,2.78974
6.76e+06,0.00201131,1.69383,0.015927,5.31089,2.78492
6.76011e+06,0.00200722,1.69383,0.0159308,5.32706,2.78007
6.76021e+06,0.00200259,1.69383,0.0159345,5.34326,2.77518
6.76033e+06,0.00199744,1.69383,0.0159383,5.3595,2.77026
6.76044e+06,0.00199177,1.69383,0.015942,5.37577,2.76531
6.76056e+06,0.00198559,1.69383,0.0159456,5.39209,2.76031
6.76069e+06,0.0019789,1.69383,0.0159493,5.40844,2.75528
6.76081e+06,0.0019717,1.69383,0.0159529,5.42482,2.7502
6.76095e+06,0.00196401,1.69382,0.0159565,5.44125,2.74509
6.76108e+06,0.00195583,1.69382,0.0159601,5.45773,2.73993
6.76122e+06,0.00194716,1.69382,0.0159636,5.47424,2.73474
6.76136e+06,0.00193801,1.69382,0.0159671,5.4908,2.72949
6.76151e+06,0.0019284,1.69382,0.0159706,5.5074,2.72421
6.76166e+06,0.00191831,1.69382,0.015974,5.52405,2.71888
6.76182e+06,0.00190778,1.69382,0.0159774,5.54075,2.7135
6.76197e+06,0.00189679,1.69381,0.0159808,5.55749,2.70807
6.76213e+06,0.00188536,1.69381,0.0159842,5.57428,2.70259
6.7623e+06,0.00187349,1.69381,0.0159875,5.59113,2.69706
6.76246e+06,0.0018612,1.69381,0.0159908,5.60802,2.69148
6.76264e+06,0.00184849,1.69381,0.015994,5.62497,2.68585
6.76281e+06,0.00183537,1.69381,0.0159972,5.64197,2.68016
6.76298e+06,0.00182185,1.69381,0.0160004,5.65903,2.67442
6.76316e+06,0.00180793,1.6938,0.0160035,5.67614,2.66862
6.76335e+06,0.00179363,1.6938,0.0160066,5.69331,2.66277
6.76353e+06,0.00177896,1.6938,0.0160097,5.71054,2.65685
6.76372e+06,0.00176392,1.6938,0.0160127,5.72783,2.65088
6.76391e+06,0.00174852,1.6938,0.0160157,5.74519,2.64484
6.7641e+06,0.00173277,1.6938,0.0160186,5.7626,2.63874
6.76429e+06,0.00171668,1.69379,0.0160215,5.78008,2.63257
6.76449e+06,0.00170027,1.69379,0.0160244,5.79762,2.62635
6.76469e+06,0.00168353,1.69379,0.0160272,5.81523,2.62005
6.76489e+06,0.00166648,1.69379,0.01603,5.83291,2.61368
6.76509e+06,0.00164914,1.69379,0.0160327,5.85066,2.60725
6.76529e+06,0.0016315,1.69378,0.0160354,5.86848,2.60075
6.7655e+06,0.00161358,1.69378,0.016038,5.88637,2.59417
6.7657e+06,0.00159539,1.69378,0.0160406,5.90434,2.58752
6.76591e+06,0.00157694,1.69378,0.0160432,5.92238,2.58079
6.76612e+06,0.00155824,1.69378,0.0160457,5.9405,2.57399
6.76633e+06,0.00153929,1.69377,0.0160482,5.95869,2.56711
6.76654e+06,0.00152012,1.69377,0.0160506,5.97697,2.56015
6.76676e+06,0.00150072,1.69377,0.016053,5.99532,2.5531
6.76697e+06,0.00148112,1.69377,0.0160553,6.01376,2.54598
6.76719e+06,0.00146131,1.69377,0.0160576,6.03228,2.53877
6.7674e+06,0.00144132,1.69377,0.0160599,6.05089,2.53148
6.76762e+06,0.00142114,1.69376,0.0160621,6.06959,2.5241
6.76783e+06,0.0014008,1.69376,0.0160642,6.08837,2.51663
6.76805e+06,0.0013803,1.69376,0.0160663,6.10725,2.50907
6.76827e+06,0.00135964,1.69376,0.0160684,6.12621,2.50142
6.76848e+06,0.00133885,1.69376,0.0160704,6.14527,2.49367
6.7687e+06,0.00131793,1.69375,0.0160724,6.16442,2.48583
6.76892e+06,0.00129689,1.69375,0.0160743,6.18367,2.47789
6.76913e+06,0.00127573,1.69375,0.0160762,6.20302,2.46986
6.76935e+06,0.00125448,1.69375,0.0160781,6.22247,2.46173
6.76956e+06,0.00123314,1.69375,0.0160799,6.24202,2.45349
6.76978e+06,0.00121172,1.69374,0.0160816,6.26167,2.44515
6.76999e+06,0.00119023,1.69374,0.0160833,6.28142,2.43671
6.77021e+06,0.00116868,1.69374,0.016085,0.018099,2.42817
6.77042e+06,0.00114708,1.69374,0.0160866,0.038066,2.41951
6.77063e+06,0.00112543,1.69374,0.0160882,0.0581413,2.41075
6.77084e+06,0.00110375,1.69373,0.0160897,0.0783261,2.40188
6.77105e+06,0.00108205,1.69373,0.0160912,0.098622,2.3929
6.77126e+06,0.00106033,1.69373,0.0160926,0.11903,2.3838
6.77147e+06,0.00103861,1.69373,0.016094,0.139552,2.3746
6.77167e+06,0.00101688,1.69373,0.0160954,0.160188,2.36527
6.77188e+06,0.000995167,1.69372,0.0160967,0.18094,2.35584
6.77208e+06,0.000973471,1.69372,0.016098,0.201809,2.34628
6.77228e+06,0.000951801,1.69372,0.0160992,0.222795,2.33661
6.77248e+06,0.000930164,1.69372,0.0161004,0.2439,2.32682
6.77268e+06,0.000908569,1.69372,0.0161015,0.265125,2.31691
6.77287e+06,0.000887022,1.69372,0.0161026,0.28647,2.30687
6.77306e+06,0.00086553,1.69371,0.0161037,0.307935,2.29672
6.77325e+06,0.000844101,1.69371,0.0161047,0.32952,2.28645
6.77344e+06,0.000822741,1.69371,0.0161057,0.351227,2.27606
6.77362e+06,0.000801455,1.69371,0.0161067,0.373055,2.26554
6.7738e+06,0.000780251,1.69371,0.0161076,0.395004,2.25491
6.77398e+06,0.000759133,1.6937,0.0161084,0.417073,2.24415
6.77416e+06,0.000738108,1.6937,0.0161093,0.439262,2.23328
6.77433e+06,0.000717181,1.6937,0.0161101,0.46157,2.22228
6.7745e+06,0.000696356,1.6937,0.0161108,0.483995,2.21117
6.77467e+06,0.000675637,1.6937,0.0161116,0.506537,2.19994
6.77484e+06,0.00065503,1.6937,0.0161123,0.529192,2.1886
6.775e+06,0.000634539,1.6937,0.0161129,0.551959,2.17715
6.77515e+06,0.000614166,1.69369,0.0161135,0.574835,2.16558
6.77531e+06,0.000593915,1.69369,0.0161141,0.597816,2.15392
6.77546e+06,0.000573789,1.69369,0.0161147,0.620899,2.14215
6.77561e+06,0.00055379,1.69369,0.0161152,0.644078,2.13028
6.77575e+06,0.000533922,1.69369,0.0161157,0.667348,2.11832
6.77589e+06,0.000514185,1.69369,0.0161162,0.690703,2.10628
6.77603e+06,0.000494582,1.69369,0.0161166,0.714135,2.09416
6.77616e+06,0.000475113,1.69369,0.016117,0.737636,2.08198
6.77629e+06,0.00045578,1.69368,0.0161174,0.761195,2.06973
6.77641e+06,0.000436583,1.69368,0.0161178,0.7848,2.05744
6.77653e+06,0.000417522,1.69368,0.0161181,0.808438,2.04511
6.77665e+06,0.000398597,1.69368,0.0161184,0.832093,2.03277
6.77676e+06,0.000379807,1.69368,0.0161187,0.855745,2.02044
6.77687e+06,0.000361151,1.69368,0.016119,0.879371,2.00812
6.77697e+06,0.000342629,1.69368,0.0161192,0.902944,1.99586
6.77707e+06,0.000324239,1.69368,0.0161194,0.926432,1.98369
6.77717e+06,0.000305978,1.69368,0.0161196,0.949795,1.97164
6.77726e+06,0.000287845,1.69368,0.0161198,0.972983,1.95976
6.77734e+06,0.000269838,1.69367,0.01612,0.995937,1.94812
6.77742e+06,0.000251953,1.69367,0.0161201,1.01858,1.9368
6.7775e+06,0.000234188,1.69367,0.0161203,1.04081,1.92588
6.77757e+06,0.00021654,1.69367,0.0161204,1.0625,1.9155
6.77764e+06,0.000199006,1.69367,0.0161205,1.08348,1.90583
6.7777e+06,0.000181583,1.69367,0.0161206,1.10352,1.89711
6.77776e+06,0.000164269,1.69367,0.0161206,1.12229,1.88965
6.77781e+06,0.000147062,1.69367,0.0161207,1.13931,1.88394
6.77786e+06,0.000129962,1.69367,0.0161207,1.15388,1.88069
6.77791e+06,0.000112971,1.69367,0.0161208,1.16484,1.88104
6.77794e+06,9.60967e-05,1.69367,0.0161208,1.17029,1.88691
6.77798e+06,7.93584e-05,1.69367,0.0161208,1.16673,1.90178
6.77801e+06,6.27999e-05,1.69367,0.0161209,1.14708,1.93275
6.77803e+06,4.65356e-05,1.69367,0.0161209,1.09457,1.99657
6.77805e+06,3.09287e-05,1.69367,0.0161209,0.959749,2.1427
6.77807e+06,1.76465e-05,1.69367,0.0161209,0.548452,2.56531
6.77808e+06,1.50134e-05,1.69367,0.0161209,5.7976,3.61066
6.77808e+06,2.6361e-05,1.69367,0.0161209,5.20236,4.21722
6.77808e+06,4.14381e-05,1.69367,0.0161209,5.01734,4.41354
6.77807e+06,5.73602e-05,1.69367,0.0161209,4.94795,4.49425
6.77806e+06,7.35745e-05,1.69367,0.0161209,4.92104,4.53247
6.77805e+06,8.9923e-05,1.69367,0.0161209,4.91391,4.55092
6.77803e+06,0.000106348,1.69367,0.0161209,4.9175,4.55865
6.77801e+06,0.000122826,1.69367,0.0161209,4.92751,4.55995
6.77798e+06,0.000139349,1.69367,0.0161209,4.94167,4.5571
6.77794e+06,0.000155913,1.69367,0.016121,4.95864,4.55144
6.7779e+06,0.00017252,1.69367,0.016121,4.97762,4.54378
6.77786e+06,0.000189172,1.69367,0.016121,4.99806,4.53465
6.77781e+06,0.000205873,1.69367,0.0161211,5.01958,4.52444
6.77776e+06,0.000222629,1.69367,0.0161212,5.04194,4.51339
6.7777e+06,0.000239442,1.69367,0.0161212,5.06495,4.5017
6.77763e+06,0.000256319,1.69367,0.0161213,5.08845,4.48951
6.77757e+06,0.000273264,1.69367,0.0161214,5.11235,4.47693
6.77749e+06,0.000290282,1.69367,0.0161215,5.13655,4.46404
6.77742e+06,0.000307378,1.69367,0.0161217,5.16099,4.45092
6.77733e+06,0.000324555,1.69367,0.0161218,5.18561,4.43761
6.77725e+06,0.000341819,1.69368,0.016122,5.21038,4.42416
6.77716e+06,0.000359174,1.69368,0.0161221,5.23524,4.4106
6.77706e+06,0.000376622,1.69368,0.0161224,5.26018,4.39698
6.77696e+06,0.000394169,1.69368,0.0161226,5.28516,4.38331
6.77686e+06,0.000411816,1.69368,0.0161228,5.31016,4.36962
6.77675e+06,0.000429566,1.69368,0.0161231,5.33517,4.35593
6.77664e+06,0.000447423,1.69368,0.0161234,5.36016,4.34226
6.77652e+06,0.000465387,1.69368,0.0161237,5.38512,4.32861
6.7764e+06,0.000483462,1.69368,0.016124,5.41003,4.31501
6.77628e+06,0.000501648,1.69368,0.0161244,5.43489,4.30147
6.77615e+06,0.000519947,1.69369,0.0161248,5.45969,4.28798
6.77602e+06,0.000538359,1.69369,0.0161252,5.48441,4.27457
6.77588e+06,0.000556885,1.69369,0.0161256,5.50905,4.26125
6.77574e+06,0.000575524,1.69369,0.0161261,5.5336,4.24801
6.7756e+06,0.000594276,1.69369,0.0161266,5.55806,4.23487
6.77545e+06,0.000613141,1.69369,0.0161271,5.58242,4.22182
6.7753e+06,0.000632117,1.69369,0.0161277,5.60667,4.20889
6.77514e+06,0.000651202,1.69369,0.0161283,5.63081,4.19606
6.77498e+06,0.000670396,1.6937,0.0161289,5.65484,4.18335
6.77482e+06,0.000689696,1.6937,0.0161296,5.67875,4.17075
6.77466e+06,0.000709098,1.6937,0.0161303,5.70254,4.15827
6.77449e+06,0.000728601,1.6937,0.016131,5.7262,4.14592
6.77432e+06,0.000748201,1.6937,0.0161318,5.74975,4.13369
6.77415e+06,0.000767894,1.6937,0.0161326,5.77317,4.12159
6.77397e+06,0.000787677,1.69371,0.0161334,5.79645,4.10961
6.77379e+06,0.000807545,1.69371,0.0161343,5.81962,4.09777
6.77361e+06,0.000827493,1.69371,0.0161352,5.84265,4.08605
6.77342e+06,0.000847517,1.69371,0.0161361,5.86555,4.07446
6.77324e+06,0.000867612,1.69371,0.0161371,5.88832,4.06301
6.77305e+06,0.000887771,1.69371,0.0161382,5.91095,4.05168
6.77285e+06,0.00090799,1.69372,0.0161392,5.93346,4.04049
6.77266e+06,0.000928262,1.69372,0.0161403,5.95584,4.02943
6.77246e+06,0.00094858,1.69372,0.0161415,5.97808,4.0185
6.77226e+06,0.000968939,1.69372,0.0161427,6.0002,4.0077
6.77206e+06,0.000989332,1.69372,0.0161439,6.02218,3.99703
6.77186e+06,0.00100975,1.69372,0.0161452,6.04404,3.98649
6.77166e+06,0.00103019,1.69373,0.0161465,6.06576,3.97607
6.77145e+06,0.00105064,1.69373,0.0161479,6.08736,3.96579
6.77125e+06,0.00107109,1.69373,0.0161493,6.10884,3.95563
6.77104e+06,0.00109154,1.69373,0.0161507,6.13018,3.9456
6.77083e+06,0.00111198,1.69373,0.0161522,6.15141,3.93569
6.77062e+06,0.00113239,1.69374,0.0161537,6.17251,3.9259
6.7704e+06,0.00115278,1.69374,0.0161553,6.19349,3.91624
6.77019e+06,0.00117313,1.69374,0.0161569,6.21434,3.90669
6.76998e+06,0.00119343,1.69374,0.0161586,6.23508,3.89727
6.76976e+06,0.00121368,1.69374,0.0161603,6.25571,3.88796
6.76955e+06,0.00123386,1.69375,0.0161621,6.27621,3.87877
6.76933e+06,0.00125397,1.69375,0.0161639,0.0134195,3.86969
6.76911e+06,0.001274,1.69375,0.0161657,0.0336987,3.86073
6.7689e+06,0.00129394,1.69375,0.0161676,0.0538666,3.85188
6.76868e+06,0.00131377,1.69375,0.0161695,0.073925,3.84313
6.76846e+06,0.00133349,1.69376,0.0161715,0.0938754,3.8345
6.76825e+06,0.00135309,1.69376,0.0161735,0.11372,3.82597
6.76803e+06,0.00137256,1.69376,0.0161756,0.133459,3.81754
6.76781e+06,0.00139188,1.69376,0.0161777,0.153096,3.80922
6.7676e+06,0.00141106,1.69376,0.0161799,0.172631,3.801
6.76738e+06,0.00143008,1.69377,0.0161821,0.192067,3.79288
6.76717e+06,0.00144893,1.69377,0.0161844,0.211404,3.78486
6.76695e+06,0.00146759,1.69377,0.0161867,0.230646,3.77693
6.76674e+06,0.00148607,1.69377,0.016189,0.249793,3.7691
6.76653e+06,0.00150434,1.69377,0.0161914,0.268847,3.76136
6.76631e+06,0.00152241,1.69378,0.0161938,0.28781,3.75371
6.7661e+06,0.00154025,1.69378,0.0161963,0.306684,3.74616
6.76589e+06,0.00155787,1.69378,0.0161988,0.325469,3.73869
6.76569e+06,0.00157524,1.69378,0.0162014,0.344169,3.7313
6.76548e+06,0.00159237,1.69378,0.016204,0.362784,3.724
6.76527e+06,0.00160923,1.69378,0.0162066,0.381316,3.71679
6.76507e+06,0.00162583,1.69379,0.0162093,0.399766,3.70965
6.76487e+06,0.00164214,1.69379,0.0162121,0.418137,3.7026
6.76467e+06,0.00165817,1.69379,0.0162148,0.43643,3.69562
6.76447e+06,0.0016739,1.69379,0.0162177,0.454646,3.68872
6.76427e+06,0.00168932,1.69379,0.0162205,0.472787,3.68189
6.76408e+06,0.00170442,1.6938,0.0162234,0.490855,3.67514
6.76389e+06,0.0017192,1.6938,0.0162264,0.50885,3.66846
6.7637e+06,0.00173364,1.6938,0.0162294,0.526776,3.66185
6.76351e+06,0.00174773,1.6938,0.0162324,0.544632,3.65531
6.76333e+06,0.00176147,1.6938,0.0162354,0.562421,3.64884
6.76315e+06,0.00177485,1.6938,0.0162385,0.580144,3.64243
6.76297e+06,0.00178785,1.69381,0.0162417,0.597802,3.63609
6.76279e+06,0.00180048,1.69381,0.0162448,0.615398,3.62981
6.76262e+06,0.00181272,1.69381,0.0162481,0.632931,3.6236
6.76245e+06,0.00182456,1.69381,0.0162513,0.650405,3.61744
6.76228e+06,0.00183599,1.69381,0.0162546,0.66782,3.61134
6.76212e+06,0.00184701,1.69381,0.0162579,0.685177,3.6053
6.76196e+06,0.00185761,1.69381,0.0162613,0.702478,3.59932
6.7618e+06,0.00186778,1.69382,0.0162646,0.719724,3.59339
6.76165e+06,0.00187752,1.69382,0.0162681,0.736917,3.58751
6.7615e+06,0.00188681,1.69382,0.0162715,0.754058,3.58169
6.76135e+06,0.00189565,1.69382,0.016275,0.771148,3.57592
6.76121e+06,0.00190403,1.69382,0.0162785,0.788189,3.57019
6.76107e+06,0.00191195,1.69382,0.016282,0.805182,3.56452
6.76093e+06,0.00191939,1.69382,0.0162856,0.822127,3.55889
6.7608e+06,0.00192636,1.69383,0.0162892,0.839028,3.55331
6.76067e+06,0.00193285,1.69383,0.0162928,0.855884,3.54777
6.76055e+06,0.00193885,1.69383,0.0162965,0.872696,3.54227
6.76043e+06,0.00194435,1.69383,0.0163002,0.889467,3.53682
6.76031e+06,0.00194935,1.69383,0.0163039,0.906198,3.53141
6.7602e+06,0.00195385,1.69383,0.0163076,0.922889,3.52603
6.76009e+06,0.00195783,1.69383,0.0163113,0.939542,3.5207
6.75999e+06,0.0019613,1.69383,0.0163151,0.956159,3.5154
6.75989e+06,0.00196425,1.69383,0.0163189,0.972739,3.51014
6.7598e+06,0.00196668,1.69383,0.0163227,0.989286,3.50491
6.75971e+06,0.00196858,1.69384,0.0163265,1.0058,3.49972
6.75962e+06,0.00196994,1.69384,0.0163304,1.02228,3.49455
6.75954e+06,0.00197077,1.69384,0.0163342,1.03873,3.48942
6.75947e+06,0.00197106,1.69384,0.0163381,1.05515,3.48432
6.7594e+06,0.00197081,1.69384,0.016342,1.07154,3.47925
6.75933e+06,0.00197002,1.69384,0.0163459,1.08791,3.4742
6.75927e+06,0.00196868,1.69384,0.0163499,1.10425,3.46918
6.75921e+06,0.00196679,1.69384,0.0163538,1.12057,3.46418
6.75916e+06,0.00196435,1.69384,0.0163578,1.13686,3.45921
6.75911e+06,0.00196135,1.69384,0.0163617,1.15313,3.45426
6.75907e+06,0.0019578,1.69384,0.0163657,1.16938,3.44933
6.75903e+06,0.0019537,1.69384,0.0163697,1.18561,3.44442
6.759e+06,0.00194904,1.69384,0.0163737,1.20182,3.43953
6.75897e+06,0.00194382,1.69384,0.0163777,1.21801,3.43465
6.75894e+06,0.00193805,1.69384,0.0163816,1.23419,3.42979
6.75892e+06,0.00193172,1.69384,0.0163857,1.25036,3.42495
6.75891e+06,0.00192483,1.69384,0.0163897,1.26651,3.42012
6.7589e+06,0.00191738,1.69384,0.0163937,1.28265,3.4153
6.7589e+06,0.00190939,1.69384,0.0163977,1.29878,3.41049
6.7589e+06,0.00190083,1.69384,0.0164017,1.31491,3.40569
6.7589e+06,0.00189172,1.69384,0.0164057,1.33102,3.40089
6.75892e+06,0.00188207,1.69384,0.0164097,1.34713,3.3961
6.75893e+06,0.00187186,1.69384,0.0164137,1.36324,3.39132
6.75895e+06,0.0018611,1.69384,0.0164177,1.37934,3.38653
6.75898e+06,0.0018498,1.69384,0.0164217,1.39544,3.38175
6.75901e+06,0.00183796,1.69384,0.0164257,1.41155,3.37697
6.75904e+06,0.00182558,1.69384,0.0164297,1.42766,3.37218
6.75908e+06,0.00181267,1.69384,0.0164337,1.44377,3.36739
6.75913e+06,0.00179922,1.69384,0.0164376,1.45989,3.3626
6.75918e+06,0.00178525,1.69384,0.0164416,1.47601,3.35779
6.75923e+06,0.00177075,1.69384,0.0164455,1.49215,3.35298
6.75929e+06,0.00175573,1.69384,0.0164495,1.5083,3.34815
6.75935e+06,0.0017402,1.69384,0.0164534,1.52447,3.3433
6.75942e+06,0.00172416,1.69384,0.0164573,1.54065,3.33844
6.7595e+06,0.00170762,1.69384,0.0164612,1.55685,3.33356
6.75957e+06,0.00169057,1.69384,0.0164651,1.57308,3.32866
6.75966e+06,0.00167304,1.69384,0.0164689,1.58933,3.32374
6.75974e+06,0.00165502,1.69384,0.0164728,1.60561,3.31878
6.75983e+06,0.00163652,1.69383,0.0164766,1.62192,3.3138
6.75993e+06,0.00161754,1.69383,0.0164804,1.63826,3.30878
6.76003e+06,0.0015981,1.69383,0.0164842,1.65464,3.30372
6.76013e+06,0.0015782,1.69383,0.016488,1.67106,3.29863
6.76024e+06,0.00155785,1.69383,0.0164917,1.68752,3.29349
6.76036e+06,0.00153706,1.69383,0.0164954,1.70403,3.2883
6.76047e+06,0.00151582,1.69383,0.0164991,1.7206,3.28306
6.76059e+06,0.00149417,1.69383,0.0165028,1.73722,3.27776
6.76072e+06,0.00147209,1.69383,0.0165064,1.7539,3.2724
6.76085e+06,0.0014496,1.69383,0.01651,1.77065,3.26698
6.76098e+06,0.00142671,1.69382,0.0165136,1.78747,3.26148
6.76112e+06,0.00140343,1.69382,0.0165172,1.80437,3.25591
6.76126e+06,0.00137977,1.69382,0.0165207,1.82136,3.25025
6.76141e+06,0.00135574,1.69382,0.0165242,1.83843,3.2445
6.76155e+06,0.00133134,1.69382,0.0165277,1.85561,3.23865
6.76171e+06,0.00130659,1.69382,0.0165311,1.87289,3.23269
6.76186e+06,0.0012815,1.69382,0.0165345,1.89029,3.22662
6.76202e+06,0.00125608,1.69381,0.0165379,1.90781,3.22043
6.76218e+06,0.00123034,1.69381,0.0165412,1.92546,3.2141
6.76235e+06,0.00120429,1.69381,0.0165445,1.94327,3.20762
6.76252e+06,0.00117794,1.69381,0.0165478,1.96123,3.20099
6.76269e+06,0.00115132,1.69381,0.0165511,1.97936,3.19418
6.76286e+06,0.00112441,1.69381,0.0165542,1.99768,3.18719
6.76304e+06,0.00109725,1.6938,0.0165574,2.0162,3.17999
6.76322e+06,0.00106984,1.6938,0.0165605,2.03494,3.17258
6.7634e+06,0.0010422,1.6938,0.0165636,2.05393,3.16492
6.76359e+06,0.00101434,1.6938,0.0165667,2.07318,3.157
6.76378e+06,0.000986274,1.6938,0.0165697,2.09272,3.14879
6.76397e+06,0.000958014,1.6938,0.0165726,2.11257,3.14026
6.76416e+06,0.000929577,1.69379,0.0165756,2.13277,3.13139
6.76436e+06,0.000900979,1.69379,0.0165785,2.15335,3.12213
6.76455e+06,0.000872234,1.69379,0.0165813,2.17436,3.11245
6.76475e+06,0.00084336,1.69379,0.0165841,2.19584,3.10231
6.76495e+06,0.000814373,1.69379,0.0165869,2.21783,3.09164
6.76516e+06,0.000785291,1.69379,0.0165896,2.24041,3.0804
6.76536e+06,0.000756133,1.69378,0.0165923,2.26363,3.0685
6.76557e+06,0.000726919,1.69378,0.0165949,2.28757,3.05589
6.76578e+06,0.000697669,1.69378,0.0165975,2.31233,3.04246
6.76598e+06,0.000668407,1.69378,0.0166,2.33802,3.0281
6.7662e+06,0.000639156,1.69378,0.0166025,2.36475,3.0127
6.76641e+06,0.000609944,1.69377,0.016605,2.39267,2.99611
6.76662e+06,0.000580798,1.69377,0.0166074,2.42196,2.97814
6.76683e+06,0.000551753,1.69377,0.0166098,2.45283,2.95861
6.76705e+06,0.000522843,1.69377,0.0166121,2.48552,2.93725
6.76726e+06,0.000494111,1.69377,0.0166144,2.52034,2.91376
6.76748e+06,0.000465606,1.69376,0.0166166,2.55766,2.88777
6.7677e+06,0.000437385,1.69376,0.0166188,2.59792,2.85884
6.76791e+06,0.000409516,1.69376,0.016621,2.64168,2.8264
6.76813e+06,0.000382082,1.69376,0.0166231,2.68965,2.78977
6.76835e+06,0.000355187,1.69376,0.0166251,2.74266,2.74809
6.76857e+06,0.000328959,1.69375,0.0166271,2.80181,2.70027
6.76878e+06,0.000303565,1.69375,0.0166291,2.86842,2.64499
6.769e+06,0.000279215,1.69375,0.016631,2.94414,2.5806
6.76922e+06,0.000256188,1.69375,0.0166329,3.03096,2.50512
6.76944e+06,0.000234839,1.69375,0.0166347,3.13114,2.41627
6.76965e+06,0.000215629,1.69374,0.0166365,3.24704,2.3117
6.76987e+06,0.000199123,1.69374,0.0166382,3.38064,2.18943
6.77008e+06,0.00018598,1.69374,0.0166399,3.5326,2.0488
6.7703e+06,0.000176874,1.69374,0.0166416,3.70109,1.89165
6.77051e+06,0.00017236,1.69374,0.0166432,3.8808,1.72326
6.77072e+06,0.000172704,1.69373,0.0166447,4.0634,1.552
6.77093e+06,0.000177778,1.69373,0.0166463,4.23963,1.3871
6.77114e+06,0.000187096,1.69373,0.0166477,4.40217,1.2359
6.77135e+06,0.000199965,1.69373,0.0166491,4.54709,1.10231
6.77156e+06,0.000215648,1.69373,0.0166505,4.67366,0.987067
6.77177e+06,0.000233482,1.69373,0.0166519,4.78321,0.888854
6.77197e+06,0.000252918,1.69372,0.0166532,4.87792,0.805474
6.77217e+06,0.000273521,1.69372,0.0166544,4.96017,0.73456
6.77237e+06,0.000294959,1.69372,0.0166556,5.03212,0.673942
6.77257e+06,0.000316975,1.69372,0.0166568,5.09563,0.621768
6.77277e+06,0.000339374,1.69372,0.0166579,5.15222,0.576516
6.77296e+06,0.000362004,1.69371,0.016659,5.20311,0.536957
6.77315e+06,0.000384746,1.69371,0.0166601,5.24929,0.502105
6.77334e+06,0.000407505,1.69371,0.0166611,5.29157,0.471168
6.77353e+06,0.000430205,1.69371,0.0166621,5.33056,0.443511
6.77371e+06,0.000452783,1.69371,0.016663,5.36678,0.418622
6.77389e+06,0.000475188,1.69371,0.0166639,5.40065,0.396082
6.77407e+06,0.000497375,1.6937,0.0166647,5.43252,0.375552
6.77425e+06,0.000519308,1.6937,0.0166656,5.46266,0.356749
6.77442e+06,0.000540952,1.6937,0.0166663,5.4913,0.339443
6.77459e+06,0.00056228,1.6937,0.0166671,5.51864,0.323437
6.77476e+06,0.000583267,1.6937,0.0166678,5.54484,0.30857
6.77492e+06,0.000603889,1.6937,0.0166685,5.57004,0.294703
6.77508e+06,0.000624126,1.69369,0.0166691,5.59436,0.28172
6.77524e+06,0.00064396,1.69369,0.0166697,5.61789,0.26952
6.77539e+06,0.000663372,1.69369,0.0166703,5.64073,0.258017
6.77554e+06,0.000682348,1.69369,0.0166709,5.66295,0.247138
6.77569e+06,0.000700872,1.69369,0.0166714,5.6846,0.236816
6.77583e+06,0.000718931,1.69369,0.0166719,5.70576,0.226997
6.77597e+06,0.000736512,1.69369,0.0166723,5.72646,0.217631
6.77611e+06,0.000753602,1.69369,0.0166727,5.74675,0.208675
6.77624e+06,0.00077019,1.69368,0.0166731,5.76667,0.20009
6.77636e+06,0.000786265,1.69368,0.0166735,5.78625,0.191842
6.77649e+06,0.000801817,1.69368,0.0166739,5.80553,0.183902
6.77661e+06,0.000816837,1.69368,0.0166742,5.82453,0.176242
6.77672e+06,0.000831315,1.69368,0.0166745,5.84327,0.168838
6.77683e+06,0.000845242,1.69368,0.0166748,5.86177,0.161668
6.77694e+06,0.00085861,1.69368,0.016675,5.88006,0.154712
6.77704e+06,0.000871411,1.69368,0.0166752,5.89816,0.147954
6.77714e+06,0.000883638,1.69368,0.0166755,5.91607,0.141376
6.77723e+06,0.000895284,1.69368,0.0166757,5.93382,0.134964
6.77732e+06,0.000906342,1.69367,0.0166758,5.95142,0.128704
6.7774e+06,0.000916807,1.69367,0.016676,5.96887,0.122584
6.77748e+06,0.000926671,1.69367,0.0166761,5.9862,0.116593
6.77756e+06,0.000935929,1.69367,0.0166762,6.00341,0.11072
6.77763e+06,0.000944578,1.69367,0.0166763,6.02051,0.104955
6.77769e+06,0.00095261,1.69367,0.0166764,6.03751,0.0992891
6.77775e+06,0.000960023,1.69367,0.0166765,6.05442,0.0937142
6.77781e+06,0.000966812,1.69367,0.0166766,6.07125,0.0882222
6.77786e+06,0.000972972,1.69367,0.0166766,6.088,0.0828055
6.7779e+06,0.000978502,1.69367,0.0166767,6.10469,0.0774572
6.77795e+06,0.000983397,1.69367,0.0166767,6.12131,0.0721706
6.77798e+06,0.000987655,1.69367,0.0166767,6.13788,0.0669393
6.77801e+06,0.000991274,1.69367,0.0166768,6.1544,0.0617572
6.77804e+06,0.00099425,1.69367,0.0166768,6.17087,0.0566185
6.77806e+06,0.000996583,1.69367,0.0166768,6.18731,0.0515177
6.77808e+06,0.000998271,1.69367,0.0166768,6.20371,0.0464492
6.77809e+06,0.000999313,1.69367,0.0166768,6.22009,0.0414078
6.7781e+06,0.000999708,1.69367,0.0166768,6.23645,0.0363882
6.7781e+06,0.000999456,1.69367,0.0166768,6.25279,0.0313854
6.7781e+06,0.000998556,1.69367,0.0166768,6.26912,0.0263943
6.77809e+06,0.000997009,1.69367,0.0166768,0.00225093,0.0214099
6.77808e+06,0.000994815,1.69367,0.0166768,0.0185701,0.0164271
6.77806e+06,0.000991975,1.69367,0.0166768,0.0348927,0.0114409
6.77804e+06,0.000988489,1.69367,0.0166768,0.0512237,0.00644612
6.77801e+06,0.000984361,1.69367,0.0166768,0.0675686,0.0014376
6.77798e+06,0.000979591,1.69367,0.0166769,0.0839324,6.2796
6.77794e+06,0.000974181,1.69367,0.0166769,0.100321,6.27454
6.7779e+06,0.000968134,1.69367,0.0166769,0.116739,6.26946
6.77785e+06,0.000961452,1.69367,0.016677,0.133194,6.26434
6.7778e+06,0.00095414,1.69367,0.016677,0.149691,6.25918
6.77774e+06,0.000946199,1.69367,0.0166771,0.166236,6.25397
6.77768e+06,0.000937634,1.69367,0.0166772,0.182837,6.24871
6.77761e+06,0.00092845,1.69367,0.0166773,0.199501,6.24338
6.77754e+06,0.000918649,1.69367,0.0166774,0.216234,6.23798
6.77747e+06,0.000908238,1.69367,0.0166775,0.233047,6.23251
6.77739e+06,0.00089722,1.69367,0.0166776,0.249946,6.22694
6.7773e+06,0.000885602,1.69367,0.0166778,0.266943,6.22128
6.77721e+06,0.00087339,1.69368,0.016678,0.284046,6.21551
6.77712e+06,0.000860588,1.69368,0.0166782,0.301268,6.20963
6.77702e+06,0.000847204,1.69368,0.0166784,0.318621,6.20361
6.77692e+06,0.000833244,1.69368,0.0166786,0.336117,6.19745
6.77681e+06,0.000818716,1.69368,0.0166789,0.353773,6.19113
6.7767e+06,0.000803626,1.69368,0.0166792,0.371603,6.18464
6.77658e+06,0.000787983,1.69368,0.0166795,0.389627,6.17795
6.77646e+06,0.000771796,1.69368,0.0166798,0.407864,6.17105
6.77634e+06,0.000755072,1.69368,0.0166801,0.426337,6.16391
6.77621e+06,0.00073782,1.69368,0.0166805,0.445071,6.15651
6.77608e+06,0.000720051,1.69369,0.0166809,0.464096,6.14882
6.77595e+06,0.000701775,1.69369,0.0166814,0.483443,6.14081
6.77581e+06,0.000683001,1.69369,0.0166818,0.503151,6.13243
6.77566e+06,0.000663741,1.69369,0.0166823,0.52326,6.12366
6.77552e+06,0.000644007,1.69369,0.0166828,0.54382,6.11443
6.77537e+06,0.000623812,1.69369,0.0166834,0.564888,6.1047
6.77521e+06,0.000603169,1.69369,0.016684,0.586529,6.09439
6.77505e+06,0.000582091,1.6937,0.0166846,0.60882,6.08344
6.77489e+06,0.000560595,1.6937,0.0166852,0.631852,6.07174
6.77473e+06,0.000538697,1.6937,0.0166859,0.655732,6.05919
6.77456e+06,0.000516416,1.6937,0.0166866,0.680589,6.04567
6.77439e+06,0.000493772,1.6937,0.0166874,0.706578,6.03102
6.77422e+06,0.000470787,1.6937,0.0166882,0.733887,6.01504
6.77404e+06,0.000447487,1.6937,0.016689,0.762745,5.99752
6.77386e+06,0.000423903,1.69371,0.0166899,0.793439,5.97816
6.77368e+06,0.000400067,1.69371,0.0166908,0.826326,5.9566
6.7735e+06,0.000376023,1.69371,0.0166917,0.861856,5.93241
6.77331e+06,0.00035182,1.69371,0.0166927,0.900609,5.90499
6.77312e+06,0.000327522,1.69371,0.0166937,0.943332,5.8736
6.77293e+06,0.00030321,1.69371,0.0166948,0.991012,5.83725
6.77273e+06,0.000278989,1.69372,0.0166959,1.04496,5.79464
6.77254e+06,0.000255001,1.69372,0.016697,1.10693,5.744
6.77234e+06,0.000231445,1.69372,0.0166982,1.17933,5.68293
6.77214e+06,0.000208599,1.69372,0.0166994,1.26541,5.60819
6.77193e+06,0.000186866,1.69372,0.0167007,1.36953,5.5154
6.77173e+06,0.000166838,1.69373,0.016702,1.49729,5.39897
6.77152e+06,0.000149364,1.69373,0.0167033,1.65501,5.25258
6.77132e+06,0.00013561,1.69373,0.0167047,1.84759,5.07133
6.77111e+06,0.000126963,1.69373,0.0167061,2.0738,4.85646
6.7709e+06,0.000124658,1.69373,0.0167076,2.32074,4.62084
6.77069e+06,0.000129186,1.69374,0.0167091,2.56529,4.38762
6.77047e+06,0.000140012,1.69374,0.0167107,2.78562,4.17863
6.77026e+06,0.000155935,1.69374,0.0167123,2.9713,4.00428
6.77005e+06,0.000175658,1.69374,0.016714,3.12277,3.86414
6.76983e+06,0.000198118,1.69374,0.0167157,3.24549,3.75275
6.76962e+06,0.000222541,1.69374,0.0167174,3.34573,3.66384
6.7694e+06,0.000248391,1.69375,0.0167192,3.42887,3.59204
6.76918e+06,0.000275298,1.69375,0.016721,3.49903,3.53321
6.76896e+06,0.000303004,1.69375,0.0167229,3.55928,3.48429
6.76875e+06,0.000331326,1.69375,0.0167248,3.61188,3.44301
6.76853e+06,0.00036013,1.69375,0.0167268,3.6585,3.40772
6.76831e+06,0.000389314,1.69376,0.0167288,3.70038,3.37718
6.76809e+06,0.000418801,1.69376,0.0167309,3.73844,3.35045
6.76788e+06,0.000448529,1.69376,0.016733,3.7734,3.32682
6.76766e+06,0.000478447,1.69376,0.0167351,3.80581,3.30574
6.76744e+06,0.000508514,1.69376,0.0167373,3.8361,3.28678
6.76723e+06,0.000538692,1.69377,0.0167396,3.86461,3.26959
6.76701e+06,0.000568952,1.69377,0.0167419,3.89162,3.25391
6.7668e+06,0.000599264,1.69377,0.0167442,3.91734,3.23952
6.76658e+06,0.000629605,1.69377,0.0167466,3.94197,3.22623
6.76637e+06,0.00065995,1.69377,0.016749,3.96563,3.21389
6.76616e+06,0.00069028,1.69378,0.0167515,3.98847,3.20238
6.76595e+06,0.000720573,1.69378,0.016754,4.01059,3.19159
6.76574e+06,0.000750812,1.69378,0.0167565,4.03206,3.18145
6.76553e+06,0.000780978,1.69378,0.0167591,4.05297,3.17186
6.76533e+06,0.000811055,1.69378,0.0167618,4.07338,3.16278
6.76512e+06,0.000841025,1.69379,0.0167645,4.09334,3.15415
6.76492e+06,0.000870874,1.69379,0.0167672,4.11291,3.14591
6.76472e+06,0.000900585,1.69379,0.01677,4.13212,3.13803
6.76452e+06,0.000930144,1.69379,0.0167728,4.151,3.13047
6.76432e+06,0.000959537,1.69379,0.0167756,4.1696,3.1232
6.76413e+06,0.000988748,1.69379,0.0167785,4.18793,3.1162
6.76394e+06,0.00101777,1.6938,0.0167814,4.20602,3.10943
6.76375e+06,0.00104657,1.6938,0.0167844,4.22389,3.10288
6.76356e+06,0.00107516,1.6938,0.0167874,4.24157,3.09653
6.76337e+06,0.00110351,1.6938,0.0167905,4.25907,3.09036
6.76319e+06,0.00113162,1.6938,0.0167936,4.2764,3.08436
6.76301e+06,0.00115947,1.69381,0.0167967,4.29358,3.0785
6.76283e+06,0.00118704,1.69381,0.0167999,4.31062,3.07279
6.76266e+06,0.00121433,1.69381,0.0168031,4.32753,3.0672
6.76249e+06,0.00124132,1.69381,0.0168063,4.34433,3.06173
6.76232e+06,0.00126801,1.69381,0.0168096,4.36102,3.05637
6.76216e+06,0.00129438,1.69381,0.0168129,4.37761,3.0511
6.76199e+06,0.00132042,1.69381,0.0168163,4.39411,3.04593
6.76184e+06,0.00134611,1.69382,0.0168196,4.41052,3.04084
6.76168e+06,0.00137146,1.69382,0.016823,4.42685,3.03583
6.76153e+06,0.00139644,1.69382,0.0168265,4.44312,3.03089
6.76138e+06,0.00142105,1.69382,0.01683,4.45932,3.02602
6.76124e+06,0.00144528,1.69382,0.0168335,4.47545,3.02121
6.7611e+06,0.00146912,1.69382,0.016837,4.49153,3.01645
6.76096e+06,0.00149255,1.69382,0.0168406,4.50756,3.01175
6.76083e+06,0.00151558,1.69383,0.0168442,4.52354,3.00709
6.7607e+06,0.00153818,1.69383,0.0168478,4.53948,3.00248
6.76058e+06,0.00156036,1.69383,0.0168514,4.55537,2.9979
6.76046e+06,0.0015821,1.69383,0.0168551,4.57123,2.99337
6.76034e+06,0.00160339,1.69383,0.0168588,4.58706,2.98886
6.76023e+06,0.00162423,1.69383,0.0168625,4.60285,2.98439
6.76012e+06,0.00164461,1.69383,0.0168663,4.61862,2.97995
6.76001e+06,0.00166452,1.69383,0.01687,4.63436,2.97553
6.75992e+06,0.00168395,1.69383,0.0168738,4.65008,2.97113
6.75982e+06,0.0017029,1.69383,0.0168776,4.66578,2.96676
6.75973e+06,0.00172135,1.69384,0.0168814,4.68146,2.9624
6.75964e+06,0.00173931,1.69384,0.0168853,4.69712,2.95806
6.75956e+06,0.00175677,1.69384,0.0168891,4.71277,2.95373
6.75949e+06,0.00177372,1.69384,0.016893,4.72841,2.94941
6.75941e+06,0.00179015,1.69384,0.0168969,4.74404,2.9451
6.75935e+06,0.00180606,1.69384,0.0169008,4.75966,2.94081
6.75928e+06,0.00182145,1.69384,0.0169048,4.77527,2.93652
6.75922e+06,0.00183631,1.69384,0.0169087,4.79088,2.93223
6.75917e+06,0.00185063,1.69384,0.0169126,4.80648,2.92795
6.75912e+06,0.00186441,1.69384,0.0169166,4.82208,2.92367
6.75908e+06,0.00187764,1.69384,0.0169206,4.83768,2.91938
6.75904e+06,0.00189033,1.69384,0.0169245,4.85329,2.9151
6.759e+06,0.00190247,1.69384,0.0169285,4.86889,2.91082
6.75897e+06,0.00191405,1.69384,0.0169325,4.8845,2.90653
6.75895e+06,0.00192507,1.69384,0.0169365,4.90011,2.90224
6.75893e+06,0.00193554,1.69384,0.0169405,4.91573,2.89794
6.75892e+06,0.00194544,1.69384,0.0169445,4.93135,2.89363
6.75891e+06,0.00195477,1.69384,0.0169485,4.94699,2.88932
6.7589e+06,0.00196354,1.69384,0.0169525,4.96263,2.88499
6.7589e+06,0.00197174,1.69384,0.0169566,4.97829,2.88066
6.75891e+06,0.00197937,1.69384,0.0169606,4.99395,2.87631
6.75892e+06,0.00198643,1.69384,0.0169646,5.00963,2.87195
6.75893e+06,0.00199292,1.69384,0.0169686,5.02533,2.86758
6.75895e+06,0.00199883,1.69384,0.0169726,5.04104,2.86319
6.75897e+06,0.00200417,1.69384,0.0169766,5.05676,2.85878
6.759e+06,0.00200894,1.69384,0.0169806,5.07251,2.85435
6.75904e+06,0.00201314,1.69384,0.0169846,5.08827,2.84991
6.75908e+06,0.00201677,1.69384,0.0169885,5.10405,2.84545
6.75912e+06,0.00201982,1.69384,0.0169925,5.11985,2.84097
6.75917e+06,0.00202231,1.69384,0.0169965,5.13567,2.83646
6.75922e+06,0.00202423,1.69384,0.0170004,5.15151,2.83194
6.75928e+06,0.00202558,1.69384,0.0170043,5.16738,2.82739
6.75934e+06,0.00202637,1.69384,0.0170083,5.18327,2.82281
6.75941e+06,0.0020266,1.69384,0.0170122,5.19919,2.81821
6.75948e+06,0.00202626,1.69384,0.0170161,5.21514,2.81359
6.75956e+06,0.00202537,1.69384,0.01702,5.23111,2.80893
6.75964e+06,0.00202393,1.69384,0.0170238,5.24711,2.80425
6.75973e+06,0.00202194,1.69384,0.0170277,5.26314,2.79954
6.75982e+06,0.0020194,1.69383,0.0170315,5.27919,2.7948
6.75991e+06,0.00201632,1.69383,0.0170353,5.29528,2.79002
6.76001e+06,0.0020127,1.69383,0.0170391,5.31141,2.78522
6.76011e+06,0.00200855,1.69383,0.0170429,5.32756,2.78038
6.76022e+06,0.00200386,1.69383,0.0170466,5.34375,2.77551
6.76033e+06,0.00199865,1.69383,0.0170503,5.35998,2.7706
6.76045e+06,0.00199292,1.69383,0.017054,5.37624,2.76565
6.76057e+06,0.00198668,1.69383,0.0170577,5.39254,2.76067
6.76069e+06,0.00197993,1.69383,0.0170613,5.40888,2.75565
6.76082e+06,0.00197267,1.69383,0.0170649,5.42525,2.75059
6.76095e+06,0.00196492,1.69382,0.0170685,5.44167,2.74549
6.76109e+06,0.00195668,1.69382,0.0170721,5.45813,2.74034
6.76123e+06,0.00194795,1.69382,0.0170756,5.47463,2.73516
6.76137e+06,0.00193874,1.69382,0.0170791,5.49118,2.72993
6.76152e+06,0.00192907,1.69382,0.0170826,5.50777,2.72466
6.76167e+06,0.00191892,1.69382,0.0170861,5.5244,2.71934
6.76183e+06,0.00190833,1.69382,0.0170895,5.54108,2.71397
6.76198e+06,0.00189728,1.69381,0.0170929,5.55781,2.70856
6.76215e+06,0.00188579,1.69381,0.0170962,5.57459,2.70309
6.76231e+06,0.00187386,1.69381,0.0170995,5.59142,2.69758
6.76248e+06,0.00186151,1.69381,0.0171028,5.60831,2.69201
6.76265e+06,0.00184874,1.69381,0.017106,5.62524,2.68639
6.76282e+06,0.00183556,1.69381,0.0171092,5.64223,2.68072
6.763e+06,0.00182198,1.69381,0.0171124,5.65927,2.67499
6.76318e+06,0.00180801,1.6938,0.0171155,5.67637,2.66921
6.76336e+06,0.00179365,1.6938,0.0171186,5.69353,2.66336
6.76354e+06,0.00177892,1.6938,0.0171217,5.71074,2.65746
6.76373e+06,0.00176382,1.6938,0.0171247,5.72802,2.6515
6.76392e+06,0.00174836,1.6938,0.0171277,5.74536,2.64548
6.76411e+06,0.00173256,1.6938,0.0171306,5.76276,2.63939
6.76431e+06,0.00171641,1.69379,0.0171335,5.78022,2.63325
6.7645e+06,0.00169994,1.69379,0.0171364,5.79775,2.62703
6.7647e+06,0.00168315,1.69379,0.0171392,5.81535,2.62075
6.7649e+06,0.00166604,1.69379,0.0171419,5.83301,2.6144
6.7651e+06,0.00164864,1.69379,0.0171447,5.85074,2.60798
6.76531e+06,0.00163095,1.69378,0.0171474,5.86855,2.6015
6.76551e+06,0.00161297,1.69378,0.01715,5.88642,2.59493
6.76572e+06,0.00159473,1.69378,0.0171526,5.90437,2.5883
6.76593e+06,0.00157622,1.69378,0.0171552,5.92239,2.58159
6.76614e+06,0.00155746,1.69378,0.0171577,5.94049,2.5748
6.76635e+06,0.00153847,1.69377,0.0171601,5.95867,2.56794
6.76656e+06,0.00151924,1.69377,0.0171626,5.97693,2.561
6.76677e+06,0.00149979,1.69377,0.0171649,5.99527,2.55397
6.76699e+06,0.00148013,1.69377,0.0171673,6.01369,2.54687
6.7672e+06,0.00146028,1.69377,0.0171696,6.03219,2.53968
6.76742e+06,0.00144023,1.69377,0.0171718,6.05078,2.5324
6.76763e+06,0.00142,1.69376,0.017174,6.06946,2.52504
6.76785e+06,0.00139961,1.69376,0.0171762,6.08822,2.51759
6.76806e+06,0.00137905,1.69376,0.0171783,6.10708,2.51005
6.76828e+06,0.00135835,1.69376,0.0171803,6.12602,2.50242
6.7685e+06,0.00133751,1.69376,0.0171824,6.14506,2.49469
6.76871e+06,0.00131654,1.69375,0.0171843,6.1642,2.48687
6.76893e+06,0.00129544,1.69375,0.0171863,6.18343,2.47896
6.76915e+06,0.00127425,1.69375,0.0171882,6.20275,2.47094
6.76936e+06,0.00125295,1.69375,0.01719,6.22218,2.46283
6.76958e+06,0.00123156,1.69375,0.0171918,6.24171,2.45462
6.7698e+06,0.00121009,1.69374,0.0171935,6.26133,2.4463
6.77001e+06,0.00118856,1.69374,0.0171952,6.28107,2.43788
6.77022e+06,0.00116696,1.69374,0.0171969,0.0177188,2.42936
6.77044e+06,0.00114531,1.69374,0.0171985,0.0376626,2.42073
6.77065e+06,0.00112362,1.69374,0.0172001,0.0577143,2.41199
6.77086e+06,0.0011019,1.69373,0.0172016,0.0778752,2.40314
6.77107e+06,0.00108015,1.69373,0.0172031,0.0981467,2.39419
6.77128e+06,0.00105839,1.69373,0.0172045,0.11853,2.38512
6.77148e+06,0.00103662,1.69373,0.0172059,0.139026,2.37593
6.77169e+06,0.00101485,1.69373,0.0172073,0.159637,2.36664
6.77189e+06,0.000993095,1.69372,0.0172086,0.180363,2.35722
6.7721e+06,0.000971358,1.69372,0.0172099,0.201205,2.3477
6.7723e+06,0.000949647,1.69372,0.0172111,0.222165,2.33805
6.77249e+06,0.000927971,1.69372,0.0172123,0.243243,2.32829
6.77269e+06,0.000906336,1.69372,0.0172134,0.264439,2.3184
6.77288e+06,0.00088475,1.69372,0.0172145,0.285756,2.3084
6.77308e+06,0.00086322,1.69371,0.0172156,0.307192,2.29828
6.77326e+06,0.000841753,1.69371,0.0172166,0.328748,2.28803
6.77345e+06,0.000820355,1.69371,0.0172176,0.350425,2.27767
6.77364e+06,0.000799034,1.69371,0.0172185,0.372223,2.26719
6.77382e+06,0.000777793,1.69371,0.0172194,0.39414,2.25658
6.774e+06,0.000756641,1.6937,0.0172203,0.416178,2.24586
6.77417e+06,0.000735581,1.6937,0.0172211,0.438334,2.23502
6.77435e+06,0.00071462,1.6937,0.0172219,0.460609,2.22405
6.77452e+06,0.000693761,1.6937,0.0172227,0.483001,2.21298
6.77468e+06,0.00067301,1.6937,0.0172234,0.505508,2.20178
6.77485e+06,0.000652371,1.6937,0.0172241,0.528128,2.19048
6.77501e+06,0.000631848,1.6937,0.0172247,0.550859,2.17906
6.77517e+06,0.000611445,1.69369,0.0172254,0.573697,2.16753
6.77532e+06,0.000591164,1.69369,0.017226,0.59664,2.1559
6.77547e+06,0.000571009,1.69369,0.0172265,0.619684,2.14417
6.77562e+06,0.000550982,1.69369,0.017227,0.642822,2.13235
6.77576e+06,0.000531086,1.69369,0.0172275,0.66605,2.12043
6.7759e+06,0.000511322,1.69369,0.017228,0.689362,2.10844
6.77604e+06,0.000491693,1.69369,0.0172285,0.712749,2.09636
6.77617e+06,0.000472199,1.69369,0.0172289,0.736202,2.08422
6.7763e+06,0.000452841,1.69368,0.0172292,0.759711,2.07203
6.77642e+06,0.00043362,1.69368,0.0172296,0.783265,2.05979
6.77654e+06,0.000414536,1.69368,0.0172299,0.806848,2.04752
6.77666e+06,0.000395589,1.69368,0.0172302,0.830443,2.03523
6.77677e+06,0.000376778,1.69368,0.0172305,0.854032,2.02296
6.77688e+06,0.000358102,1.69368,0.0172308,0.87759,2.01071
6.77698e+06,0.000339561,1.69368,0.017231,0.901089,1.99853
6.77708e+06,0.000321152,1.69368,0.0172313,0.924495,1.98644
6.77717e+06,0.000302874,1.69368,0.0172314,0.947766,1.97448
6.77726e+06,0.000284724,1.69368,0.0172316,0.970852,1.96271
6.77735e+06,0.000266701,1.69367,0.0172318,0.993688,1.95118
6.77743e+06,0.000248802,1.69367,0.0172319,1.01619,1.93999
6.7775e+06,0.000231024,1.69367,0.0172321,1.03826,1.92924
6.77758e+06,0.000213364,1.69367,0.0172322,1.05976,1.91905
6.77764e+06,0.00019582,1.69367,0.0172323,1.08051,1.90962
6.77771e+06,0.000178388,1.69367,0.0172324,1.10025,1.90119
6.77776e+06,0.000161066,1.69367,0.0172324,1.11864,1.89411
6.77782e+06,0.000143854,1.69367,0.0172325,1.13516,1.88891
6.77786e+06,0.000126751,1.69367,0.0172325,1.14901,1.88637
6.77791e+06,0.00010976,1.69367,0.0172326,1.15895,1.88774
6.77795e+06,9.28921e-05,1.69367,0.0172326,1.16283,1.89518
6.77798e+06,7.61686e-05,1.69367,0.0172326,1.15664,1.91268
6.77801e+06,5.9643e-05,1.69367,0.0172327,1.13208,1.94856
6.77803e+06,4.34577e-05,1.69367,0.0172327,1.06876,2.02319
6.77805e+06,2.80898e-05,1.69367,0.0172327,0.903298,2.19996
6.77807e+06,1.59104e-05,1.69367,0.0172327,0.381439,2.73313
6.77808e+06,1.66194e-05,1.69367,0.0172327,5.6156,3.79348
6.77808e+06,2.92314e-05,1.69367,0.0172327,5.14459,4.2758
6.77808e+06,4.45545e-05,1.69367,0.0172327,4.99316,4.43854
6.77807e+06,6.0549e-05,1.69367,0.0172327,4.93481,4.50821
6.77806e+06,7.679e-05,1.69367,0.0172327,4.91264,4.54169
6.77805e+06,9.31483e-05,1.69367,0.0172327,4.90793,4.55771
6.77803e+06,0.000109575,1.69367,0.0172327,4.9129,4.56406
6.778e+06,0.000126051,1.69367,0.0172327,4.92377,4.5645
6.77797e+06,0.000142568,1.69367,0.0172327,4.9385,4.56108
6.77794e+06,0.000159124,1.69367,0.0172328,4.95587,4.55502
6.7779e+06,0.000175721,1.69367,0.0172328,4.97513,4.54707
6.77785e+06,0.000192362,1.69367,0.0172328,4.99578,4.53774
6.77781e+06,0.000209051,1.69367,0.0172329,5.01748,4.52736
6.77775e+06,0.000225793,1.69367,0.0172329,5.03997,4.51618
6.77769e+06,0.000242592,1.69367,0.017233,5.06307,4.50439
6.77763e+06,0.000259452,1.69367,0.0172331,5.08666,4.49211
6.77756e+06,0.00027638,1.69367,0.0172332,5.11063,4.47946
6.77749e+06,0.00029338,1.69367,0.0172333,5.1349,4.46651
6.77741e+06,0.000310457,1.69367,0.0172335,5.15939,4.45332
6.77733e+06,0.000327615,1.69367,0.0172336,5.18407,4.43996
6.77724e+06,0.000344858,1.69368,0.0172338,5.20888,4.42647
6.77715e+06,0.00036219,1.69368,0.0172339,5.23378,4.41288
6.77706e+06,0.000379616,1.69368,0.0172342,5.25876,4.39921
6.77696e+06,0.000397138,1.69368,0.0172344,5.28378,4.38551
6.77685e+06,0.00041476,1.69368,0.0172346,5.30881,4.37179
6.77674e+06,0.000432485,1.69368,0.0172349,5.33385,4.35807
6.77663e+06,0.000450316,1.69368,0.0172352,5.35887,4.34436
6.77651e+06,0.000468253,1.69368,0.0172355,5.38386,4.33068
6.77639e+06,0.0004863,1.69368,0.0172358,5.4088,4.31705
6.77627e+06,0.000504457,1.69368,0.0172362,5.43369,4.30347
6.77614e+06,0.000522726,1.69369,0.0172366,5.45852,4.28996
6.77601e+06,0.000541108,1.69369,0.017237,5.48327,4.27653
6.77587e+06,0.000559603,1.69369,0.0172374,5.50794,4.26317
6.77573e+06,0.00057821,1.69369,0.0172379,5.53252,4.2499
6.77559e+06,0.00059693,1.69369,0.0172384,5.55701,4.23673
6.77544e+06,0.000615762,1.69369,0.017239,5.58139,4.22366
6.77529e+06,0.000634704,1.69369,0.0172395,5.60567,4.2107
6.77513e+06,0.000653755,1.69369,0.0172401,5.62984,4.19784
6.77497e+06,0.000672914,1.6937,0.0172407,5.65389,4.1851
6.77481e+06,0.000692178,1.6937,0.0172414,5.67783,4.17248
6.77465e+06,0.000711544,1.6937,0.0172421,5.70165,4.15998
